,Acinetobacter,Actinomyces,Akkermansia,Alistipes,Anaerococcus,Anaerostipes,Atopobium,Bacteroides,Bifidobacterium,Bilophila,Blautia,Butyricicoccus,Clostridioides,Clostridium_sensu_stricto_1,Collinsella,Coprobacillus,Corynebacterium,Cutibacterium,Eggerthella,Eisenbergiella,Enterobacter,Enterococcus,Epulopiscium,Erysipelatoclostridium,Escherichia-Shigella,Faecalibacterium,Finegoldia,Flavonifractor,Fusicatenibacter,Gemella,Gordonibacter,Haemophilus,Hungatella,Intestinibacter,Klebsiella,Lachnoclostridium,Lacticaseibacillus,Lactobacillus,Lactococcus,Ligilactobacillus,Megasphaera,Negativicoccus,Neisseria,Odoribacter,Parabacteroides,Peptoniphilus,Peptostreptococcus,Proteus,Pseudomonas,Romboutsia,Rothia,Scardovia,Sellimonas,Senegalimassilia,Serratia,Solobacterium,Staphylococcus,Streptococcus,Terrisporobacter,Tyzzerella,UBA1819,Varibaculum,Veillonella,[Clostridium]_innocuum_group,[Eubacterium]_fissicatena_group,[Ruminococcus]_gnavus_group,[Ruminococcus]_torques_group
BQLHLP100GUT,-2.304108955874285,-2.304108955874285,-2.304108955874285,-2.304108955874285,-2.304108955874285,-2.304108955874285,2.3121452551490114,9.405536531515242,12.355363461808045,5.634767435464099,-2.304108955874285,-2.304108955874285,-2.304108955874285,-2.304108955874285,9.973105742770471,-2.304108955874285,-2.304108955874285,-2.304108955874285,6.253642042505831,-2.304108955874285,-2.304108955874285,7.722785450197009,-2.304108955874285,-2.304108955874285,8.702480292206983,-2.304108955874285,-2.304108955874285,3.404142531611634,-2.304108955874285,-2.304108955874285,-2.304108955874285,5.73651561882952,-2.304108955874285,-2.304108955874285,-2.304108955874285,-2.304108955874285,5.193132778529509,5.075419066973856,-2.304108955874285,-2.304108955874285,-2.304108955874285,-2.304108955874285,-2.304108955874285,-2.304108955874285,6.429501732565424,3.404142531611634,-2.304108955874285,-2.304108955874285,-2.304108955874285,-2.304108955874285,3.690994642275104,-2.304108955874285,-2.304108955874285,-2.304108955874285,-2.304108955874285,-2.304108955874285,6.1090906878065985,7.807578393745062,-2.304108955874285,-2.304108955874285,-2.304108955874285,-2.304108955874285,3.690994642275104,-2.304108955874285,-2.304108955874285,-2.304108955874285,-2.304108955874285
BQLHLP101GUT,-3.6134041088956304,4.967612088486744,-3.6134041088956304,-3.6134041088956304,-3.6134041088956304,5.938274438207443,-3.6134041088956304,-3.6134041088956304,9.397767166848233,-3.6134041088956304,7.658002055336662,1.7532293754272805,6.93596062811609,7.22293759378784,-3.6134041088956304,-3.6134041088956304,-3.6134041088956304,-3.6134041088956304,6.619957789918659,-3.6134041088956304,7.2312882094172215,6.572892011623207,5.006825584913711,8.43066308860627,9.710269063106814,5.025870375750143,2.4440389128675655,5.72831795785363,-3.6134041088956304,-3.6134041088956304,-3.6134041088956304,-3.6134041088956304,5.229933051815115,-3.6134041088956304,-3.6134041088956304,8.086267203942214,-3.6134041088956304,-3.6134041088956304,-3.6134041088956304,-3.6134041088956304,-3.6134041088956304,-3.6134041088956304,-3.6134041088956304,-3.6134041088956304,-3.6134041088956304,-3.6134041088956304,-3.6134041088956304,-3.6134041088956304,-3.6134041088956304,-3.6134041088956304,3.3589244313691364,-3.6134041088956304,-3.6134041088956304,-3.6134041088956304,-3.6134041088956304,2.6667142790927145,-3.6134041088956304,5.598796032693636,-3.6134041088956304,4.274652524532805,-3.6134041088956304,-3.6134041088956304,-3.6134041088956304,7.4688757710344085,4.191303540975821,10.243599397893048,-3.6134041088956304
BQLHLP103GUT,-2.3399876303584337,5.925264860109091,-2.3399876303584337,-2.3399876303584337,-2.3399876303584337,-2.3399876303584337,-2.3399876303584337,3.389288371813955,12.024559706083087,3.89881337855952,8.107533314225392,-2.3399876303584337,-2.3399876303584337,-2.3399876303584337,11.121759761761687,4.773142686719603,-2.3399876303584337,-2.3399876303584337,-2.3399876303584337,-2.3399876303584337,-2.3399876303584337,10.003440988276742,-2.3399876303584337,-2.3399876303584337,7.271094969547026,-2.3399876303584337,-2.3399876303584337,2.2971539145418554,6.348032981493087,-2.3399876303584337,-2.3399876303584337,-2.3399876303584337,-2.3399876303584337,-2.3399876303584337,8.22498337299957,2.2971539145418554,-2.3399876303584337,-2.3399876303584337,6.694259872581358,-2.3399876303584337,-2.3399876303584337,-2.3399876303584337,-2.3399876303584337,-2.3399876303584337,3.6761577568843617,-2.3399876303584337,-2.3399876303584337,-2.3399876303584337,-2.3399876303584337,-2.3399876303584337,-2.3399876303584337,-2.3399876303584337,-2.3399876303584337,6.477224277199682,-2.3399876303584337,-2.3399876303584337,-2.3399876303584337,4.773142686719603,-2.3399876303584337,-2.3399876303584337,-2.3399876303584337,-2.3399876303584337,-2.3399876303584337,-2.3399876303584337,-2.3399876303584337,7.356387073506123,-2.3399876303584337
BQLHLP104GUT,2.9589824163175975,3.6501647644350146,-2.581200966761352,-2.581200966761352,-2.581200966761352,-2.581200966761352,-2.581200966761352,3.3631380651761797,8.963871752393706,-2.581200966761352,-2.581200966761352,-2.581200966761352,5.152711284691502,-2.581200966761352,-2.581200966761352,-2.581200966761352,3.3631380651761797,-2.581200966761352,5.696143150966846,-2.581200966761352,7.391847058901386,7.074150141869835,-2.581200966761352,-2.581200966761352,11.810570293797445,-2.581200966761352,-2.581200966761352,-2.581200966761352,-2.581200966761352,-2.581200966761352,-2.581200966761352,-2.581200966761352,-2.581200966761352,-2.581200966761352,10.534218864597985,4.827457227109435,-2.581200966761352,-2.581200966761352,-2.581200966761352,-2.581200966761352,-2.581200966761352,-2.581200966761352,-2.581200966761352,-2.581200966761352,3.3631380651761797,-2.581200966761352,-2.581200966761352,-2.581200966761352,-2.581200966761352,-2.581200966761352,3.3631380651761797,-2.581200966761352,-2.581200966761352,-2.581200966761352,-2.581200966761352,-2.581200966761352,-2.581200966761352,9.804649425361163,-2.581200966761352,3.872914885567591,6.7393280877063475,-2.581200966761352,7.5702084219141454,8.857692985131205,-2.581200966761352,-2.581200966761352,2.9589824163175975
BQLHLP105GUT,-1.5142782030815587,6.444990262530642,-1.5142782030815587,-1.5142782030815587,-1.5142782030815587,-1.5142782030815587,4.214305548693807,-1.5142782030815587,13.074240373651081,-1.5142782030815587,-1.5142782030815587,-1.5142782030815587,-1.5142782030815587,7.255726343999363,-1.5142782030815587,-1.5142782030815587,-1.5142782030815587,-1.5142782030815587,-1.5142782030815587,-1.5142782030815587,-1.5142782030815587,8.95019526255154,-1.5142782030815587,-1.5142782030815587,-1.5142782030815587,-1.5142782030815587,-1.5142782030815587,-1.5142782030815587,-1.5142782030815587,5.310747698206434,-1.5142782030815587,-1.5142782030815587,-1.5142782030815587,-1.5142782030815587,8.923606577196677,-1.5142782030815587,-1.5142782030815587,-1.5142782030815587,-1.5142782030815587,-1.5142782030815587,-1.5142782030815587,-1.5142782030815587,-1.5142782030815587,-1.5142782030815587,-1.5142782030815587,-1.5142782030815587,-1.5142782030815587,-1.5142782030815587,-1.5142782030815587,-1.5142782030815587,6.408635559336345,-1.5142782030815587,-1.5142782030815587,-1.5142782030815587,-1.5142782030815587,-1.5142782030815587,6.850338894312896,11.688654659718592,-1.5142782030815587,-1.5142782030815587,-1.5142782030815587,-1.5142782030815587,5.678138192370307,-1.5142782030815587,-1.5142782030815587,-1.5142782030815587,-1.5142782030815587
BQLHLP106GUT,-2.2686156378515774,6.041830863941413,6.479998524087275,3.4545922962349542,-2.2686156378515774,-2.2686156378515774,-2.2686156378515774,8.774343712706205,12.038286325163849,-2.2686156378515774,-2.2686156378515774,-2.2686156378515774,-2.2686156378515774,-2.2686156378515774,11.241601471767597,-2.2686156378515774,-2.2686156378515774,-2.2686156378515774,-2.2686156378515774,-2.2686156378515774,-2.2686156378515774,2.362497138188951,-2.2686156378515774,-2.2686156378515774,8.66988789331218,-2.2686156378515774,-2.2686156378515774,-2.2686156378515774,-2.2686156378515774,-2.2686156378515774,-2.2686156378515774,-2.2686156378515774,-2.2686156378515774,-2.2686156378515774,-2.2686156378515774,-2.2686156378515774,9.708991605292644,-2.2686156378515774,-2.2686156378515774,9.120059893689769,-2.2686156378515774,-2.2686156378515774,-2.2686156378515774,-2.2686156378515774,7.427940757391606,-2.2686156378515774,-2.2686156378515774,-2.2686156378515774,-2.2686156378515774,-2.2686156378515774,3.741456732847784,-2.2686156378515774,-2.2686156378515774,-2.2686156378515774,-2.2686156378515774,-2.2686156378515774,-2.2686156378515774,6.783639377691648,-2.2686156378515774,6.572357842848588,6.9777747225160685,-2.2686156378515774,-2.2686156378515774,6.3041383727501525,-2.2686156378515774,-2.2686156378515774,-2.2686156378515774
BQLHLP107GUT,6.4817721911106325,-1.608527771797152,-1.608527771797152,-1.608527771797152,-1.608527771797152,-1.608527771797152,-1.608527771797152,-1.608527771797152,13.094850276237269,-1.608527771797152,-1.608527771797152,-1.608527771797152,-1.608527771797152,-1.608527771797152,-1.608527771797152,-1.608527771797152,-1.608527771797152,-1.608527771797152,-1.608527771797152,-1.608527771797152,7.524923254407033,6.4817721911106325,-1.608527771797152,-1.608527771797152,-1.608527771797152,-1.608527771797152,-1.608527771797152,-1.608527771797152,-1.608527771797152,4.994745433543258,-1.608527771797152,4.994745433543258,-1.608527771797152,-1.608527771797152,10.371315277379606,-1.608527771797152,10.482922068922097,-1.608527771797152,-1.608527771797152,-1.608527771797152,-1.608527771797152,-1.608527771797152,5.446237372944332,-1.608527771797152,-1.608527771797152,-1.608527771797152,-1.608527771797152,-1.608527771797152,-1.608527771797152,-1.608527771797152,5.992417524619494,-1.608527771797152,-1.608527771797152,-1.608527771797152,-1.608527771797152,-1.608527771797152,5.351013517959954,7.252312907066365,-1.608527771797152,-1.608527771797152,-1.608527771797152,-1.608527771797152,-1.608527771797152,-1.608527771797152,-1.608527771797152,-1.608527771797152,-1.608527771797152
BQLHLP108GUT,-1.7566663284688342,-1.7566663284688342,-1.7566663284688342,-1.7566663284688342,-1.7566663284688342,-1.7566663284688342,-1.7566663284688342,-1.7566663284688342,10.425580610290908,-1.7566663284688342,-1.7566663284688342,-1.7566663284688342,-1.7566663284688342,8.016437626554872,-1.7566663284688342,-1.7566663284688342,-1.7566663284688342,5.485669890353481,7.490383965987701,-1.7566663284688342,9.13004953294567,12.270542450460686,-1.7566663284688342,-1.7566663284688342,-1.7566663284688342,-1.7566663284688342,-1.7566663284688342,-1.7566663284688342,-1.7566663284688342,-1.7566663284688342,-1.7566663284688342,-1.7566663284688342,-1.7566663284688342,-1.7566663284688342,-1.7566663284688342,-1.7566663284688342,8.444355758662894,-1.7566663284688342,-1.7566663284688342,-1.7566663284688342,-1.7566663284688342,-1.7566663284688342,-1.7566663284688342,-1.7566663284688342,-1.7566663284688342,-1.7566663284688342,-1.7566663284688342,-1.7566663284688342,-1.7566663284688342,-1.7566663284688342,6.797333176353669,-1.7566663284688342,-1.7566663284688342,-1.7566663284688342,-1.7566663284688342,-1.7566663284688342,9.115011938991264,12.199298750408705,-1.7566663284688342,-1.7566663284688342,-1.7566663284688342,-1.7566663284688342,8.998650693245153,-1.7566663284688342,-1.7566663284688342,-1.7566663284688342,-1.7566663284688342
BQLHLP109GUT,-2.041221201826347,2.7503437939663162,-2.041221201826347,-2.041221201826347,-2.041221201826347,-2.041221201826347,-2.041221201826347,-2.041221201826347,-2.041221201826347,-2.041221201826347,-2.041221201826347,-2.041221201826347,-2.041221201826347,9.94913476309311,-2.041221201826347,-2.041221201826347,5.515121345859355,7.504255164548932,-2.041221201826347,-2.041221201826347,9.37665405817491,8.871078145939045,-2.041221201826347,-2.041221201826347,-2.041221201826347,-2.041221201826347,4.940163727941228,-2.041221201826347,-2.041221201826347,6.654200072855419,-2.041221201826347,9.578277969517481,-2.041221201826347,-2.041221201826347,11.113022321597477,-2.041221201826347,-2.041221201826347,-2.041221201826347,-2.041221201826347,-2.041221201826347,-2.041221201826347,-2.041221201826347,5.515121345859355,-2.041221201826347,-2.041221201826347,-2.041221201826347,-2.041221201826347,-2.041221201826347,-2.041221201826347,-2.041221201826347,-2.041221201826347,-2.041221201826347,-2.041221201826347,-2.041221201826347,-2.041221201826347,-2.041221201826347,8.089157085016783,12.366973673822663,-2.041221201826347,-2.041221201826347,-2.041221201826347,-2.041221201826347,5.961220228604511,-2.041221201826347,-2.041221201826347,-2.041221201826347,-2.041221201826347
BQLHLP110GUT,-2.6795279707415753,5.1022446675667,8.568934012301535,5.144786895507411,-2.6795279707415753,-2.6795279707415753,-2.6795279707415753,-2.6795279707415753,11.88672739732631,-2.6795279707415753,10.101389815284458,-2.6795279707415753,-2.6795279707415753,2.6642694163968335,-2.6795279707415753,-2.6795279707415753,-2.6795279707415753,-2.6795279707415753,6.409097298806076,-2.6795279707415753,5.333959945791005,8.361610719508539,3.068140690537041,7.608274210084421,7.604721929639682,-2.6795279707415753,1.9758885523495324,4.45203952748408,-2.6795279707415753,-2.6795279707415753,-2.6795279707415753,-2.6795279707415753,-2.6795279707415753,-2.6795279707415753,-2.6795279707415753,-2.6795279707415753,-2.6795279707415753,-2.6795279707415753,-2.6795279707415753,-2.6795279707415753,-2.6795279707415753,-2.6795279707415753,-2.6795279707415753,1.9758885523495324,-2.6795279707415753,-2.6795279707415753,-2.6795279707415753,-2.6795279707415753,-2.6795279707415753,-2.6795279707415753,-2.6795279707415753,-2.6795279707415753,-2.6795279707415753,-2.6795279707415753,-2.6795279707415753,-2.6795279707415753,4.164623907945389,8.386343657963058,3.3550248923765076,3.3550248923765076,-2.6795279707415753,-2.6795279707415753,-2.6795279707415753,-2.6795279707415753,-2.6795279707415753,7.765454841469788,5.973840831047974
BQLHLP111GUT,-2.8885546975574306,6.521076147087587,-2.8885546975574306,-2.8885546975574306,-2.8885546975574306,-2.8885546975574306,6.915525426412477,-2.8885546975574306,6.679887700689203,-2.8885546975574306,11.310056442532318,-2.8885546975574306,-2.8885546975574306,-2.8885546975574306,-2.8885546975574306,-2.8885546975574306,2.8189120584796625,2.8189120584796625,7.0641282994135235,-2.8885546975574306,2.415106110698887,8.11890694221778,-2.8885546975574306,7.440590937281256,7.993635447246178,-2.8885546975574306,-2.8885546975574306,-2.8885546975574306,-2.8885546975574306,4.202712506137816,-2.8885546975574306,2.415106110698887,8.095416323175371,-2.8885546975574306,5.64899478963859,-2.8885546975574306,10.707291361468414,-2.8885546975574306,-2.8885546975574306,-2.8885546975574306,-2.8885546975574306,-2.8885546975574306,-2.8885546975574306,-2.8885546975574306,-2.8885546975574306,-2.8885546975574306,-2.8885546975574306,-2.8885546975574306,-2.8885546975574306,-2.8885546975574306,7.238474070568905,-2.8885546975574306,-2.8885546975574306,-2.8885546975574306,-2.8885546975574306,-2.8885546975574306,5.608997453764287,9.41409902478502,-2.8885546975574306,2.415106110698887,-2.8885546975574306,2.415106110698887,-2.8885546975574306,-2.8885546975574306,-2.8885546975574306,1.7269199579108447,-2.8885546975574306
BQLHLP112GUT,-3.7448646021123357,2.8806361386060084,-3.7448646021123357,-3.7448646021123357,-3.7448646021123357,5.896308622382588,-3.7448646021123357,9.263782803475705,9.842770654383045,-3.7448646021123357,7.194908416236603,-3.7448646021123357,4.111840046123983,5.422139797310126,-3.7448646021123357,-3.7448646021123357,-3.7448646021123357,-3.7448646021123357,5.210194203106317,3.929595915844315,4.460032866979754,5.3155418104306005,3.131655830962248,4.671289899910673,8.925670778895121,-3.7448646021123357,-3.7448646021123357,2.726706453728293,-3.7448646021123357,-3.7448646021123357,-3.7448646021123357,0.9426511992950793,6.027206217835775,2.8806361386060084,-3.7448646021123357,5.989704001565281,4.694815251635797,-3.7448646021123357,-3.7448646021123357,-3.7448646021123357,3.2369131685201493,-3.7448646021123357,-3.7448646021123357,-3.7448646021123357,-3.7448646021123357,-3.7448646021123357,-3.7448646021123357,2.035104871838813,-3.7448646021123357,-3.7448646021123357,-3.7448646021123357,-3.7448646021123357,-3.7448646021123357,-3.7448646021123357,-3.7448646021123357,-3.7448646021123357,-3.7448646021123357,10.023379056963424,-3.7448646021123357,6.805542965881696,3.014001752962029,-3.7448646021123357,5.548611536951918,4.399425327001864,-3.7448646021123357,7.468653754947986,-3.7448646021123357
BQLHLP113GUT,-2.8985779694648395,5.564941639727904,9.484284939956034,-2.8985779694648395,-2.8985779694648395,-2.8985779694648395,-2.8985779694648395,-2.8985779694648395,11.45600699257308,4.977323782997594,-2.8985779694648395,-2.8985779694648395,4.893975198411507,6.373282654315033,-2.8985779694648395,6.633337926078887,2.455953171451309,-2.8985779694648395,6.814374401687281,-2.8985779694648395,9.013666081707981,10.001353120936114,-2.8985779694648395,-2.8985779694648395,8.271312302857304,-2.8985779694648395,-2.8985779694648395,2.455953171451309,-2.8985779694648395,4.061602568412903,-2.8985779694648395,-2.8985779694648395,5.801285989852409,-2.8985779694648395,8.805593580346697,6.755344548837013,-2.8985779694648395,-2.8985779694648395,-2.8985779694648395,-2.8985779694648395,-2.8985779694648395,-2.8985779694648395,-2.8985779694648395,-2.8985779694648395,-2.8985779694648395,-2.8985779694648395,-2.8985779694648395,-2.8985779694648395,-2.8985779694648395,-2.8985779694648395,-2.8985779694648395,-2.8985779694648395,-2.8985779694648395,-2.8985779694648395,-2.8985779694648395,2.455953171451309,-2.8985779694648395,6.6101725660284245,-2.8985779694648395,-2.8985779694648395,-2.8985779694648395,-2.8985779694648395,3.8386962202743273,6.6101725660284245,-2.8985779694648395,-2.8985779694648395,-2.8985779694648395
BQLHLP114GUT,-2.8178353772277616,5.781486353141763,-2.8178353772277616,-2.8178353772277616,-2.8178353772277616,6.667591335635474,-2.8178353772277616,-2.8178353772277616,11.636109212292467,-2.8178353772277616,9.470186166179548,-2.8178353772277616,5.159956943530533,4.095897686321877,-2.8178353772277616,-2.8178353772277616,-2.8178353772277616,-2.8178353772277616,7.61539339267736,-2.8178353772277616,5.553749549946649,9.09009307822985,-2.8178353772277616,-2.8178353772277616,8.253801782458792,-2.8178353772277616,-2.8178353772277616,4.6261165429860736,-2.8178353772277616,3.9906476134591133,4.278053556049348,-2.8178353772277616,-2.8178353772277616,-2.8178353772277616,3.739648668826528,6.979759451411748,-2.8178353772277616,-2.8178353772277616,-2.8178353772277616,-2.8178353772277616,-2.8178353772277616,-2.8178353772277616,-2.8178353772277616,-2.8178353772277616,9.337184389460536,-2.8178353772277616,-2.8178353772277616,-2.8178353772277616,-2.8178353772277616,-2.8178353772277616,-2.8178353772277616,-2.8178353772277616,-2.8178353772277616,-2.8178353772277616,-2.8178353772277616,-2.8178353772277616,-2.8178353772277616,6.397587742848103,-2.8178353772277616,-2.8178353772277616,-2.8178353772277616,-2.8178353772277616,3.4037440520781272,7.1489512678031755,-2.8178353772277616,9.21230394436791,-2.8178353772277616
BQLHLP115GUT,-2.5945959028940324,-2.5945959028940324,-2.5945959028940324,-2.5945959028940324,-2.5945959028940324,-2.5945959028940324,-2.5945959028940324,-2.5945959028940324,11.959608853221718,-2.5945959028940324,-2.5945959028940324,-2.5945959028940324,-2.5945959028940324,5.102214170041213,-2.5945959028940324,-2.5945959028940324,3.9580548364806125,5.53737189645336,5.229993027188225,-2.5945959028940324,7.666744109736404,7.891278254470174,-2.5945959028940324,-2.5945959028940324,9.673189855468404,-2.5945959028940324,-2.5945959028940324,-2.5945959028940324,-2.5945959028940324,6.328338758405554,-2.5945959028940324,-2.5945959028940324,-2.5945959028940324,-2.5945959028940324,7.343484433861442,-2.5945959028940324,6.543424338369009,-2.5945959028940324,-2.5945959028940324,-2.5945959028940324,-2.5945959028940324,-2.5945959028940324,-2.5945959028940324,-2.5945959028940324,-2.5945959028940324,-2.5945959028940324,-2.5945959028940324,-2.5945959028940324,-2.5945959028940324,-2.5945959028940324,3.1126569430185214,-2.5945959028940324,-2.5945959028940324,-2.5945959028940324,-2.5945959028940324,-2.5945959028940324,6.930771244918742,10.13960043017634,-2.5945959028940324,5.343278877696626,-2.5945959028940324,3.6221529690697274,6.908631752852135,4.844518661806719,-2.5945959028940324,6.405289925678848,-2.5945959028940324
BQLHLP116GUT,-2.0354869302659795,7.852958779947793,-2.0354869302659795,-2.0354869302659795,-2.0354869302659795,-2.0354869302659795,-2.0354869302659795,10.547683150017642,12.434213312027989,-2.0354869302659795,-2.0354869302659795,-2.0354869302659795,-2.0354869302659795,-2.0354869302659795,10.57582382540165,-2.0354869302659795,-2.0354869302659795,-2.0354869302659795,-2.0354869302659795,-2.0354869302659795,-2.0354869302659795,4.5690646610957035,-2.0354869302659795,6.406204746181886,8.955095892036379,-2.0354869302659795,-2.0354869302659795,-2.0354869302659795,-2.0354869302659795,-2.0354869302659795,-2.0354869302659795,-2.0354869302659795,-2.0354869302659795,5.107496756636681,-2.0354869302659795,-2.0354869302659795,-2.0354869302659795,-2.0354869302659795,-2.0354869302659795,-2.0354869302659795,-2.0354869302659795,-2.0354869302659795,-2.0354869302659795,-2.0354869302659795,-2.0354869302659795,-2.0354869302659795,-2.0354869302659795,-2.0354869302659795,-2.0354869302659795,-2.0354869302659795,4.415139654180423,-2.0354869302659795,-2.0354869302659795,5.566737847183776,-2.0354869302659795,-2.0354869302659795,6.534012235160144,9.949586179083315,-2.0354869302659795,7.417668394366882,-2.0354869302659795,-2.0354869302659795,7.549121870776942,-2.0354869302659795,-2.0354869302659795,-2.0354869302659795,-2.0354869302659795
BQLHLP117GUT,-1.8118455778666689,-1.8118455778666689,-1.8118455778666689,-1.8118455778666689,-1.8118455778666689,-1.8118455778666689,-1.8118455778666689,8.102464622449533,12.8885863108146,-1.8118455778666689,-1.8118455778666689,-1.8118455778666689,-1.8118455778666689,-1.8118455778666689,-1.8118455778666689,-1.8118455778666689,-1.8118455778666689,-1.8118455778666689,-1.8118455778666689,-1.8118455778666689,-1.8118455778666689,5.433918235296783,-1.8118455778666689,-1.8118455778666689,-1.8118455778666689,-1.8118455778666689,-1.8118455778666689,-1.8118455778666689,-1.8118455778666689,6.457965274710941,-1.8118455778666689,4.587570842007768,-1.8118455778666689,-1.8118455778666689,10.434275438461468,-1.8118455778666689,7.248610934972906,7.4386344313243535,-1.8118455778666689,-1.8118455778666689,-1.8118455778666689,-1.8118455778666689,-1.8118455778666689,-1.8118455778666689,6.665556613260874,-1.8118455778666689,-1.8118455778666689,-1.8118455778666689,-1.8118455778666689,-1.8118455778666689,-1.8118455778666689,3.8960848081872625,-1.8118455778666689,-1.8118455778666689,-1.8118455778666689,-1.8118455778666689,6.457965274710941,9.120314809408695,-1.8118455778666689,-1.8118455778666689,-1.8118455778666689,-1.8118455778666689,9.107713609194397,-1.8118455778666689,-1.8118455778666689,-1.8118455778666689,-1.8118455778666689
BQLHLP118GUT,-2.093166469832478,-2.093166469832478,-2.093166469832478,-2.093166469832478,-2.093166469832478,-2.093166469832478,-2.093166469832478,11.706249673275222,10.833865918169739,-2.093166469832478,-2.093166469832478,-2.093166469832478,-2.093166469832478,-2.093166469832478,-2.093166469832478,-2.093166469832478,3.2229960815704977,-2.093166469832478,-2.093166469832478,-2.093166469832478,-2.093166469832478,-2.093166469832478,-2.093166469832478,-2.093166469832478,-2.093166469832478,-2.093166469832478,-2.093166469832478,-2.093166469832478,-2.093166469832478,4.605599967139163,-2.093166469832478,7.818279663749412,-2.093166469832478,-2.093166469832478,9.208298534798125,-2.093166469832478,5.616416296683651,3.626822659525126,-2.093166469832478,-2.093166469832478,-2.093166469832478,-2.093166469832478,4.7232460566136245,-2.093166469832478,11.1138826293912,-2.093166469832478,-2.093166469832478,-2.093166469832478,-2.093166469832478,-2.093166469832478,4.7232460566136245,3.2229960815704977,-2.093166469832478,-2.093166469832478,-2.093166469832478,-2.093166469832478,4.923717524144695,6.759174795408034,-2.093166469832478,-2.093166469832478,-2.093166469832478,3.2229960815704977,11.423701941233508,-2.093166469832478,-2.093166469832478,-2.093166469832478,-2.093166469832478
BQLHLP66GUT,-2.3382450967880297,-2.3382450967880297,-2.3382450967880297,-2.3382450967880297,-2.3382450967880297,6.593381618749128,-2.3382450967880297,9.114177178204114,12.14159947329097,-2.3382450967880297,-2.3382450967880297,-2.3382450967880297,5.109557588121648,3.664530656166201,-2.3382450967880297,-2.3382450967880297,-2.3382450967880297,-2.3382450967880297,8.585697653521155,-2.3382450967880297,-2.3382450967880297,7.506922974530194,-2.3382450967880297,9.45431439798662,6.187982579903694,-2.3382450967880297,-2.3382450967880297,-2.3382450967880297,-2.3382450967880297,-2.3382450967880297,-2.3382450967880297,-2.3382450967880297,-2.3382450967880297,2.973852306846198,-2.3382450967880297,6.80846742199564,-2.3382450967880297,-2.3382450967880297,-2.3382450967880297,-2.3382450967880297,-2.3382450967880297,-2.3382450967880297,-2.3382450967880297,-2.3382450967880297,-2.3382450967880297,-2.3382450967880297,-2.3382450967880297,-2.3382450967880297,-2.3382450967880297,-2.3382450967880297,4.069171464194613,-2.3382450967880297,6.881030654932542,-2.3382450967880297,-2.3382450967880297,-2.3382450967880297,3.377672204883139,8.213323711435416,-2.3382450967880297,-2.3382450967880297,-2.3382450967880297,-2.3382450967880297,5.49503358094509,-2.3382450967880297,-2.3382450967880297,10.73553937369537,-2.3382450967880297
BQLHLP67GUT,-1.6302707213254939,-1.6302707213254939,-1.6302707213254939,-1.6302707213254939,-1.6302707213254939,-1.6302707213254939,-1.6302707213254939,-1.6302707213254939,12.648678853760282,-1.6302707213254939,-1.6302707213254939,-1.6302707213254939,-1.6302707213254939,3.6831199630477562,-1.6302707213254939,-1.6302707213254939,-1.6302707213254939,-1.6302707213254939,-1.6302707213254939,-1.6302707213254939,-1.6302707213254939,8.015538034787477,-1.6302707213254939,-1.6302707213254939,-1.6302707213254939,-1.6302707213254939,-1.6302707213254939,-1.6302707213254939,-1.6302707213254939,4.086941989175754,-1.6302707213254939,5.065713585940398,-1.6302707213254939,-1.6302707213254939,12.061045206562948,2.994885891955151,-1.6302707213254939,6.076527728776273,-1.6302707213254939,-1.6302707213254939,-1.6302707213254939,-1.6302707213254939,-1.6302707213254939,-1.6302707213254939,-1.6302707213254939,-1.6302707213254939,-1.6302707213254939,2.994885891955151,-1.6302707213254939,-1.6302707213254939,6.936469483925252,-1.6302707213254939,-1.6302707213254939,-1.6302707213254939,-1.6302707213254939,-1.6302707213254939,5.470766654236928,7.045649086170556,-1.6302707213254939,-1.6302707213254939,-1.6302707213254939,-1.6302707213254939,10.954396581283131,-1.6302707213254939,-1.6302707213254939,-1.6302707213254939,-1.6302707213254939
BQLHLP68GUT,-1.9822622312858378,5.459142677937912,-1.9822622312858378,-1.9822622312858378,-1.9822622312858378,-1.9822622312858378,-1.9822622312858378,-1.9822622312858378,-1.9822622312858378,-1.9822622312858378,-1.9822622312858378,-1.9822622312858378,-1.9822622312858378,-1.9822622312858378,-1.9822622312858378,-1.9822622312858378,-1.9822622312858378,-1.9822622312858378,5.670340058566504,-1.9822622312858378,4.928924865120567,8.390565075178667,-1.9822622312858378,-1.9822622312858378,11.726427199926942,-1.9822622312858378,-1.9822622312858378,-1.9822622312858378,-1.9822622312858378,5.024144443178447,-1.9822622312858378,4.928924865120567,-1.9822622312858378,-1.9822622312858378,11.148122254885946,-1.9822622312858378,11.493616614580949,-1.9822622312858378,-1.9822622312858378,-1.9822622312858378,-1.9822622312858378,-1.9822622312858378,-1.9822622312858378,-1.9822622312858378,-1.9822622312858378,-1.9822622312858378,-1.9822622312858378,-1.9822622312858378,-1.9822622312858378,-1.9822622312858378,3.7272747008605767,-1.9822622312858378,-1.9822622312858378,-1.9822622312858378,-1.9822622312858378,-1.9822622312858378,4.823675073784191,6.859593770402822,-1.9822622312858378,11.169569173544888,-1.9822622312858378,-1.9822622312858378,9.709577485060741,-1.9822622312858378,-1.9822622312858378,-1.9822622312858378,-1.9822622312858378
BQLHLP69GUT,-1.7393696451341085,4.296261370211397,-1.7393696451341085,-1.7393696451341085,-1.7393696451341085,-1.7393696451341085,-1.7393696451341085,7.338503126613658,13.022697708789618,-1.7393696451341085,-1.7393696451341085,-1.7393696451341085,-1.7393696451341085,-1.7393696451341085,8.624631406932574,-1.7393696451341085,2.9171173444174445,-1.7393696451341085,-1.7393696451341085,-1.7393696451341085,-1.7393696451341085,6.203764178052346,-1.7393696451341085,-1.7393696451341085,-1.7393696451341085,-1.7393696451341085,-1.7393696451341085,-1.7393696451341085,-1.7393696451341085,-1.7393696451341085,-1.7393696451341085,6.839585828721004,-1.7393696451341085,-1.7393696451341085,8.296687679916978,-1.7393696451341085,-1.7393696451341085,5.393277728278979,-1.7393696451341085,-1.7393696451341085,-1.7393696451341085,-1.7393696451341085,-1.7393696451341085,-1.7393696451341085,-1.7393696451341085,-1.7393696451341085,-1.7393696451341085,-1.7393696451341085,-1.7393696451341085,-1.7393696451341085,5.903783860057738,-1.7393696451341085,-1.7393696451341085,-1.7393696451341085,-1.7393696451341085,-1.7393696451341085,2.9171173444174445,6.309089183885957,-1.7393696451341085,-1.7393696451341085,-1.7393696451341085,-1.7393696451341085,10.114698122860785,-1.7393696451341085,-1.7393696451341085,4.009376308952043,-1.7393696451341085
BQLHLP70GUT,-2.2388487287168877,5.737088121259338,-2.2388487287168877,-2.2388487287168877,-2.2388487287168877,-2.2388487287168877,3.1762538789432915,6.263040630210891,11.687087351501065,5.846251864369562,10.677839707149849,-2.2388487287168877,-2.2388487287168877,4.089871713026704,10.09886704521408,-2.2388487287168877,-2.2388487287168877,-2.2388487287168877,-2.2388487287168877,-2.2388487287168877,-2.2388487287168877,7.6990520262161555,-2.2388487287168877,2.4875457126649376,11.497586680093331,-2.2388487287168877,3.1762538789432915,-2.2388487287168877,-2.2388487287168877,-2.2388487287168877,-2.2388487287168877,-2.2388487287168877,-2.2388487287168877,-2.2388487287168877,7.0839074486012805,-2.2388487287168877,-2.2388487287168877,-2.2388487287168877,-2.2388487287168877,-2.2388487287168877,-2.2388487287168877,-2.2388487287168877,-2.2388487287168877,-2.2388487287168877,-2.2388487287168877,-2.2388487287168877,-2.2388487287168877,-2.2388487287168877,-2.2388487287168877,-2.2388487287168877,3.8671741411100418,-2.2388487287168877,-2.2388487287168877,6.034251278097522,-2.2388487287168877,-2.2388487287168877,-2.2388487287168877,8.940130032499434,-2.2388487287168877,-2.2388487287168877,-2.2388487287168877,-2.2388487287168877,-2.2388487287168877,-2.2388487287168877,-2.2388487287168877,3.5802349259439836,-2.2388487287168877
BQLHLP71GUT,-1.2627928643294029,7.66576924226892,-1.2627928643294029,-1.2627928643294029,-1.2627928643294029,-1.2627928643294029,-1.2627928643294029,-1.2627928643294029,4.777648273573841,-1.2627928643294029,-1.2627928643294029,-1.2627928643294029,-1.2627928643294029,-1.2627928643294029,-1.2627928643294029,-1.2627928643294029,-1.2627928643294029,-1.2627928643294029,-1.2627928643294029,-1.2627928643294029,-1.2627928643294029,7.921672685656682,-1.2627928643294029,-1.2627928643294029,12.501699161441516,-1.2627928643294029,-1.2627928643294029,-1.2627928643294029,-1.2627928643294029,4.777648273573841,-1.2627928643294029,-1.2627928643294029,-1.2627928643294029,-1.2627928643294029,12.499823093783895,-1.2627928643294029,-1.2627928643294029,-1.2627928643294029,-1.2627928643294029,-1.2627928643294029,-1.2627928643294029,-1.2627928643294029,-1.2627928643294029,-1.2627928643294029,-1.2627928643294029,-1.2627928643294029,-1.2627928643294029,-1.2627928643294029,-1.2627928643294029,-1.2627928643294029,7.280985636060719,3.398470058170526,-1.2627928643294029,-1.2627928643294029,-1.2627928643294029,-1.2627928643294029,-1.2627928643294029,12.418269706575808,-1.2627928643294029,-1.2627928643294029,-1.2627928643294029,-1.2627928643294029,-1.2627928643294029,-1.2627928643294029,-1.2627928643294029,-1.2627928643294029,-1.2627928643294029
BQLHLP72GUT,-3.122094355569293,5.1956456672487885,-3.122094355569293,-3.122094355569293,-3.122094355569293,3.9922423770705797,2.608385123812156,-3.122094355569293,11.488405237868037,-3.122094355569293,7.809158902498736,-3.122094355569293,2.608385123812156,4.97256315082388,-3.122094355569293,-3.122094355569293,-3.122094355569293,-3.122094355569293,5.170334119424592,-3.122094355569293,-3.122094355569293,6.0915891861970675,4.68498279490998,5.901091779586349,8.449653887920645,-3.122094355569293,-3.122094355569293,3.5871838662943216,2.608385123812156,-3.122094355569293,-3.122094355569293,-3.122094355569293,-3.122094355569293,-3.122094355569293,-3.122094355569293,-3.122094355569293,-3.122094355569293,-3.122094355569293,-3.122094355569293,6.216140236147856,3.5871838662943216,-3.122094355569293,-3.122094355569293,-3.122094355569293,-3.122094355569293,-3.122094355569293,-3.122094355569293,-3.122094355569293,-3.122094355569293,-3.122094355569293,4.68498279490998,-3.122094355569293,6.179442158811477,-3.122094355569293,-3.122094355569293,-3.122094355569293,-3.122094355569293,9.487233197902311,-3.122094355569293,4.725788515479427,4.55150952137647,-3.122094355569293,6.543538067013817,5.876093530068049,-3.122094355569293,7.230139060196437,-3.122094355569293
BQLHLP73GUT,-2.25827347448375,3.2759627111964615,-2.25827347448375,-2.25827347448375,-2.25827347448375,-2.25827347448375,-2.25827347448375,-2.25827347448375,11.608636705997847,4.776963762235771,-2.25827347448375,-2.25827347448375,-2.25827347448375,8.16987505664731,-2.25827347448375,-2.25827347448375,-2.25827347448375,-2.25827347448375,-2.25827347448375,-2.25827347448375,-2.25827347448375,9.221355627890913,-2.25827347448375,9.48160919464054,10.490551914345382,-2.25827347448375,-2.25827347448375,-2.25827347448375,-2.25827347448375,-2.25827347448375,-2.25827347448375,-2.25827347448375,-2.25827347448375,-2.25827347448375,9.391212305653866,-2.25827347448375,-2.25827347448375,5.144417641271174,-2.25827347448375,-2.25827347448375,-2.25827347448375,8.025630039002168,-2.25827347448375,-2.25827347448375,-2.25827347448375,-2.25827347448375,-2.25827347448375,-2.25827347448375,-2.25827347448375,-2.25827347448375,4.525900819272199,-2.25827347448375,-2.25827347448375,-2.25827347448375,-2.25827347448375,-2.25827347448375,4.18988109690656,7.469267236633933,-2.25827347448375,-2.25827347448375,-2.25827347448375,-2.25827347448375,10.670488326730636,-2.25827347448375,-2.25827347448375,10.988468234730558,-2.25827347448375
BQLHLP74GUT,-1.6903362512247186,-1.6903362512247186,-1.6903362512247186,-1.6903362512247186,-1.6903362512247186,-1.6903362512247186,-1.6903362512247186,11.633366886962555,12.719547262446826,-1.6903362512247186,2.9408125151578175,-1.6903362512247186,-1.6903362512247186,-1.6903362512247186,-1.6903362512247186,-1.6903362512247186,9.37992613921679,8.183346118535313,6.263577033155926,-1.6903362512247186,-1.6903362512247186,-1.6903362512247186,-1.6903362512247186,-1.6903362512247186,10.575945229281041,-1.6903362512247186,-1.6903362512247186,-1.6903362512247186,-1.6903362512247186,-1.6903362512247186,-1.6903362512247186,4.319772374763091,-1.6903362512247186,-1.6903362512247186,-1.6903362512247186,-1.6903362512247186,-1.6903362512247186,3.6290760101159916,-1.6903362512247186,-1.6903362512247186,-1.6903362512247186,-1.6903362512247186,-1.6903362512247186,-1.6903362512247186,4.878335971503539,-1.6903362512247186,-1.6903362512247186,-1.6903362512247186,-1.6903362512247186,-1.6903362512247186,3.6290760101159916,-1.6903362512247186,-1.6903362512247186,-1.6903362512247186,-1.6903362512247186,-1.6903362512247186,9.496300004764098,3.6290760101159916,-1.6903362512247186,-1.6903362512247186,-1.6903362512247186,-1.6903362512247186,-1.6903362512247186,-1.6903362512247186,-1.6903362512247186,-1.6903362512247186,-1.6903362512247186
BQLHLP75GUT,-0.947519383109772,-0.947519383109772,-0.947519383109772,-0.947519383109772,-0.947519383109772,-0.947519383109772,-0.947519383109772,-0.947519383109772,13.822386997806987,-0.947519383109772,-0.947519383109772,-0.947519383109772,-0.947519383109772,-0.947519383109772,-0.947519383109772,-0.947519383109772,-0.947519383109772,-0.947519383109772,6.056454753612908,-0.947519383109772,-0.947519383109772,9.782356075371196,-0.947519383109772,-0.947519383109772,10.9635175514565,-0.947519383109772,-0.947519383109772,-0.947519383109772,-0.947519383109772,-0.947519383109772,-0.947519383109772,-0.947519383109772,-0.947519383109772,-0.947519383109772,-0.947519383109772,-0.947519383109772,-0.947519383109772,-0.947519383109772,-0.947519383109772,-0.947519383109772,-0.947519383109772,-0.947519383109772,-0.947519383109772,-0.947519383109772,-0.947519383109772,-0.947519383109772,-0.947519383109772,-0.947519383109772,-0.947519383109772,-0.947519383109772,3.6676011337314876,-0.947519383109772,-0.947519383109772,-0.947519383109772,-0.947519383109772,-0.947519383109772,-0.947519383109772,6.953857970682844,-0.947519383109772,-0.947519383109772,-0.947519383109772,-0.947519383109772,5.604988503924818,-0.947519383109772,-0.947519383109772,-0.947519383109772,-0.947519383109772
BQLHLP76GUT,6.987641876754111,-1.8372188193447474,-1.8372188193447474,-1.8372188193447474,-1.8372188193447474,-1.8372188193447474,-1.8372188193447474,11.226705510845076,11.949311581135229,-1.8372188193447474,-1.8372188193447474,-1.8372188193447474,-1.8372188193447474,8.366446122849947,-1.8372188193447474,-1.8372188193447474,-1.8372188193447474,-1.8372188193447474,-1.8372188193447474,-1.8372188193447474,-1.8372188193447474,8.988597178731716,-1.8372188193447474,-1.8372188193447474,12.140362163029932,-1.8372188193447474,-1.8372188193447474,-1.8372188193447474,-1.8372188193447474,-1.8372188193447474,-1.8372188193447474,-1.8372188193447474,-1.8372188193447474,-1.8372188193447474,-1.8372188193447474,7.477607412947926,-1.8372188193447474,-1.8372188193447474,-1.8372188193447474,-1.8372188193447474,-1.8372188193447474,-1.8372188193447474,-1.8372188193447474,-1.8372188193447474,9.4078760339939,-1.8372188193447474,-1.8372188193447474,-1.8372188193447474,3.46612167297769,-1.8372188193447474,-1.8372188193447474,-1.8372188193447474,-1.8372188193447474,-1.8372188193447474,4.156778280962412,-1.8372188193447474,3.8699270887765085,4.715324778856299,-1.8372188193447474,-1.8372188193447474,-1.8372188193447474,-1.8372188193447474,-1.8372188193447474,-1.8372188193447474,6.457116542755833,-1.8372188193447474,-1.8372188193447474
BQLHLP77GUT,-1.734109305846304,7.625028695232924,-1.734109305846304,-1.734109305846304,-1.734109305846304,-1.734109305846304,-1.734109305846304,-1.734109305846304,12.6907288871241,-1.734109305846304,-1.734109305846304,-1.734109305846304,-1.734109305846304,8.934101071161294,-1.734109305846304,-1.734109305846304,-1.734109305846304,6.593582697318918,-1.734109305846304,-1.734109305846304,-1.734109305846304,11.098079400777427,-1.734109305846304,-1.734109305846304,3.7073119172110527,-1.734109305846304,-1.734109305846304,-1.734109305846304,-1.734109305846304,4.803031144825781,-1.734109305846304,8.313170212721275,-1.734109305846304,-1.734109305846304,-1.734109305846304,-1.734109305846304,-1.734109305846304,-1.734109305846304,-1.734109305846304,-1.734109305846304,-1.734109305846304,-1.734109305846304,-1.734109305846304,-1.734109305846304,-1.734109305846304,-1.734109305846304,-1.734109305846304,-1.734109305846304,-1.734109305846304,-1.734109305846304,6.444089951186633,-1.734109305846304,-1.734109305846304,-1.734109305846304,-1.734109305846304,-1.734109305846304,7.2440546471057825,6.565418726880144,-1.734109305846304,-1.734109305846304,-1.734109305846304,-1.734109305846304,11.357414470001858,-1.734109305846304,-1.734109305846304,-1.734109305846304,-1.734109305846304
BQLHLP78GUT,-1.0617999027836769,4.645346005337579,-1.0617999027836769,-1.0617999027836769,-1.0617999027836769,-1.0617999027836769,-1.0617999027836769,-1.0617999027836769,13.662045702501745,-1.0617999027836769,-1.0617999027836769,-1.0617999027836769,-1.0617999027836769,-1.0617999027836769,-1.0617999027836769,-1.0617999027836769,-1.0617999027836769,-1.0617999027836769,-1.0617999027836769,-1.0617999027836769,-1.0617999027836769,6.58840454322162,-1.0617999027836769,-1.0617999027836769,-1.0617999027836769,-1.0617999027836769,-1.0617999027836769,-1.0617999027836769,-1.0617999027836769,-1.0617999027836769,-1.0617999027836769,6.977715766966008,-1.0617999027836769,-1.0617999027836769,10.029582077571115,-1.0617999027836769,-1.0617999027836769,-1.0617999027836769,-1.0617999027836769,-1.0617999027836769,-1.0617999027836769,-1.0617999027836769,-1.0617999027836769,-1.0617999027836769,-1.0617999027836769,-1.0617999027836769,-1.0617999027836769,-1.0617999027836769,-1.0617999027836769,-1.0617999027836769,5.846990602987224,-1.0617999027836769,-1.0617999027836769,-1.0617999027836769,-1.0617999027836769,-1.0617999027836769,3.553356022164343,11.342753543487804,-1.0617999027836769,-1.0617999027836769,-1.0617999027836769,-1.0617999027836769,-1.0617999027836769,-1.0617999027836769,-1.0617999027836769,-1.0617999027836769,-1.0617999027836769
BQLHLP79GUT,-3.082844550192516,7.74879335868359,-3.082844550192516,-3.082844550192516,-3.082844550192516,-3.082844550192516,-3.082844550192516,-3.082844550192516,11.540175299090695,-3.082844550192516,6.048182350788794,-3.082844550192516,6.718803777080038,6.221184315481448,-3.082844550192516,-3.082844550192516,-3.082844550192516,-3.082844550192516,6.5589646718726415,-3.082844550192516,3.851823433552661,7.849068093543026,-3.082844550192516,6.002725011785942,7.6530794022980695,-3.082844550192516,-3.082844550192516,2.936991805990435,4.113963031350247,-3.082844550192516,3.1596492257162363,-3.082844550192516,-3.082844550192516,5.237387443369681,-3.082844550192516,-3.082844550192516,-3.082844550192516,-3.082844550192516,-3.082844550192516,-3.082844550192516,1.5579612014829682,-3.082844550192516,-3.082844550192516,-3.082844550192516,-3.082844550192516,-3.082844550192516,-3.082844550192516,1.5579612014829682,-3.082844550192516,-3.082844550192516,3.1596492257162363,-3.082844550192516,6.713106072309763,-3.082844550192516,-3.082844550192516,-3.082844550192516,2.246271744819754,-3.082844550192516,-3.082844550192516,6.604572287018544,-3.082844550192516,-3.082844550192516,-3.082844550192516,8.906464383242358,3.3416465634438564,8.71992872680816,4.113963031350247
BQLHLP80GUT,-2.311399462216225,8.020794095859365,-2.311399462216225,-2.311399462216225,3.3958533836963283,-2.311399462216225,2.9920477905703486,8.317385582451553,12.283762956922,-2.311399462216225,-2.311399462216225,-2.311399462216225,-2.311399462216225,-2.311399462216225,-2.311399462216225,-2.311399462216225,-2.311399462216225,-2.311399462216225,7.169187425418954,-2.311399462216225,-2.311399462216225,7.612082785411011,-2.311399462216225,-2.311399462216225,9.42562028306873,-2.311399462216225,-2.311399462216225,-2.311399462216225,-2.311399462216225,3.9053494097475348,-2.311399462216225,-2.311399462216225,-2.311399462216225,-2.311399462216225,4.374604362667868,-2.311399462216225,10.452432887433902,6.468454862384755,-2.311399462216225,-2.311399462216225,-2.311399462216225,2.3038626947255665,-2.311399462216225,-2.311399462216225,-2.311399462216225,6.42120941946564,-2.311399462216225,-2.311399462216225,-2.311399462216225,-2.311399462216225,4.59749823059595,-2.311399462216225,-2.311399462216225,-2.311399462216225,-2.311399462216225,-2.311399462216225,4.59749823059595,7.525075863883606,-2.311399462216225,-2.311399462216225,-2.311399462216225,3.3958533836963283,-2.311399462216225,-2.311399462216225,-2.311399462216225,-2.311399462216225,-2.311399462216225
BQLHLP81GUT,-3.6182610651447584,4.8832616514823615,-3.6182610651447584,1.7098695901271803,-3.6182610651447584,-3.6182610651447584,2.1137156770883108,-3.6182610651447584,10.626396122736871,-3.6182610651447584,-3.6182610651447584,-3.6182610651447584,3.315417439091617,5.832217681754983,1.021563804795391,-3.6182610651447584,2.1137156770883108,-3.6182610651447584,7.288519284168581,-3.6182610651447584,-3.6182610651447584,5.368691326218781,-3.6182610651447584,9.044220776857017,8.661554729428394,2.1137156770883108,1.021563804795391,2.8052412110204643,6.117862046053617,3.315417439091617,5.329475614275289,-3.6182610651447584,2.1137156770883108,5.596924461433926,4.623038949951025,6.0870922345492575,-3.6182610651447584,-3.6182610651447584,-3.6182610651447584,-3.6182610651447584,-3.6182610651447584,-3.6182610651447584,-3.6182610651447584,-3.6182610651447584,-3.6182610651447584,-3.6182610651447584,-3.6182610651447584,-3.6182610651447584,-3.6182610651447584,-3.6182610651447584,2.4005872549433827,-3.6182610651447584,2.4005872549433827,-3.6182610651447584,-3.6182610651447584,2.6232441939993247,-3.6182610651447584,5.765531731510697,-3.6182610651447584,6.884002725190766,-3.6182610651447584,-3.6182610651447584,-3.6182610651447584,6.798784761101495,-3.6182610651447584,9.517991677626872,-3.6182610651447584
BQLHLP82GUT,-2.007381758293042,4.547879637550163,-2.007381758293042,7.362805030566564,-2.007381758293042,-2.007381758293042,-2.007381758293042,-2.007381758293042,12.472852814137514,-2.007381758293042,-2.007381758293042,-2.007381758293042,5.545509572647473,7.336831786988878,-2.007381758293042,-2.007381758293042,-2.007381758293042,8.650302839586068,-2.007381758293042,-2.007381758293042,9.115273329452911,3.7024767950868367,-2.007381758293042,-2.007381758293042,-2.007381758293042,-2.007381758293042,2.610468931400985,-2.007381758293042,-2.007381758293042,-2.007381758293042,-2.007381758293042,3.298666886951284,-2.007381758293042,-2.007381758293042,10.95663323884213,-2.007381758293042,-2.007381758293042,-2.007381758293042,-2.007381758293042,-2.007381758293042,-2.007381758293042,-2.007381758293042,-2.007381758293042,-2.007381758293042,-2.007381758293042,-2.007381758293042,-2.007381758293042,-2.007381758293042,-2.007381758293042,-2.007381758293042,8.176532741585609,-2.007381758293042,-2.007381758293042,-2.007381758293042,-2.007381758293042,-2.007381758293042,7.584220788590329,10.412928106450549,-2.007381758293042,-2.007381758293042,-2.007381758293042,-2.007381758293042,2.610468931400985,-2.007381758293042,-2.007381758293042,-2.007381758293042,-2.007381758293042
BQLHLP83GUT,-2.856817443407331,5.406288964943016,-2.856817443407331,2.8444291108968724,-2.856817443407331,-2.856817443407331,-2.856817443407331,-2.856817443407331,2.8444291108968724,-2.856817443407331,11.388028518000596,-2.856817443407331,-2.856817443407331,6.57883116597536,-2.856817443407331,-2.856817443407331,-2.856817443407331,-2.856817443407331,-2.856817443407331,-2.856817443407331,9.349855851475056,2.8444291108968724,-2.856817443407331,-2.856817443407331,3.535903995384669,-2.856817443407331,-2.856817443407331,3.9408110494299593,-2.856817443407331,3.535903995384669,-2.856817443407331,5.731639735940794,6.910165786365136,-2.856817443407331,10.507773487329663,5.644645290008377,9.698599305797059,-2.856817443407331,-2.856817443407331,-2.856817443407331,3.535903995384669,-2.856817443407331,-2.856817443407331,-2.856817443407331,-2.856817443407331,-2.856817443407331,-2.856817443407331,-2.856817443407331,-2.856817443407331,2.1546181560701605,5.038678781245713,-2.856817443407331,-2.856817443407331,-2.856817443407331,-2.856817443407331,-2.856817443407331,2.1546181560701605,8.2769993569184,-2.856817443407331,2.8444291108968724,-2.856817443407331,-2.856817443407331,6.9921744251818,-2.856817443407331,-2.856817443407331,3.9408110494299593,-2.856817443407331
BQLHLP84GUT,3.3839908337085354,-1.920168449846053,-1.920168449846053,-1.920168449846053,-1.920168449846053,-1.920168449846053,-1.920168449846053,-1.920168449846053,12.38306211399484,3.3839908337085354,-1.920168449846053,-1.920168449846053,-1.920168449846053,-1.920168449846053,5.171599303137863,-1.920168449846053,3.7877976090196226,5.251578014500116,-1.920168449846053,-1.920168449846053,-1.920168449846053,-1.920168449846053,-1.920168449846053,4.074649482656056,4.074649482656056,-1.920168449846053,-1.920168449846053,-1.920168449846053,-1.920168449846053,-1.920168449846053,-1.920168449846053,-1.920168449846053,-1.920168449846053,-1.920168449846053,4.074649482656056,-1.920168449846053,-1.920168449846053,5.325631129412844,6.087390755136768,-1.920168449846053,-1.920168449846053,-1.920168449846053,-1.920168449846053,-1.920168449846053,-1.920168449846053,-1.920168449846053,-1.920168449846053,-1.920168449846053,11.381703395888566,-1.920168449846053,10.219024534985428,-1.920168449846053,-1.920168449846053,-1.920168449846053,-1.920168449846053,-1.920168449846053,4.633196858366361,10.90787950330174,-1.920168449846053,-1.920168449846053,-1.920168449846053,3.7877976090196226,-1.920168449846053,-1.920168449846053,-1.920168449846053,-1.920168449846053,-1.920168449846053
BQLHLP85GUT,-3.3276143382146524,4.053262314734926,7.15575785652624,-3.3276143382146524,-3.3276143382146524,5.648780323786677,-3.3276143382146524,8.101532128201839,10.454888916364215,-3.3276143382146524,9.221230874989521,-3.3276143382146524,-3.3276143382146524,-3.3276143382146524,10.621560194167964,-3.3276143382146524,3.5428519743561835,-3.3276143382146524,5.215984682842319,6.072059438202535,-3.3276143382146524,3.830274514901824,-3.3276143382146524,4.053262314734926,5.455616023059774,-3.3276143382146524,-3.3276143382146524,-3.3276143382146524,-3.3276143382146524,-3.3276143382146524,-3.3276143382146524,-3.3276143382146524,5.151459147483843,5.8879831278976935,-3.3276143382146524,6.7106085783441936,-3.3276143382146524,-3.3276143382146524,-3.3276143382146524,-3.3276143382146524,-3.3276143382146524,-3.3276143382146524,-3.3276143382146524,-3.3276143382146524,-3.3276143382146524,-3.3276143382146524,-3.3276143382146524,-3.3276143382146524,-3.3276143382146524,-3.3276143382146524,-3.3276143382146524,-3.3276143382146524,7.6306043739725355,-3.3276143382146524,-3.3276143382146524,-3.3276143382146524,-3.3276143382146524,3.1379057280772336,-3.3276143382146524,6.833565233573593,5.810604468039785,-3.3276143382146524,2.733218408278846,3.9843139461465626,-3.3276143382146524,8.237240000190711,3.5428519743561835
BQLHLP86GUT,-1.3901904272407863,-1.3901904272407863,-1.3901904272407863,-1.3901904272407863,-1.3901904272407863,-1.3901904272407863,-1.3901904272407863,11.47527440649934,13.054579427693882,-1.3901904272407863,-1.3901904272407863,-1.3901904272407863,-1.3901904272407863,-1.3901904272407863,6.05039078473865,-1.3901904272407863,-1.3901904272407863,-1.3901904272407863,-1.3901904272407863,-1.3901904272407863,-1.3901904272407863,-1.3901904272407863,-1.3901904272407863,-1.3901904272407863,11.718671905197304,-1.3901904272407863,-1.3901904272407863,-1.3901904272407863,-1.3901904272407863,3.226524721769785,-1.3901904272407863,5.414923609929965,4.828023027380929,-1.3901904272407863,-1.3901904272407863,-1.3901904272407863,-1.3901904272407863,-1.3901904272407863,-1.3901904272407863,-1.3901904272407863,-1.3901904272407863,-1.3901904272407863,-1.3901904272407863,-1.3901904272407863,8.645979741466729,-1.3901904272407863,-1.3901904272407863,-1.3901904272407863,-1.3901904272407863,-1.3901904272407863,-1.3901904272407863,-1.3901904272407863,-1.3901904272407863,-1.3901904272407863,-1.3901904272407863,-1.3901904272407863,7.087999311752037,7.738487416296548,-1.3901904272407863,-1.3901904272407863,-1.3901904272407863,-1.3901904272407863,-1.3901904272407863,-1.3901904272407863,-1.3901904272407863,-1.3901904272407863,-1.3901904272407863
BQLHLP87GUT,-2.4306218695907136,3.56369634528645,-2.4306218695907136,-2.4306218695907136,-2.4306218695907136,-2.4306218695907136,-2.4306218695907136,-2.4306218695907136,12.044526995840393,-2.4306218695907136,-2.4306218695907136,-2.4306218695907136,-2.4306218695907136,2.873038938665604,-2.4306218695907136,-2.4306218695907136,-2.4306218695907136,-2.4306218695907136,3.2768448864463795,-2.4306218695907136,-2.4306218695907136,8.614272335478187,-2.4306218695907136,7.065330282256247,9.69785231730752,-2.4306218695907136,-2.4306218695907136,-2.4306218695907136,-2.4306218695907136,3.2768448864463795,-2.4306218695907136,-2.4306218695907136,-2.4306218695907136,-2.4306218695907136,-2.4306218695907136,3.96833014929036,4.573709621702288,3.7863411970706826,-2.4306218695907136,-2.4306218695907136,-2.4306218695907136,-2.4306218695907136,-2.4306218695907136,-2.4306218695907136,-2.4306218695907136,-2.4306218695907136,-2.4306218695907136,-2.4306218695907136,-2.4306218695907136,2.1848527858775615,3.56369634528645,3.96833014929036,5.864035329265028,-2.4306218695907136,-2.4306218695907136,-2.4306218695907136,4.948119299415965,7.123736780265539,-2.4306218695907136,3.56369634528645,-2.4306218695907136,-2.4306218695907136,10.159031361571946,-2.4306218695907136,-2.4306218695907136,10.122941518713688,-2.4306218695907136
BQLHLP88GUT,-2.9388048245280105,2.377501932192025,-2.9388048245280105,-2.9388048245280105,-2.9388048245280105,-2.9388048245280105,-2.9388048245280105,5.822723180216974,11.495562996361645,-2.9388048245280105,7.236297966282241,4.770922794031544,-2.9388048245280105,-2.9388048245280105,-2.9388048245280105,-2.9388048245280105,-2.9388048245280105,-2.9388048245280105,7.18886009257929,-2.9388048245280105,-2.9388048245280105,9.534592629494847,-2.9388048245280105,7.584820538415732,5.145476095025052,-2.9388048245280105,-2.9388048245280105,4.570351747739409,2.377501932192025,2.377501932192025,-2.9388048245280105,-2.9388048245280105,-2.9388048245280105,4.815355058864116,-2.9388048245280105,-2.9388048245280105,3.2908418001877777,2.377501932192025,-2.9388048245280105,-2.9388048245280105,-2.9388048245280105,-2.9388048245280105,-2.9388048245280105,-2.9388048245280105,4.0782239565590315,-2.9388048245280105,-2.9388048245280105,-2.9388048245280105,-2.9388048245280105,-2.9388048245280105,4.38813979356459,-2.9388048245280105,-2.9388048245280105,-2.9388048245280105,-2.9388048245280105,-2.9388048245280105,5.113737343376879,6.304501371612313,3.068190664610848,-2.9388048245280105,-2.9388048245280105,-2.9388048245280105,7.073104206310098,8.205941107173908,-2.9388048245280105,10.109761208058215,-2.9388048245280105
BQLHLP89GUT,-2.8595402820638407,3.142012570880532,-2.8595402820638407,-2.8595402820638407,-2.8595402820638407,7.9896292472140145,1.763115500297109,7.766979656352907,11.83875804984089,-2.8595402820638407,-2.8595402820638407,-2.8595402820638407,-2.8595402820638407,-2.8595402820638407,-2.8595402820638407,-2.8595402820638407,-2.8595402820638407,-2.8595402820638407,6.894961827083505,-2.8595402820638407,-2.8595402820638407,7.27873271303011,-2.8595402820638407,4.64416318569489,7.8400375177172466,7.398722200913956,-2.8595402820638407,3.142012570880532,-2.8595402820638407,-2.8595402820638407,-2.8595402820638407,-2.8595402820638407,4.931707488699822,5.847750187728882,5.120878220831211,6.702070508288039,-2.8595402820638407,-2.8595402820638407,-2.8595402820638407,-2.8595402820638407,-2.8595402820638407,-2.8595402820638407,-2.8595402820638407,-2.8595402820638407,-2.8595402820638407,-2.8595402820638407,-2.8595402820638407,-2.8595402820638407,-2.8595402820638407,-2.8595402820638407,-2.8595402820638407,-2.8595402820638407,6.900792409994214,-2.8595402820638407,-2.8595402820638407,-2.8595402820638407,-2.8595402820638407,5.250048485242465,-2.8595402820638407,7.212867979921384,-2.8595402820638407,-2.8595402820638407,7.021149549442629,4.461951830794144,-2.8595402820638407,8.390511274088292,-2.8595402820638407
BQLHLP90GUT,-2.803253424382686,-2.803253424382686,-2.803253424382686,1.8141712834170272,-2.803253424382686,-2.803253424382686,-2.803253424382686,8.91413158166517,11.81308248478481,5.171883764539981,4.002576459387942,-2.803253424382686,-2.803253424382686,2.906176323821322,9.756510786803114,-2.803253424382686,-2.803253424382686,-2.803253424382686,6.009085482778952,-2.803253424382686,4.800474954608178,7.263871935202079,-2.803253424382686,3.1930294122254836,7.937663651995936,-2.803253424382686,-2.803253424382686,-2.803253424382686,-2.803253424382686,-2.803253424382686,3.8849318267607553,-2.803253424382686,-2.803253424382686,-2.803253424382686,7.141830011401776,-2.803253424382686,7.435491507843007,5.881950494835166,-2.803253424382686,-2.803253424382686,4.10782623882887,-2.803253424382686,-2.803253424382686,-2.803253424382686,-2.803253424382686,-2.803253424382686,-2.803253424382686,-2.803253424382686,-2.803253424382686,-2.803253424382686,-2.803253424382686,-2.803253424382686,-2.803253424382686,-2.803253424382686,5.542151099542936,-2.803253424382686,-2.803253424382686,6.23517953036593,-2.803253424382686,-2.803253424382686,-2.803253424382686,3.1930294122254836,6.23517953036593,-2.803253424382686,-2.803253424382686,2.906176323821322,-2.803253424382686
BQLHLP91GUT,-4.4721141268933,1.8655935983883571,7.80872523297082,-4.4721141268933,-4.4721141268933,-4.4721141268933,-4.4721141268933,-4.4721141268933,8.347850750140108,-4.4721141268933,7.943303161885834,-4.4721141268933,6.634523318795804,3.751161701514709,4.839443625844781,5.372432618880392,0.951951881485456,-4.4721141268933,6.891655409326297,7.432174946995289,-4.4721141268933,-4.4721141268933,-4.4721141268933,3.2993299000774456,8.617030268558167,-4.4721141268933,-4.4721141268933,3.432808590810816,-4.4721141268933,-4.4721141268933,3.1452494851181294,-4.4721141268933,6.711169329806064,1.6428920371674025,7.819147374045049,4.104721809106815,2.3349338759871276,-4.4721141268933,-4.4721141268933,-4.4721141268933,0.951951881485456,-4.4721141268933,-4.4721141268933,-4.4721141268933,-4.4721141268933,-4.4721141268933,-4.4721141268933,-4.4721141268933,-4.4721141268933,7.337781047752705,-4.4721141268933,-4.4721141268933,6.0685427409660555,-4.4721141268933,-4.4721141268933,-4.4721141268933,-4.4721141268933,3.5128229193924816,-4.4721141268933,6.69853110778269,3.5505506341870885,-4.4721141268933,5.114266833599851,8.197461632097765,3.621986981019506,7.929471739221746,5.066642133748722
BQLHLP92GUT,-1.2782709268371173,-1.2782709268371173,-1.2782709268371173,-1.2782709268371173,-1.2782709268371173,-1.2782709268371173,-1.2782709268371173,11.710334746621928,13.275981876959994,-1.2782709268371173,-1.2782709268371173,-1.2782709268371173,-1.2782709268371173,-1.2782709268371173,-1.2782709268371173,-1.2782709268371173,-1.2782709268371173,-1.2782709268371173,-1.2782709268371173,-1.2782709268371173,-1.2782709268371173,5.7257032098855625,-1.2782709268371173,-1.2782709268371173,11.032166238511659,-1.2782709268371173,-1.2782709268371173,-1.2782709268371173,-1.2782709268371173,-1.2782709268371173,-1.2782709268371173,5.274236960197473,-1.2782709268371173,-1.2782709268371173,8.296782000760265,-1.2782709268371173,-1.2782709268371173,-1.2782709268371173,-1.2782709268371173,-1.2782709268371173,-1.2782709268371173,-1.2782709268371173,-1.2782709268371173,-1.2782709268371173,8.828198285189268,-1.2782709268371173,-1.2782709268371173,-1.2782709268371173,-1.2782709268371173,-1.2782709268371173,-1.2782709268371173,-1.2782709268371173,-1.2782709268371173,-1.2782709268371173,-1.2782709268371173,-1.2782709268371173,6.659460848422992,3.336849590004142,-1.2782709268371173,-1.2782709268371173,-1.2782709268371173,-1.2782709268371173,-1.2782709268371173,-1.2782709268371173,-1.2782709268371173,-1.2782709268371173,-1.2782709268371173
BQLHLP93GUT,-3.859271261555672,3.8965196878419026,-3.859271261555672,-3.859271261555672,-3.859271261555672,4.398442569188008,-3.859271261555672,6.351620873682634,10.572134388789904,3.0641671419322285,5.142746928094028,-3.859271261555672,4.9504011601639855,2.1493519796924914,9.42690143665762,-3.859271261555672,-3.859271261555672,-3.859271261555672,5.385666542216302,-3.859271261555672,-3.859271261555672,2.3720039163450775,-3.859271261555672,2.841269670141794,6.652268557550759,4.424411408107484,-3.859271261555672,-3.859271261555672,-3.859271261555672,-3.859271261555672,-3.859271261555672,-3.859271261555672,1.862488728313445,4.652618506673199,5.414651319102269,4.316226692218935,1.4586592536877176,-3.859271261555672,5.051191544456827,-3.859271261555672,-3.859271261555672,-3.859271261555672,-3.859271261555672,-3.859271261555672,-3.859271261555672,-3.859271261555672,-3.859271261555672,-3.859271261555672,-3.859271261555672,2.7079140115384956,0.7704029827949662,-3.859271261555672,5.919709055173173,7.368611048423012,-3.859271261555672,-3.859271261555672,-3.859271261555672,4.316226692218935,5.238045911381958,6.607064379533834,-3.859271261555672,-3.859271261555672,4.344389750647675,3.705554606034249,-3.859271261555672,7.431375934956858,-3.859271261555672
BQLHLP94GUT,-2.5735474979214326,4.5989503092988375,-2.5735474979214326,-2.5735474979214326,2.043167651089139,-2.5735474979214326,-2.5735474979214326,9.366916170527054,10.99498533320514,-2.5735474979214326,10.05580547519195,-2.5735474979214326,-2.5735474979214326,2.043167651089139,11.317475360807693,-2.5735474979214326,-2.5735474979214326,-2.5735474979214326,6.464168901543075,-2.5735474979214326,7.076722780873286,3.135167986059775,-2.5735474979214326,8.663929810660521,8.168819754760438,-2.5735474979214326,-2.5735474979214326,-2.5735474979214326,-2.5735474979214326,-2.5735474979214326,-2.5735474979214326,-2.5735474979214326,-2.5735474979214326,-2.5735474979214326,4.432035742813335,7.003115883585449,5.07823100262582,6.323829451373524,-2.5735474979214326,-2.5735474979214326,-2.5735474979214326,-2.5735474979214326,-2.5735474979214326,-2.5735474979214326,3.98056865909035,-2.5735474979214326,-2.5735474979214326,-2.5735474979214326,-2.5735474979214326,-2.5735474979214326,2.7313599694467743,-2.5735474979214326,-2.5735474979214326,-2.5735474979214326,-2.5735474979214326,-2.5735474979214326,-2.5735474979214326,10.05186200618777,-2.5735474979214326,-2.5735474979214326,-2.5735474979214326,-2.5735474979214326,-2.5735474979214326,-2.5735474979214326,-2.5735474979214326,-2.5735474979214326,-2.5735474979214326
BQLHLP95GUT,-2.877980806019626,3.1974949278892146,-2.877980806019626,-2.877980806019626,1.8180725577388208,-2.877980806019626,-2.877980806019626,-2.877980806019626,9.386537917375392,-2.877980806019626,-2.877980806019626,-2.877980806019626,2.506643662125334,-2.877980806019626,-2.877980806019626,-2.877980806019626,2.9105787462104193,-2.877980806019626,6.085693470994208,-2.877980806019626,8.299636886923308,10.50724830676565,-2.877980806019626,6.6292552491352055,11.068887557385983,-2.877980806019626,-2.877980806019626,6.424111122797702,-2.877980806019626,-2.877980806019626,-2.877980806019626,-2.877980806019626,-2.877980806019626,-2.877980806019626,-2.877980806019626,9.451427922691344,3.420178663018835,-2.877980806019626,5.522696175717208,-2.877980806019626,-2.877980806019626,-2.877980806019626,-2.877980806019626,-2.877980806019626,-2.877980806019626,-2.877980806019626,-2.877980806019626,-2.877980806019626,-2.877980806019626,-2.877980806019626,1.8180725577388208,-2.877980806019626,6.113088986387893,-2.877980806019626,-2.877980806019626,-2.877980806019626,3.420178663018835,6.979435722463948,-2.877980806019626,4.112405576430319,-2.877980806019626,-2.877980806019626,4.582063887038863,5.176512920253569,-2.877980806019626,10.078914790782505,-2.877980806019626
BQLHLP96GUT,-2.4933769307955087,3.724514845539078,-2.4933769307955087,-2.4933769307955087,-2.4933769307955087,-2.4933769307955087,-2.4933769307955087,-2.4933769307955087,11.326518072646383,-2.4933769307955087,2.1230190842209273,-2.4933769307955087,6.347332735214821,7.881433705212273,-2.4933769307955087,-2.4933769307955087,-2.4933769307955087,-2.4933769307955087,7.143584694731663,-2.4933769307955087,-2.4933769307955087,9.17528169033564,-2.4933769307955087,9.414910576659684,9.826870577255688,-2.4933769307955087,-2.4933769307955087,3.9065041065597534,-2.4933769307955087,3.724514845539078,-2.4933769307955087,-2.4933769307955087,5.3715620846282475,6.875340791342,5.609891655994547,5.109313005346621,-2.4933769307955087,-2.4933769307955087,-2.4933769307955087,-2.4933769307955087,-2.4933769307955087,-2.4933769307955087,-2.4933769307955087,-2.4933769307955087,-2.4933769307955087,-2.4933769307955087,-2.4933769307955087,-2.4933769307955087,-2.4933769307955087,-2.4933769307955087,-2.4933769307955087,-2.4933769307955087,-2.4933769307955087,-2.4933769307955087,-2.4933769307955087,-2.4933769307955087,-2.4933769307955087,5.058045979406684,-2.4933769307955087,8.063750060526992,-2.4933769307955087,-2.4933769307955087,-2.4933769307955087,-2.4933769307955087,-2.4933769307955087,11.493081097820193,-2.4933769307955087
BQLHLP97GUT,-3.2311672146787496,5.013319167744394,3.3228058799177456,-3.2311672146787496,-3.2311672146787496,5.486507815328682,-3.2311672146787496,-3.2311672146787496,10.809514835418533,-3.2311672146787496,-3.2311672146787496,-3.2311672146787496,5.7063349881692185,9.415920368713778,-3.2311672146787496,-3.2311672146787496,-3.2311672146787496,-3.2311672146787496,7.156244604751178,-3.2311672146787496,-3.2311672146787496,7.672597979458864,-3.2311672146787496,7.4891745415334725,9.748564424544666,6.601270627373904,4.266396615561378,-3.2311672146787496,-3.2311672146787496,2.4774054780654353,-3.2311672146787496,-3.2311672146787496,-3.2311672146787496,-3.2311672146787496,-3.2311672146787496,7.7140819904771005,-3.2311672146787496,-3.2311672146787496,-3.2311672146787496,-3.2311672146787496,-3.2311672146787496,-3.2311672146787496,-3.2311672146787496,-3.2311672146787496,-3.2311672146787496,-3.2311672146787496,2.0735976978914907,2.764257855384792,-3.2311672146787496,-3.2311672146787496,-3.2311672146787496,-3.2311672146787496,7.5196773321495405,-3.2311672146787496,-3.2311672146787496,1.3854060841761906,-3.2311672146787496,9.344139427280416,-3.2311672146787496,8.118362681375054,-3.2311672146787496,-3.2311672146787496,2.4774054780654353,7.171558371365541,-3.2311672146787496,8.436813201118301,-3.2311672146787496
BQLHLP98GUT,-1.8887860461492378,-1.8887860461492378,-1.8887860461492378,-1.8887860461492378,-1.8887860461492378,-1.8887860461492378,-1.8887860461492378,7.616518075687695,12.877005255678755,6.086243650946541,-1.8887860461492378,-1.8887860461492378,-1.8887860461492378,-1.8887860461492378,-1.8887860461492378,-1.8887860461492378,4.512024876436728,-1.8887860461492378,3.4167275081938047,-1.8887860461492378,6.74413366746807,9.815333455358987,-1.8887860461492378,-1.8887860461492378,8.331768338262208,-1.8887860461492378,-1.8887860461492378,-1.8887860461492378,-1.8887860461492378,4.1073895291942915,-1.8887860461492378,-1.8887860461492378,-1.8887860461492378,-1.8887860461492378,8.402217522059816,-1.8887860461492378,4.799291810124079,-1.8887860461492378,-1.8887860461492378,-1.8887860461492378,-1.8887860461492378,-1.8887860461492378,-1.8887860461492378,-1.8887860461492378,5.4918159592205456,-1.8887860461492378,-1.8887860461492378,-1.8887860461492378,-1.8887860461492378,-1.8887860461492378,-1.8887860461492378,-1.8887860461492378,-1.8887860461492378,-1.8887860461492378,5.117405754019831,-1.8887860461492378,4.330035306614004,6.5689636904953534,-1.8887860461492378,-1.8887860461492378,-1.8887860461492378,-1.8887860461492378,-1.8887860461492378,-1.8887860461492378,-1.8887860461492378,-1.8887860461492378,-1.8887860461492378
BQLHLP99GUT,-2.8608496278857,1.7592049214999605,8.922503181286688,-2.8608496278857,-2.8608496278857,6.467891517474487,-2.8608496278857,-2.8608496278857,11.693549830890335,-2.8608496278857,7.362468228898616,-2.8608496278857,1.7592049214999605,-2.8608496278857,-2.8608496278857,2.4474137993841487,-2.8608496278857,-2.8608496278857,6.292704439069873,-2.8608496278857,-2.8608496278857,-2.8608496278857,-2.8608496278857,8.00890429753541,7.587063264578847,1.7592049214999605,-2.8608496278857,3.82998836348794,-2.8608496278857,-2.8608496278857,-2.8608496278857,-2.8608496278857,4.583102292328136,-2.8608496278857,3.360729801420189,6.156144393157899,-2.8608496278857,-2.8608496278857,-2.8608496278857,-2.8608496278857,-2.8608496278857,-2.8608496278857,-2.8608496278857,-2.8608496278857,-2.8608496278857,-2.8608496278857,-2.8608496278857,-2.8608496278857,-2.8608496278857,-2.8608496278857,-2.8608496278857,-2.8608496278857,7.927268565833324,-2.8608496278857,-2.8608496278857,-2.8608496278857,-2.8608496278857,4.52251423039796,-2.8608496278857,6.282010288048827,6.249224031250648,-2.8608496278857,-2.8608496278857,7.482677286207354,4.458017142182382,9.8264435369239,-2.8608496278857
BQLHSO100GUT,-1.9019502619225408,4.6532037118878256,-1.9019502619225408,-1.9019502619225408,-1.9019502619225408,-1.9019502619225408,-1.9019502619225408,10.24861861670882,12.536518328676154,-1.9019502619225408,3.4039913420047703,-1.9019502619225408,-1.9019502619225408,-1.9019502619225408,11.19815738668392,-1.9019502619225408,-1.9019502619225408,-1.9019502619225408,5.750867041248593,-1.9019502619225408,-1.9019502619225408,6.766484739249879,-1.9019502619225408,-1.9019502619225408,10.22121978933639,-1.9019502619225408,-1.9019502619225408,-1.9019502619225408,-1.9019502619225408,2.71579391494536,-1.9019502619225408,3.4039913420047703,-1.9019502619225408,-1.9019502619225408,-1.9019502619225408,4.904201920447262,-1.9019502619225408,-1.9019502619225408,-1.9019502619225408,-1.9019502619225408,-1.9019502619225408,-1.9019502619225408,-1.9019502619225408,-1.9019502619225408,7.136805310333358,-1.9019502619225408,-1.9019502619225408,-1.9019502619225408,-1.9019502619225408,-1.9019502619225408,-1.9019502619225408,-1.9019502619225408,-1.9019502619225408,-1.9019502619225408,-1.9019502619225408,-1.9019502619225408,-1.9019502619225408,8.928465842599696,-1.9019502619225408,2.71579391494536,-1.9019502619225408,-1.9019502619225408,4.317300418900197,-1.9019502619225408,-1.9019502619225408,-1.9019502619225408,-1.9019502619225408
BQLHSO101GUT,-1.9862253893624784,5.917084239756441,-1.9862253893624784,-1.9862253893624784,-1.9862253893624784,-1.9862253893624784,-1.9862253893624784,7.003029172419976,12.717008856911848,-1.9862253893624784,-1.9862253893624784,-1.9862253893624784,-1.9862253893624784,-1.9862253893624784,9.76371307792125,-1.9862253893624784,-1.9862253893624784,-1.9862253893624784,6.147531818126725,-1.9862253893624784,-1.9862253893624784,6.204673928304686,-1.9862253893624784,-1.9862253893624784,8.215626268763975,-1.9862253893624784,-1.9862253893624784,5.565841927572021,-1.9862253893624784,-1.9862253893624784,-1.9862253893624784,-1.9862253893624784,-1.9862253893624784,-1.9862253893624784,6.779916806381206,-1.9862253893624784,-1.9862253893624784,-1.9862253893624784,-1.9862253893624784,-1.9862253893624784,10.069217460663538,4.568212733148833,-1.9862253893624784,-1.9862253893624784,4.00966421245634,-1.9862253893624784,-1.9862253893624784,-1.9862253893624784,-1.9862253893624784,-1.9862253893624784,2.630808997556213,-1.9862253893624784,-1.9862253893624784,-1.9862253893624784,-1.9862253893624784,-1.9862253893624784,-1.9862253893624784,6.779916806381206,-1.9862253893624784,-1.9862253893624784,-1.9862253893624784,-1.9862253893624784,6.91147394048497,-1.9862253893624784,-1.9862253893624784,-1.9862253893624784,-1.9862253893624784
BQLHSO102GUT,-2.257457853066465,7.291609862645643,-2.257457853066465,-2.257457853066465,-2.257457853066465,-2.257457853066465,3.7386819710914474,5.183696293775899,12.513553657129119,-2.257457853066465,-2.257457853066465,-2.257457853066465,3.9613277307104044,-2.257457853066465,6.262118719049985,-2.257457853066465,3.048020038829635,-2.257457853066465,-2.257457853066465,-2.257457853066465,3.7386819710914474,3.048020038829635,-2.257457853066465,-2.257457853066465,7.981143715110274,-2.257457853066465,-2.257457853066465,-2.257457853066465,-2.257457853066465,-2.257457853066465,-2.257457853066465,-2.257457853066465,-2.257457853066465,-2.257457853066465,-2.257457853066465,-2.257457853066465,7.086182142329615,8.300564706930933,-2.257457853066465,-2.257457853066465,-2.257457853066465,-2.257457853066465,-2.257457853066465,-2.257457853066465,5.528365671494963,-2.257457853066465,-2.257457853066465,-2.257457853066465,-2.257457853066465,-2.257457853066465,6.301331758177995,-2.257457853066465,-2.257457853066465,5.608376410584831,-2.257457853066465,-2.257457853066465,4.430584207486086,7.834734505715571,-2.257457853066465,-2.257457853066465,-2.257457853066465,-2.257457853066465,8.758441399273519,-2.257457853066465,-2.257457853066465,-2.257457853066465,-2.257457853066465
BQLHSO76GUT,-1.729214806922191,-1.729214806922191,-1.729214806922191,-1.729214806922191,-1.729214806922191,-1.729214806922191,-1.729214806922191,11.59674511982212,12.701052371743355,5.6437820741877465,-1.729214806922191,-1.729214806922191,-1.729214806922191,7.810372964746007,-1.729214806922191,-1.729214806922191,-1.729214806922191,-1.729214806922191,-1.729214806922191,-1.729214806922191,-1.729214806922191,5.708281345594761,-1.729214806922191,-1.729214806922191,10.468802442757625,-1.729214806922191,-1.729214806922191,-1.729214806922191,-1.729214806922191,-1.729214806922191,-1.729214806922191,4.546424964182697,-1.729214806922191,-1.729214806922191,-1.729214806922191,7.978589618298835,6.231289596415511,-1.729214806922191,-1.729214806922191,-1.729214806922191,-1.729214806922191,-1.729214806922191,-1.729214806922191,-1.729214806922191,8.82400776033686,-1.729214806922191,-1.729214806922191,-1.729214806922191,-1.729214806922191,-1.729214806922191,-1.729214806922191,-1.729214806922191,-1.729214806922191,-1.729214806922191,-1.729214806922191,-1.729214806922191,-1.729214806922191,4.323751698987559,-1.729214806922191,-1.729214806922191,-1.729214806922191,-1.729214806922191,9.273714423647736,-1.729214806922191,-1.729214806922191,-1.729214806922191,-1.729214806922191
BQLHSO77GUT,-2.060961232485938,4.742901307592885,-2.060961232485938,-2.060961232485938,-2.060961232485938,-2.060961232485938,-2.060961232485938,9.857793684232833,12.424888418921684,-2.060961232485938,-2.060961232485938,-2.060961232485938,-2.060961232485938,5.763842234782719,-2.060961232485938,-2.060961232485938,2.554513422982337,-2.060961232485938,6.533735781274156,-2.060961232485938,4.943370258807064,6.655604359430064,-2.060961232485938,-2.060961232485938,11.235882864314533,-2.060961232485938,-2.060961232485938,-2.060961232485938,-2.060961232485938,-2.060961232485938,4.156001834175458,-2.060961232485938,-2.060961232485938,-2.060961232485938,-2.060961232485938,-2.060961232485938,8.255026750450437,3.24269957577038,-2.060961232485938,-2.060961232485938,7.306826003550232,-2.060961232485938,-2.060961232485938,-2.060961232485938,-2.060961232485938,-2.060961232485938,-2.060961232485938,-2.060961232485938,-2.060961232485938,-2.060961232485938,-2.060961232485938,-2.060961232485938,-2.060961232485938,-2.060961232485938,-2.060961232485938,-2.060961232485938,3.646505523551155,5.37836782905158,-2.060961232485938,-2.060961232485938,-2.060961232485938,-2.060961232485938,8.41106300789566,-2.060961232485938,-2.060961232485938,-2.060961232485938,-2.060961232485938
BQLHSO78GUT,-1.8647471274180392,4.534383481622729,-1.8647471274180392,-1.8647471274180392,-1.8647471274180392,-1.8647471274180392,-1.8647471274180392,11.457496995829606,-1.8647471274180392,-1.8647471274180392,12.038303957406896,-1.8647471274180392,-1.8647471274180392,3.439091678922607,-1.8647471274180392,-1.8647471274180392,2.7509046453459374,-1.8647471274180392,-1.8647471274180392,-1.8647471274180392,-1.8647471274180392,-1.8647471274180392,-1.8647471274180392,-1.8647471274180392,11.282652239195128,-1.8647471274180392,-1.8647471274180392,-1.8647471274180392,-1.8647471274180392,-1.8647471274180392,-1.8647471274180392,3.8428979222495276,-1.8647471274180392,-1.8647471274180392,11.354010118900927,-1.8647471274180392,-1.8647471274180392,-1.8647471274180392,-1.8647471274180392,-1.8647471274180392,4.1297495292310185,-1.8647471274180392,-1.8647471274180392,-1.8647471274180392,-1.8647471274180392,-1.8647471274180392,-1.8647471274180392,-1.8647471274180392,-1.8647471274180392,5.631886486967419,2.7509046453459374,-1.8647471274180392,-1.8647471274180392,-1.8647471274180392,-1.8647471274180392,-1.8647471274180392,-1.8647471274180392,6.207007812028876,-1.8647471274180392,-1.8647471274180392,-1.8647471274180392,-1.8647471274180392,6.868255201482853,-1.8647471274180392,-1.8647471274180392,7.928401265862979,2.7509046453459374
BQLHSO79GUT,-1.8712876465391186,6.3531474052568875,-1.8712876465391186,2.75183209383999,-1.8712876465391186,-1.8712876465391186,-1.8712876465391186,8.279334752511362,12.399293294278321,-1.8712876465391186,-1.8712876465391186,-1.8712876465391186,-1.8712876465391186,-1.8712876465391186,12.050155104591688,-1.8712876465391186,-1.8712876465391186,-1.8712876465391186,7.172896314553831,-1.8712876465391186,-1.8712876465391186,8.525817136476784,-1.8712876465391186,-1.8712876465391186,-1.8712876465391186,-1.8712876465391186,-1.8712876465391186,-1.8712876465391186,-1.8712876465391186,-1.8712876465391186,-1.8712876465391186,-1.8712876465391186,-1.8712876465391186,-1.8712876465391186,8.432354398672244,-1.8712876465391186,-1.8712876465391186,-1.8712876465391186,-1.8712876465391186,-1.8712876465391186,-1.8712876465391186,-1.8712876465391186,-1.8712876465391186,4.535372793154962,6.526376485483593,4.353381287356989,4.353381287356989,-1.8712876465391186,-1.8712876465391186,-1.8712876465391186,-1.8712876465391186,-1.8712876465391186,-1.8712876465391186,-1.8712876465391186,-1.8712876465391186,-1.8712876465391186,-1.8712876465391186,5.381727050006046,-1.8712876465391186,-1.8712876465391186,-1.8712876465391186,2.75183209383999,3.4400561226547506,-1.8712876465391186,-1.8712876465391186,-1.8712876465391186,-1.8712876465391186
BQLHSO80GUT,-1.593817817308273,-1.593817817308273,-1.593817817308273,-1.593817817308273,-1.593817817308273,-1.593817817308273,-1.593817817308273,11.65933679541088,12.900868442939009,-1.593817817308273,-1.593817817308273,-1.593817817308273,-1.593817817308273,-1.593817817308273,-1.593817817308273,-1.593817817308273,4.362356085653081,-1.593817817308273,-1.593817817308273,-1.593817817308273,-1.593817817308273,3.2689100327250262,-1.593817817308273,-1.593817817308273,10.693047164517976,-1.593817817308273,-1.593817817308273,-1.593817817308273,-1.593817817308273,-1.593817817308273,-1.593817817308273,-1.593817817308273,-1.593817817308273,-1.593817817308273,-1.593817817308273,-1.593817817308273,-1.593817817308273,-1.593817817308273,-1.593817817308273,-1.593817817308273,-1.593817817308273,-1.593817817308273,-1.593817817308273,-1.593817817308273,7.08996135660217,-1.593817817308273,-1.593817817308273,-1.593817817308273,-1.593817817308273,-1.593817817308273,3.2689100327250262,-1.593817817308273,-1.593817817308273,7.173329420649084,-1.593817817308273,-1.593817817308273,7.045517289911044,6.257272312454537,-1.593817817308273,-1.593817817308273,-1.593817817308273,-1.593817817308273,5.969720007355788,-1.593817817308273,-1.593817817308273,7.970751011011708,-1.593817817308273
BQLHSO81GUT,-2.5715673924298317,2.0464963576364807,2.7346953701710883,-2.5715673924298317,-2.5715673924298317,-2.5715673924298317,3.829995225165975,-2.5715673924298317,12.148215106280771,-2.5715673924298317,2.0464963576364807,-2.5715673924298317,-2.5715673924298317,7.08649533291466,8.522751402897024,-2.5715673924298317,3.138505632969119,6.919452867858502,3.6480054059254448,-2.5715673924298317,-2.5715673924298317,7.334942632308154,-2.5715673924298317,-2.5715673924298317,8.253201417134084,-2.5715673924298317,-2.5715673924298317,5.332781484287706,-2.5715673924298317,-2.5715673924298317,-2.5715673924298317,-2.5715673924298317,-2.5715673924298317,-2.5715673924298317,7.154628928550213,-2.5715673924298317,-2.5715673924298317,-2.5715673924298317,-2.5715673924298317,-2.5715673924298317,-2.5715673924298317,-2.5715673924298317,-2.5715673924298317,-2.5715673924298317,-2.5715673924298317,-2.5715673924298317,-2.5715673924298317,-2.5715673924298317,-2.5715673924298317,-2.5715673924298317,5.404214990378676,-2.5715673924298317,-2.5715673924298317,-2.5715673924298317,-2.5715673924298317,-2.5715673924298317,-2.5715673924298317,6.354196457686229,-2.5715673924298317,-2.5715673924298317,-2.5715673924298317,-2.5715673924298317,6.999489765745411,5.948797807320809,-2.5715673924298317,8.88671214328025,7.073592758055159
BQLHSO82GUT,-2.571106315687582,4.3806092582400495,9.345993518575858,-2.571106315687582,-2.571106315687582,-2.571106315687582,-2.571106315687582,-2.571106315687582,11.944668485508652,6.13767486865865,8.095683236087515,-2.571106315687582,-2.571106315687582,5.573864509780487,-2.571106315687582,-2.571106315687582,-2.571106315687582,-2.571106315687582,4.024344369626055,-2.571106315687582,-2.571106315687582,8.996760030385964,-2.571106315687582,5.814964380852944,8.546331883065333,-2.571106315687582,-2.571106315687582,4.157704926299138,2.086600213182299,-2.571106315687582,-2.571106315687582,-2.571106315687582,-2.571106315687582,3.8704214256780927,-2.571106315687582,-2.571106315687582,-2.571106315687582,-2.571106315687582,-2.571106315687582,-2.571106315687582,-2.571106315687582,-2.571106315687582,-2.571106315687582,-2.571106315687582,-2.571106315687582,-2.571106315687582,-2.571106315687582,4.642752654020739,-2.571106315687582,-2.571106315687582,-2.571106315687582,-2.571106315687582,-2.571106315687582,-2.571106315687582,-2.571106315687582,-2.571106315687582,-2.571106315687582,-2.571106315687582,7.5451672734881825,7.385381832580603,-2.571106315687582,-2.571106315687582,2.086600213182299,8.893813087502867,-2.571106315687582,9.883766986288453,-2.571106315687582
BQLHSO83GUT,-2.770424457447029,5.857536984962505,-2.770424457447029,-2.770424457447029,-2.770424457447029,4.489785291850112,-2.770424457447029,8.395388564660294,11.853539066617722,-2.770424457447029,4.048342996985241,-2.770424457447029,-2.770424457447029,5.028488849439706,-2.770424457447029,-2.770424457447029,-2.770424457447029,-2.770424457447029,5.611453875822483,-2.770424457447029,-2.770424457447029,7.563790062323515,-2.770424457447029,5.839191161645013,6.887041305297887,-2.770424457447029,-2.770424457447029,3.238778182368318,-2.770424457447029,-2.770424457447029,-2.770424457447029,-2.770424457447029,1.859824946388821,6.382730138477213,-2.770424457447029,2.548084036410305,-2.770424457447029,-2.770424457447029,-2.770424457447029,-2.770424457447029,-2.770424457447029,-2.770424457447029,-2.770424457447029,-2.770424457447029,-2.770424457447029,-2.770424457447029,-2.770424457447029,-2.770424457447029,-2.770424457447029,-2.770424457447029,3.797340824903767,-2.770424457447029,-2.770424457447029,-2.770424457447029,-2.770424457447029,-2.770424457447029,-2.770424457447029,8.926686887757883,-2.770424457447029,8.487295693101302,-2.770424457447029,-2.770424457447029,6.292791867435219,3.797340824903767,-2.770424457447029,9.299528488962016,7.23456499225029
BQLHSO84GUT,-3.8616735955407604,3.1811705144729747,7.662795188993554,4.1500286663294546,-3.8616735955407604,-3.8616735955407604,-3.8616735955407604,6.2672380646969215,10.506882293433849,4.040867630536916,7.202411814738878,5.259847330310231,-3.8616735955407604,2.3937609709193426,8.915697906711717,-3.8616735955407604,-3.8616735955407604,-3.8616735955407604,3.8273815745993605,-3.8616735955407604,-3.8616735955407604,1.8842145229329623,-3.8616735955407604,3.727346305462355,3.8738807804486175,-3.8616735955407604,-3.8616735955407604,-3.8616735955407604,-3.8616735955407604,-3.8616735955407604,0.7919736833210729,-3.8616735955407604,6.525435237145663,4.843010053228058,-3.8616735955407604,6.002809036737969,-3.8616735955407604,-3.8616735955407604,-3.8616735955407604,-3.8616735955407604,-3.8616735955407604,-3.8616735955407604,-3.8616735955407604,3.8738807804486175,6.362167342796671,-3.8616735955407604,-3.8616735955407604,-3.8616735955407604,-3.8616735955407604,-3.8616735955407604,3.1811705144729747,-3.8616735955407604,-3.8616735955407604,5.969840760139551,-3.8616735955407604,-3.8616735955407604,-3.8616735955407604,4.078594262033619,5.426884601242599,4.420240465656198,5.7864120785737265,-3.8616735955407604,-3.8616735955407604,3.918313542402185,3.7786143006939694,8.890726407068817,-3.8616735955407604
BQLHSO85GUT,-1.2924419414657295,-1.2924419414657295,-1.2924419414657295,-1.2924419414657295,-1.2924419414657295,-1.2924419414657295,-1.2924419414657295,6.149500527805175,13.392595777467458,-1.2924419414657295,-1.2924419414657295,-1.2924419414657295,-1.2924419414657295,-1.2924419414657295,-1.2924419414657295,-1.2924419414657295,-1.2924419414657295,-1.2924419414657295,-1.2924419414657295,-1.2924419414657295,5.801438031018888,-1.2924419414657295,-1.2924419414657295,-1.2924419414657295,10.56278855230375,3.325621808600583,-1.2924419414657295,-1.2924419414657295,-1.2924419414657295,-1.2924419414657295,-1.2924419414657295,-1.2924419414657295,-1.2924419414657295,-1.2924419414657295,11.004618768395426,-1.2924419414657295,-1.2924419414657295,-1.2924419414657295,-1.2924419414657295,4.013820821135191,-1.2924419414657295,-1.2924419414657295,-1.2924419414657295,-1.2924419414657295,-1.2924419414657295,-1.2924419414657295,-1.2924419414657295,-1.2924419414657295,-1.2924419414657295,-1.2924419414657295,-1.2924419414657295,-1.2924419414657295,-1.2924419414657295,-1.2924419414657295,4.704484705653316,-1.2924419414657295,5.263034333166502,9.451287338000764,-1.2924419414657295,-1.2924419414657295,-1.2924419414657295,-1.2924419414657295,-1.2924419414657295,-1.2924419414657295,-1.2924419414657295,-1.2924419414657295,-1.2924419414657295
BQLHSO86GUT,-2.890163417891146,5.895033570172027,-2.890163417891146,-2.890163417891146,-2.890163417891146,-2.890163417891146,4.024072434860511,9.681518242357606,6.9986587067906125,-2.890163417891146,2.822415208399975,-2.890163417891146,5.088132019650476,-2.890163417891146,-2.890163417891146,-2.890163417891146,-2.890163417891146,-2.890163417891146,-2.890163417891146,-2.890163417891146,4.61141742873818,4.024072434860511,-2.890163417891146,7.491965412444045,9.321900612326926,-2.890163417891146,1.73038946355887,-2.890163417891146,-2.890163417891146,2.418600807826378,-2.890163417891146,-2.890163417891146,7.043551799144453,-2.890163417891146,3.331918301445854,8.15985956560859,-2.890163417891146,-2.890163417891146,3.1092709041454563,-2.890163417891146,-2.890163417891146,-2.890163417891146,-2.890163417891146,-2.890163417891146,6.139453730925556,-2.890163417891146,-2.890163417891146,-2.890163417891146,-2.890163417891146,-2.890163417891146,5.690972850430636,-2.890163417891146,-2.890163417891146,-2.890163417891146,-2.890163417891146,-2.890163417891146,-2.890163417891146,10.683142529394425,-2.890163417891146,-2.890163417891146,-2.890163417891146,-2.890163417891146,5.954743936371981,4.61141742873818,-2.890163417891146,11.224846416910568,-2.890163417891146
BQLHSO87GUT,-2.873766861818491,5.6446995172466705,-2.873766861818491,3.8131661680380016,-2.873766861818491,-2.873766861818491,-2.873766861818491,8.09896435762317,11.766905276303236,-2.873766861818491,-2.873766861818491,3.343910520027005,5.683912547850268,-2.873766861818491,6.667022542153594,-2.873766861818491,-2.873766861818491,-2.873766861818491,5.922282829515056,-2.873766861818491,-2.873766861818491,7.670039307994302,-2.873766861818491,8.186117476247466,6.622900979048362,-2.873766861818491,-2.873766861818491,4.5056896032405325,-2.873766861818491,-2.873766861818491,3.343910520027005,-2.873766861818491,4.82397315444465,-2.873766861818491,5.100116974656009,4.623403309835156,-2.873766861818491,-2.873766861818491,-2.873766861818491,2.43060613085538,-2.873766861818491,-2.873766861818491,-2.873766861818491,-2.873766861818491,-2.873766861818491,2.834413260823367,-2.873766861818491,-2.873766861818491,-2.873766861818491,-2.873766861818491,-2.873766861818491,-2.873766861818491,-2.873766861818491,-2.873766861818491,-2.873766861818491,1.7424164548987702,-2.873766861818491,5.3162731260728755,-2.873766861818491,-2.873766861818491,-2.873766861818491,-2.873766861818491,4.218215489139582,4.372247340919072,-2.873766861818491,9.714555033054063,-2.873766861818491
BQLHSO88GUT,-1.6032229659167436,5.406053127831492,-1.6032229659167436,-1.6032229659167436,-1.6032229659167436,-1.6032229659167436,-1.6032229659167436,-1.6032229659167436,13.125651684386906,-1.6032229659167436,-1.6032229659167436,-1.6032229659167436,-1.6032229659167436,10.287269092474391,-1.6032229659167436,-1.6032229659167436,5.898178204713956,-1.6032229659167436,-1.6032229659167436,-1.6032229659167436,-1.6032229659167436,-1.6032229659167436,-1.6032229659167436,-1.6032229659167436,-1.6032229659167436,-1.6032229659167436,-1.6032229659167436,-1.6032229659167436,-1.6032229659167436,7.084960008442726,-1.6032229659167436,8.330312484559377,-1.6032229659167436,-1.6032229659167436,-1.6032229659167436,-1.6032229659167436,-1.6032229659167436,-1.6032229659167436,-1.6032229659167436,-1.6032229659167436,-1.6032229659167436,-1.6032229659167436,3.0171519107196025,-1.6032229659167436,-1.6032229659167436,-1.6032229659167436,-1.6032229659167436,-1.6032229659167436,-1.6032229659167436,-1.6032229659167436,6.814137495699299,3.0171519107196025,-1.6032229659167436,-1.6032229659167436,-1.6032229659167436,-1.6032229659167436,9.255316098600865,9.532298227179227,-1.6032229659167436,-1.6032229659167436,-1.6032229659167436,-1.6032229659167436,6.40878288009375,-1.6032229659167436,-1.6032229659167436,-1.6032229659167436,-1.6032229659167436
BQLHSO90GUT,-3.33252673800614,3.4744137239377917,9.332512389865691,-3.33252673800614,-3.33252673800614,-3.33252673800614,-3.33252673800614,9.974765192445915,9.768370061765012,-3.33252673800614,-3.33252673800614,-3.33252673800614,-3.33252673800614,4.8872696814368926,-3.33252673800614,4.572288359408569,-3.33252673800614,-3.33252673800614,5.403377571379415,4.5345622221967705,-3.33252673800614,8.277337160885077,-3.33252673800614,5.670654642709719,5.920569180945771,-3.33252673800614,-3.33252673800614,-3.33252673800614,-3.33252673800614,1.974200104441224,-3.33252673800614,-3.33252673800614,6.252884931465619,4.5345622221967705,3.761819240202149,6.714205099635412,3.841798116354048,-3.33252673800614,-3.33252673800614,-3.33252673800614,-3.33252673800614,-3.33252673800614,-3.33252673800614,5.797979356326428,8.056015694687488,-3.33252673800614,-3.33252673800614,-3.33252673800614,-3.33252673800614,-3.33252673800614,-3.33252673800614,-3.33252673800614,7.616459342364542,-3.33252673800614,-3.33252673800614,-3.33252673800614,-3.33252673800614,6.756762908755996,-3.33252673800614,-3.33252673800614,-3.33252673800614,-3.33252673800614,9.410552955412433,-3.33252673800614,-3.33252673800614,10.097816313451622,-3.33252673800614
BQLHSO91GUT,-2.051499902038498,3.2524101124968445,4.501615248828934,-2.051499902038498,-2.051499902038498,-2.051499902038498,-2.051499902038498,7.785440473890341,10.8803135208261,-2.051499902038498,-2.051499902038498,-2.051499902038498,-2.051499902038498,-2.051499902038498,3.9430681402804475,-2.051499902038498,-2.051499902038498,-2.051499902038498,-2.051499902038498,-2.051499902038498,-2.051499902038498,5.812759260763431,-2.051499902038498,5.6457750343631625,4.501615248828934,-2.051499902038498,-2.051499902038498,-2.051499902038498,-2.051499902038498,-2.051499902038498,-2.051499902038498,-2.051499902038498,3.656216474042346,-2.051499902038498,-2.051499902038498,-2.051499902038498,-2.051499902038498,-2.051499902038498,-2.051499902038498,-2.051499902038498,-2.051499902038498,-2.051499902038498,-2.051499902038498,4.165713116669006,5.445205236665911,-2.051499902038498,-2.051499902038498,-2.051499902038498,2.5642227266040676,-2.051499902038498,9.169017411828818,-2.051499902038498,5.262994655656297,-2.051499902038498,-2.051499902038498,-2.051499902038498,-2.051499902038498,12.579851290392316,-2.051499902038498,-2.051499902038498,-2.051499902038498,-2.051499902038498,5.850485357761065,-2.051499902038498,-2.051499902038498,7.5582917920268144,-2.051499902038498
BQLHSO92GUT,-1.252897970283434,-1.252897970283434,-1.252897970283434,-1.252897970283434,-1.252897970283434,-1.252897970283434,-1.252897970283434,-1.252897970283434,13.541054143071717,-1.252897970283434,-1.252897970283434,-1.252897970283434,-1.252897970283434,-1.252897970283434,-1.252897970283434,-1.252897970283434,-1.252897970283434,-1.252897970283434,-1.252897970283434,-1.252897970283434,-1.252897970283434,-1.252897970283434,-1.252897970283434,-1.252897970283434,10.015761020886956,-1.252897970283434,-1.252897970283434,-1.252897970283434,-1.252897970283434,4.053293414720343,-1.252897970283434,7.989998893812211,-1.252897970283434,-1.252897970283434,3.3650947545142134,-1.252897970283434,8.502725550377054,-1.252897970283434,-1.252897970283434,-1.252897970283434,-1.252897970283434,-1.252897970283434,-1.252897970283434,-1.252897970283434,-1.252897970283434,-1.252897970283434,3.3650947545142134,-1.252897970283434,-1.252897970283434,-1.252897970283434,-1.252897970283434,-1.252897970283434,-1.252897970283434,-1.252897970283434,-1.252897970283434,-1.252897970283434,8.95732871780399,6.188972807596638,-1.252897970283434,-1.252897970283434,-1.252897970283434,-1.252897970283434,5.435860248858908,-1.252897970283434,-1.252897970283434,-1.252897970283434,-1.252897970283434
BQLHSO93GUT,-2.1807816528706736,-2.1807816528706736,-2.1807816528706736,2.5676706330029075,-2.1807816528706736,-2.1807816528706736,-2.1807816528706736,-2.1807816528706736,12.405462070538581,-2.1807816528706736,-2.1807816528706736,-2.1807816528706736,8.461624992030794,8.71171906890354,-2.1807816528706736,-2.1807816528706736,3.256475852919046,-2.1807816528706736,-2.1807816528706736,-2.1807816528706736,7.779370848573652,7.910867335230312,-2.1807816528706736,4.862426571664651,-2.1807816528706736,-2.1807816528706736,-2.1807816528706736,9.262166614984364,-2.1807816528706736,-2.1807816528706736,-2.1807816528706736,3.947444962898133,-2.1807816528706736,-2.1807816528706736,-2.1807816528706736,-2.1807816528706736,8.942489176549596,-2.1807816528706736,-2.1807816528706736,-2.1807816528706736,-2.1807816528706736,3.256475852919046,-2.1807816528706736,-2.1807816528706736,-2.1807816528706736,-2.1807816528706736,-2.1807816528706736,-2.1807816528706736,-2.1807816528706736,-2.1807816528706736,-2.1807816528706736,-2.1807816528706736,-2.1807816528706736,-2.1807816528706736,3.947444962898133,-2.1807816528706736,6.4093013365038205,10.123210785637637,-2.1807816528706736,-2.1807816528706736,-2.1807816528706736,-2.1807816528706736,9.375713231150458,-2.1807816528706736,-2.1807816528706736,-2.1807816528706736,-2.1807816528706736
BQLHSO94GUT,-2.5394698937211073,-2.5394698937211073,-2.5394698937211073,-2.5394698937211073,-2.5394698937211073,-2.5394698937211073,-2.5394698937211073,-2.5394698937211073,11.392415365104858,-2.5394698937211073,8.224621259741413,-2.5394698937211073,-2.5394698937211073,10.213623280251053,-2.5394698937211073,-2.5394698937211073,-2.5394698937211073,4.672190476905078,6.816119601873831,-2.5394698937211073,8.62713818231108,4.592209261582426,-2.5394698937211073,9.257211903261377,3.4951944482378874,-2.5394698937211073,-2.5394698937211073,6.233792130906965,-2.5394698937211073,2.8044387059671565,-2.5394698937211073,-2.5394698937211073,-2.5394698937211073,-2.5394698937211073,11.230196528301862,-2.5394698937211073,-2.5394698937211073,7.932531342251678,-2.5394698937211073,-2.5394698937211073,-2.5394698937211073,-2.5394698937211073,-2.5394698937211073,-2.5394698937211073,-2.5394698937211073,-2.5394698937211073,-2.5394698937211073,-2.5394698937211073,-2.5394698937211073,-2.5394698937211073,5.1979816464043775,-2.5394698937211073,-2.5394698937211073,-2.5394698937211073,-2.5394698937211073,-2.5394698937211073,5.508020252809341,7.4392680860394895,-2.5394698937211073,-2.5394698937211073,-2.5394698937211073,-2.5394698937211073,7.992633614417396,-2.5394698937211073,-2.5394698937211073,2.8044387059671565,-2.5394698937211073
BQLHSO95GUT,3.733011127000865,-1.9073696350244702,-1.9073696350244702,-1.9073696350244702,-1.9073696350244702,-1.9073696350244702,-1.9073696350244702,-1.9073696350244702,12.638215965735302,-1.9073696350244702,-1.9073696350244702,-1.9073696350244702,-1.9073696350244702,6.88660536616234,-1.9073696350244702,-1.9073696350244702,-1.9073696350244702,-1.9073696350244702,-1.9073696350244702,-1.9073696350244702,6.928271872993425,10.983987200009828,-1.9073696350244702,9.614177380895395,9.012675110358643,-1.9073696350244702,-1.9073696350244702,-1.9073696350244702,-1.9073696350244702,-1.9073696350244702,-1.9073696350244702,-1.9073696350244702,-1.9073696350244702,-1.9073696350244702,8.608487244766035,9.530070732951518,-1.9073696350244702,-1.9073696350244702,-1.9073696350244702,-1.9073696350244702,-1.9073696350244702,-1.9073696350244702,-1.9073696350244702,-1.9073696350244702,-1.9073696350244702,-1.9073696350244702,-1.9073696350244702,-1.9073696350244702,-1.9073696350244702,-1.9073696350244702,5.52180661140726,-1.9073696350244702,-1.9073696350244702,-1.9073696350244702,7.832155564800004,-1.9073696350244702,5.1166382974281355,6.591857816812906,-1.9073696350244702,-1.9073696350244702,-1.9073696350244702,-1.9073696350244702,-1.9073696350244702,-1.9073696350244702,-1.9073696350244702,-1.9073696350244702,-1.9073696350244702
BQLHSO96GUT,-3.9571040627308447,4.656853777828108,-3.9571040627308447,-3.9571040627308447,-3.9571040627308447,-3.9571040627308447,1.107659575896447,-3.9571040627308447,9.844218631732355,-3.9571040627308447,-3.9571040627308447,-3.9571040627308447,-3.9571040627308447,5.071735968166162,-3.9571040627308447,6.288745456958197,-3.9571040627308447,-3.9571040627308447,4.862672053987353,4.146149182687905,-3.9571040627308447,6.681077954803877,-3.9571040627308447,5.5202413235819225,8.151452178362597,-3.9571040627308447,-3.9571040627308447,5.178969305073091,-3.9571040627308447,1.107659575896447,-3.9571040627308447,1.7976440586742417,-3.9571040627308447,2.8941423114172187,9.104020434522612,6.195113337027965,-3.9571040627308447,-3.9571040627308447,-3.9571040627308447,-3.9571040627308447,5.716507586943206,-3.9571040627308447,-3.9571040627308447,-3.9571040627308447,-3.9571040627308447,-3.9571040627308447,1.7976440586742417,-3.9571040627308447,3.809797960046324,7.452220954278969,-3.9571040627308447,-3.9571040627308447,6.348381667748865,-3.9571040627308447,-3.9571040627308447,-3.9571040627308447,1.107659575896447,6.176537682508457,6.57362152320048,8.562968190742533,-3.9571040627308447,-3.9571040627308447,7.747722914694057,7.800832313083006,-3.9571040627308447,8.624808892070035,-3.9571040627308447
BQLHSO97GUT,-3.8156342495209783,5.637983124109286,-3.8156342495209783,-3.8156342495209783,-3.8156342495209783,8.1069829054427,-3.8156342495209783,7.274845468505976,4.417668302153736,-3.8156342495209783,7.803683331534617,4.547689032617108,7.50592872538972,3.3195871874521243,-3.8156342495209783,-3.8156342495209783,-3.8156342495209783,-3.8156342495209783,8.014722150112881,-3.8156342495209783,-3.8156342495209783,7.761450955746266,-3.8156342495209783,5.13807802886317,6.708841272746642,-3.8156342495209783,-3.8156342495209783,7.217406464768404,-3.8156342495209783,1.9356796237972438,-3.8156342495209783,-3.8156342495209783,6.960773741695129,5.578898980232322,-3.8156342495209783,9.076116080991286,-3.8156342495209783,-3.8156342495209783,-3.8156342495209783,-3.8156342495209783,-3.8156342495209783,-3.8156342495209783,-3.8156342495209783,-3.8156342495209783,6.810258859602558,-3.8156342495209783,-3.8156342495209783,-3.8156342495209783,-3.8156342495209783,-3.8156342495209783,3.1374249278452737,-3.8156342495209783,8.720720263439345,-3.8156342495209783,-3.8156342495209783,-3.8156342495209783,-3.8156342495209783,5.902848036141086,-3.8156342495209783,-3.8156342495209783,8.217879070579976,-3.8156342495209783,8.124864969929527,-3.8156342495209783,-3.8156342495209783,2.4452329978880423,9.891073978296795
BQLHSO98GUT,-1.8014006735628234,6.745106539166556,-1.8014006735628234,-1.8014006735628234,5.382366547021142,-1.8014006735628234,-1.8014006735628234,-1.8014006735628234,3.6810272556260064,-1.8014006735628234,-1.8014006735628234,-1.8014006735628234,-1.8014006735628234,9.959133916452709,-1.8014006735628234,-1.8014006735628234,6.790560281104128,-1.8014006735628234,-1.8014006735628234,-1.8014006735628234,10.280808846797141,12.688627346874444,-1.8014006735628234,-1.8014006735628234,-1.8014006735628234,-1.8014006735628234,7.301311665397039,-1.8014006735628234,-1.8014006735628234,-1.8014006735628234,-1.8014006735628234,-1.8014006735628234,-1.8014006735628234,-1.8014006735628234,-1.8014006735628234,-1.8014006735628234,-1.8014006735628234,-1.8014006735628234,-1.8014006735628234,-1.8014006735628234,-1.8014006735628234,-1.8014006735628234,-1.8014006735628234,-1.8014006735628234,-1.8014006735628234,6.316214975892781,-1.8014006735628234,-1.8014006735628234,-1.8014006735628234,-1.8014006735628234,-1.8014006735628234,-1.8014006735628234,-1.8014006735628234,-1.8014006735628234,10.443055889264944,-1.8014006735628234,10.644301578623404,8.844522203735153,-1.8014006735628234,-1.8014006735628234,-1.8014006735628234,-1.8014006735628234,-1.8014006735628234,-1.8014006735628234,-1.8014006735628234,-1.8014006735628234,-1.8014006735628234
HULP63GUT,-2.9682760919713305,4.351132135862317,-2.9682760919713305,-2.9682760919713305,-2.9682760919713305,-2.9682760919713305,2.409189431139136,-2.9682760919713305,11.353210695760184,-2.9682760919713305,9.649860895063282,-2.9682760919713305,-2.9682760919713305,8.493614612141599,-2.9682760919713305,-2.9682760919713305,-2.9682760919713305,-2.9682760919713305,-2.9682760919713305,-2.9682760919713305,3.9096674015098967,7.85776116556258,3.792013140137464,6.336475840729155,9.395280284203812,-2.9682760919713305,-2.9682760919713305,-2.9682760919713305,-2.9682760919713305,-2.9682760919713305,-2.9682760919713305,6.774065810040829,-2.9682760919713305,6.042267495685247,7.306157916726323,3.1000241825143915,6.336475840729155,-2.9682760919713305,-2.9682760919713305,-2.9682760919713305,6.05533799133631,-2.9682760919713305,-2.9682760919713305,-2.9682760919713305,-2.9682760919713305,-2.9682760919713305,-2.9682760919713305,-2.9682760919713305,-2.9682760919713305,-2.9682760919713305,3.1000241825143915,-2.9682760919713305,-2.9682760919713305,-2.9682760919713305,-2.9682760919713305,-2.9682760919713305,4.197091875634647,9.518519098807062,3.3227046056190592,-2.9682760919713305,-2.9682760919713305,-2.9682760919713305,8.550898408467411,-2.9682760919713305,-2.9682760919713305,1.7206511285256703,-2.9682760919713305
HULP64GUT,-2.8211126130227333,5.049281939803605,-2.8211126130227333,-2.8211126130227333,-2.8211126130227333,-2.8211126130227333,-2.8211126130227333,8.26006916150477,11.773010211477017,-2.8211126130227333,-2.8211126130227333,-2.8211126130227333,-2.8211126130227333,6.279551412829869,-2.8211126130227333,-2.8211126130227333,2.8927211875854892,-2.8211126130227333,5.25684969883212,-2.8211126130227333,5.528709529993106,8.678366152277906,-2.8211126130227333,-2.8211126130227333,7.970840663365599,-2.8211126130227333,-2.8211126130227333,-2.8211126130227333,-2.8211126130227333,3.871485812761296,-2.8211126130227333,6.847112514574024,-2.8211126130227333,1.800687207785701,5.087008123847197,-2.8211126130227333,5.682826432311777,5.76128275190238,-2.8211126130227333,-2.8211126130227333,-2.8211126130227333,-2.8211126130227333,3.7381315553600496,-2.8211126130227333,4.564012772830009,2.8927211875854892,-2.8211126130227333,-2.8211126130227333,-2.8211126130227333,-2.8211126130227333,4.624600899105917,-2.8211126130227333,-2.8211126130227333,-2.8211126130227333,-2.8211126130227333,-2.8211126130227333,-2.8211126130227333,8.127646756299594,-2.8211126130227333,2.4889047180918786,-2.8211126130227333,-2.8211126130227333,9.774246895898479,-2.8211126130227333,-2.8211126130227333,-2.8211126130227333,-2.8211126130227333
HULP66GUT,-2.927293552518294,4.245025312252791,8.464907047454238,-2.927293552518294,-2.927293552518294,3.472730487646719,-2.927293552518294,9.325666612669323,11.608073965780745,-2.927293552518294,-2.927293552518294,-2.927293552518294,-2.927293552518294,-2.927293552518294,-2.927293552518294,-2.927293552518294,2.3774357245592213,-2.927293552518294,7.251500119118837,-2.927293552518294,5.869114148235216,8.269622883955495,-2.927293552518294,1.6892442870042708,8.553516941107176,-2.927293552518294,-2.927293552518294,3.068095793314346,-2.927293552518294,-2.927293552518294,-2.927293552518294,-2.927293552518294,3.068095793314346,-2.927293552518294,-2.927293552518294,-2.927293552518294,3.068095793314346,-2.927293552518294,-2.927293552518294,-2.927293552518294,-2.927293552518294,-2.927293552518294,-2.927293552518294,-2.927293552518294,7.81272782294483,-2.927293552518294,-2.927293552518294,2.781243445623446,-2.927293552518294,1.6892442870042708,4.937788648732709,-2.927293552518294,5.884149767753518,-2.927293552518294,-2.927293552518294,-2.927293552518294,-2.927293552518294,5.983508145168187,-2.927293552518294,-2.927293552518294,-2.927293552518294,-2.927293552518294,9.058946501208023,3.759997094472222,-2.927293552518294,6.562185688170906,-2.927293552518294
HULP68GUT,-2.939601546215461,4.231608590591822,8.256205325402117,-2.939601546215461,-2.939601546215461,-2.939601546215461,2.7678295549352705,8.04603002591066,11.753739655768685,-2.939601546215461,6.628805080836199,-2.939601546215461,-2.939601546215461,-2.939601546215461,-2.939601546215461,-2.939601546215461,2.3640236662636718,-2.939601546215461,5.726505899452535,-2.939601546215461,-2.939601546215461,7.9197385814274615,-2.939601546215461,-2.939601546215461,7.931210763302106,-2.939601546215461,-2.939601546215461,-2.939601546215461,-2.939601546215461,3.2773258181307017,3.6132277873680914,-2.939601546215461,-2.939601546215461,-2.939601546215461,5.7769282778665225,4.231608590591822,6.88630040573199,-2.939601546215461,-2.939601546215461,-2.939601546215461,-2.939601546215461,3.0546809841470757,-2.939601546215461,-2.939601546215461,-2.939601546215461,-2.939601546215461,-2.939601546215461,-2.939601546215461,-2.939601546215461,-2.939601546215461,2.7678295549352705,-2.939601546215461,5.249687133738798,-2.939601546215461,-2.939601546215461,-2.939601546215461,2.7678295549352705,8.22410252800064,-2.939601546215461,-2.939601546215461,4.757387294764656,-2.939601546215461,6.8589029324798805,-2.939601546215461,-2.939601546215461,6.250960026899252,-2.939601546215461
HULP69GUT,-3.6489630694860624,2.425158486789908,-3.6489630694860624,-3.6489630694860624,-3.6489630694860624,-3.6489630694860624,-3.6489630694860624,-3.6489630694860624,10.591978789136503,-3.6489630694860624,8.025903576502172,5.491014397335691,3.6762760543671673,6.868469343811214,-3.6489630694860624,-3.6489630694860624,-3.6489630694860624,-3.6489630694860624,3.340067263894242,-3.6489630694860624,-3.6489630694860624,6.537855680346452,4.843427338955659,3.6762760543671673,6.3789382092406015,9.717063182112279,-3.6489630694860624,5.11425364248041,-3.6489630694860624,1.0457453968731707,-3.6489630694860624,6.111791293576806,-3.6489630694860624,5.479319619804022,-3.6489630694860624,-3.6489630694860624,3.234809180775901,3.6762760543671673,-3.6489630694860624,2.13824334256795,5.963880357401521,-3.6489630694860624,-3.6489630694860624,-3.6489630694860624,-3.6489630694860624,-3.6489630694860624,-3.6489630694860624,-3.6489630694860624,-3.6489630694860624,4.750356917893136,2.6478415986814703,-3.6489630694860624,-3.6489630694860624,-3.6489630694860624,-3.6489630694860624,-3.6489630694860624,-3.6489630694860624,8.292157596695992,4.470844640229587,6.294103238474437,-3.6489630694860624,-3.6489630694860624,8.106441780867755,-3.6489630694860624,-3.6489630694860624,7.0600297418942315,-3.6489630694860624
HULP70GUT,-1.4510334834794483,5.116876853912944,-1.4510334834794483,-1.4510334834794483,-1.4510334834794483,-1.4510334834794483,-1.4510334834794483,-1.4510334834794483,13.191853713037505,-1.4510334834794483,-1.4510334834794483,-1.4510334834794483,-1.4510334834794483,6.003353395707561,-1.4510334834794483,-1.4510334834794483,-1.4510334834794483,-1.4510334834794483,-1.4510334834794483,-1.4510334834794483,5.36787907129254,11.232941910325652,-1.4510334834794483,-1.4510334834794483,10.635794177002154,-1.4510334834794483,-1.4510334834794483,-1.4510334834794483,-1.4510334834794483,-1.4510334834794483,-1.4510334834794483,3.867619557757649,-1.4510334834794483,-1.4510334834794483,-1.4510334834794483,-1.4510334834794483,-1.4510334834794483,-1.4510334834794483,-1.4510334834794483,-1.4510334834794483,-1.4510334834794483,-1.4510334834794483,-1.4510334834794483,-1.4510334834794483,-1.4510334834794483,-1.4510334834794483,-1.4510334834794483,-1.4510334834794483,-1.4510334834794483,-1.4510334834794483,-1.4510334834794483,-1.4510334834794483,-1.4510334834794483,-1.4510334834794483,-1.4510334834794483,-1.4510334834794483,3.1793597629502317,6.21455221729793,3.867619557757649,-1.4510334834794483,-1.4510334834794483,-1.4510334834794483,6.3480250229353485,4.78096635139299,-1.4510334834794483,-1.4510334834794483,-1.4510334834794483
HULP71GUT,8.420229435114704,-3.1254389097604287,6.053199369385933,-3.1254389097604287,7.033964107194301,-3.1254389097604287,-3.1254389097604287,-3.1254389097604287,8.565410137137583,-3.1254389097604287,6.900438244607446,-3.1254389097604287,-3.1254389097604287,-3.1254389097604287,-3.1254389097604287,-3.1254389097604287,7.844872817417875,8.804638045337185,-3.1254389097604287,-3.1254389097604287,7.033964107194301,-3.1254389097604287,-3.1254389097604287,-3.1254389097604287,5.64778587044383,-3.1254389097604287,8.420229435114704,-3.1254389097604287,-3.1254389097604287,-3.1254389097604287,-3.1254389097604287,6.340855636255834,-3.1254389097604287,-3.1254389097604287,-3.1254389097604287,-3.1254389097604287,-3.1254389097604287,10.750542546481473,5.64778587044383,-3.1254389097604287,-3.1254389097604287,-3.1254389097604287,-3.1254389097604287,-3.1254389097604287,-3.1254389097604287,8.886315559550463,8.321790363460293,-3.1254389097604287,8.3556915591685,-3.1254389097604287,-3.1254389097604287,-3.1254389097604287,-3.1254389097604287,-3.1254389097604287,-3.1254389097604287,-3.1254389097604287,8.738680526809668,10.004341846866126,-3.1254389097604287,-3.1254389097604287,-3.1254389097604287,-3.1254389097604287,8.250332190516525,-3.1254389097604287,-3.1254389097604287,-3.1254389097604287,-3.1254389097604287
