"","Acetoanaerobium","Acetobacteroides","Acidibacter","Acidovorax","Acinetobacter","Actinobacillus","Actinomyces","Aeromonas","Agathobacter","Aggregatibacter","Akkermansia","Alistipes","Alloprevotella","Allorhizobium.Neorhizobium.Pararhizobium.Rhizobium","Anaerococcus","Anaerosinus","Aquaspirillum","Arcobacter","Atopobium","Bacteroides","Bergeyella","Bifidobacterium","Blautia","Brachymonas","Bradyrhizobium","Brevundimonas","Burkholderia.Caballeronia.Paraburkholderia","C39","Campylobacter","Candidatus_Competibacter","Candidatus_Obscuribacter","Capnocytophaga","Catenibacterium","Caulobacter","Cetobacterium","Christensenellaceae_R.7_group","Chryseobacterium","Cloacibacillus","Cloacibacterium","Clostridium_sensu_stricto_1","Collinsella","Comamonas","Conchiformibius","Coprococcus","Corynebacterium","Cutibacterium","Desulfovibrio","Dialister","Dolosigranulum","Dorea","Enhydrobacter","Enterobacter","Enterococcus","Erysipelatoclostridium","Erysipelotrichaceae_UCG.003","Escherichia.Shigella","Faecalibacterium","Finegoldia","Flavobacterium","Fusicatenibacter","Fusobacterium","Gemella","Haemophilus","Holdemanella","Hydrogenophaga","Kingella","Klebsiella","Kocuria","Lachnoanaerobaculum","Lachnoclostridium","Lachnospira","Lachnospiraceae_NK3A20_group","Lactobacillus","Lactococcus","Lacunisphaera","Laribacter","Lawsonella","Legionella","Leptotrichia","Ligilactobacillus","Macellibacteroides","Megamonas","Megasphaera","Methanobrevibacter","Methanosaeta","Methylobacterium.Methylorubrum","Microbacterium","Monoglobus","Moraxella","Mycobacterium","NK4A214_group","Neisseria","Nesterenkonia","Nevskia","Oceanivirga","Oribacterium","Paludibacter","Parabacteroides","Paracoccus","Parvimonas","Peptococcus","Peptoniphilus","Peptostreptococcus","Phascolarctobacterium","Phreatobacter","Porphyromonas","Prevotella","Prevotella_7","Prevotella_9","Propionivibrio","Proteiniclasticum","Proteocatella","Pseudarcobacter","Pseudomonas","Rikenellaceae_RC9_gut_group","Romboutsia","Rothia","Ruminococcus","Runella","Saccharofermentans","Scardovia","Sebaldella","Selenomonas","Senegalimassilia","Solobacterium","Sphingomonas","Staphylococcus","Stenotrophomonas","Stomatobaculum","Streptobacillus","Streptococcus","Subdoligranulum","Succinivibrio","TM7a","TM7x","Thauera","Tolumonas","Treponema","Trichococcus","UCG.005","Uruburuella","Veillonella","Zoogloea","X.Eubacterium._hallii_group","X.Ruminococcus._gnavus_group","X.Ruminococcus._torques_group","dgA.11_gut_group"
"Acetoanaerobium",1,0.0983951062080692,0.0215838620595153,0.0544726875998674,0.025690395645232,0.0368552115460894,0.001918561876986,0.0484886370362195,0.0819502412314252,0.0376053456496809,0.0456199219458981,0.0496306346407598,0.00267789105180287,0.0448472682988696,0.0459904507115206,0.0766347647937736,0.06211190376559,0.0476692127944902,0.018308964481611,0.0439496291735467,0.00335380099197549,0.0172303670754889,0.0508090655240905,0.0568675907012469,0.0284040305978384,0.0639474896778379,0.0112907145196939,0.0904810788995253,0.017419671786244,0.0603920977521684,0.0682544495470551,0.0349377080943786,0.11017433328357,0.0575092094560377,0.0826663995359713,0.0765789022094163,0.0399059163428451,0.0809782089905178,0.0585780655783629,0.0688455094311947,0.054793414779162,0.0833889439837945,0.0893910480188107,0.0869913696485937,0.0101953615592586,0.0280944646301952,0.0881608090156394,0.0523456381492349,0.0147862601824721,0.0711137914868494,0.0525555234975213,0.0675160767197079,0.0464342689839197,0.0580428486219895,0.132724893700615,0.0326109371589771,0.0525735786618348,0.0499946909763504,0.0699954058231654,0.0793299781281647,0.00204190912317623,0.000675374702859016,0.0194444236472797,0.0676064147121089,0.112754567431003,0.0396173525700977,0.0214924004427137,0.0369066503717611,0.0104992611549961,0.0715549531717111,0.0962656765693408,0.0785194866696554,0.0299571361389863,0.0488803024502562,0.0776038783549283,0.0761200426487271,0.0575696745325686,0.0451385740980382,0.00669819673069101,0.0398118836456054,0.0612067065445053,0.11248839197885,0.0393409444725148,0.0336446385917037,0.0737894097599252,0.0503208635750708,0.072132609830116,0.0954980589145302,0.0179781713569173,0.0115124834171314,0.1076689845595,0.00441940892454092,0.0370590426867377,0.0266251566961838,0.0499205144957024,0.0365095285645296,0.0786358560314604,0.0515029572975467,0.0486570538585758,0.0237203488430386,0.0284135190968108,0.0394980847183869,0.0287510345908789,0.0612005001561302,0.0402898136762127,0.000792521835275511,0.00209047281491204,0.0010211815970511,0.0635222651373443,0.106735224963139,0.0815169909992777,0.0952362014185011,0.0739720404113501,0.0361875882130366,0.0578247520733474,0.0533903487888659,0.00197572259306352,0.116110338105336,0.0833614482500464,0.117040529431788,0.0529323974979143,0.0671833121390257,0.0444626120320424,0.0892377406601201,0.0162476383884148,0.0371970691500126,0.00649589501691252,0.0569826597080582,0.0200334923115427,0.0125381234140067,0.00775101791611666,0.0752446847547127,0.0888897044438986,0.0729984310489618,0.0275872080776558,0.0766494702444507,0.0830996164832744,0.0720021880153932,0.0570274813927736,0.07336052831211,0.0760546068449491,0.000376009648398752,0.0906769118486861,0.0819041734548839,0.0454344820822039,0.0565888026728492,0.0744205245380548
"Acetobacteroides",0.0983951062080692,1,0.0389856585668295,0.0611610363215122,0.0113175301452675,0.132362238227696,0.0104832437822706,0.0287520715182819,0.123273805431641,0.155790896165318,0.0327699831191645,0.135721762805955,0.0190343407703298,0.127200351247736,0.138795051494429,0.0438720221510836,0.135116253390365,0.0156584337712941,0.0589153166229106,0.025052584855194,0.0155696826010482,0.0107253941675913,0.068820304579376,0.157461360071627,0.0651513417554114,0.136833336310292,0.0139115396373091,0.156045306518126,0.12848506093825,0.0487608184565098,0.167920211196762,0.151509156736556,0.16043484361689,0.15870383067249,0.169758633289396,0.0722112418847118,0.144245945456328,0.0735465925894956,0.0536500098554078,0.147577986957412,0.0494369611782698,0.0699172046309127,0.159059586122004,0.101163954046862,0.0171169120020314,0.0246501150381258,0.0974094406950172,0.110659158304419,0.0438688378817926,0.0850986150188067,0.044798957044277,0.180646302712714,0.0811273732273043,0.127579356019979,0.15725439793515,0.0269721576251055,0.0318633023509354,0.149492866798253,0.0661104705964016,0.15513970369776,0.00652761120200062,0.0042432382751018,0.102015076623549,0.0879277299570527,0.151440971092947,0.166094291174605,0.0189855877904462,0.16140649903985,0.0629289212612219,0.129385547267944,0.187006035246498,0.195688484606863,0.0937383312206407,0.140093767469865,0.149997727677528,0.135242732140979,0.137655975819181,0.14943571351941,0.0107005583199495,0.147955318206258,0.0465808435395289,0.145037976708153,0.128241452969583,0.018777680488973,0.101491542815994,0.0985500884840101,0.16800268994528,0.148637494874081,0.0699710771024937,0.00946564950387595,0.169183830812547,0.0159469150844795,0.130390506363114,0.0588521248625603,0.153311506317947,0.166934078754087,0.207112406501888,0.136513818472,0.130751171285363,0.146064627735856,0.151508682969722,0.181916123811049,0.147367156508878,0.0781103930361783,0.153506949053,0.00414248381960067,0.0105864256893724,0.00524460861620475,0.109201835861309,0.173611350866706,0.193057474180433,0.0912708043041163,0.166933181309124,0.0258921125878036,0.0456953028746956,0.139233746315033,0.00617421973303055,0.0992158444309601,0.168330952755207,0.194556011532878,0.143203953573367,0.16705529007624,0.160757051493136,0.185027278392993,0.121901428448371,0.17195076563466,0.0116538702334121,0.14898448143091,0.125691225336882,0.0876787530197934,0.0437305145484256,0.0717089838945531,0.170027031635309,0.131394316138072,0.121829002517233,0.188228089981476,0.0944252992996228,0.153093455534913,0.0765846794434555,0.0964520951819374,0.180673780442454,0.00248994920325836,0.150811635198152,0.160715225056189,0.104716963161338,0.0872735932445888,0.103082190860286
"Acidibacter",0.0215838620595153,0.0389856585668295,1,0.0159487961743455,0.0161563330074149,0.0169450589367974,0.000438100017991493,0.0183297486277346,0.0235730200377661,0.0278435891463113,0.012202666105832,0.0226055633628755,0.0012684318597608,0.0255325269687742,0.027596142234314,0.0144633014444517,0.0247907433030483,0.00584355842254367,0.00347514536244314,0.0131762561605077,0.000816247760133041,0.00792916023309912,0.0214691774945719,0.0327150138640752,0.126889112138177,0.0245083879964883,0.179982912415926,0.0398718342151207,0.00614248243449613,0.0156691027136544,0.0290639670173653,0.0142193265741384,0.0576470464624908,0.0389666377766898,0.0444678240522202,0.0191920215496606,0.0328179600901665,0.0215558465725108,0.0283463353289063,0.0365059549068604,0.0101908620774113,0.0226447055113008,0.0409035995961282,0.0233433236163598,0.0463075392798537,0.0945053786880945,0.0210262806944226,0.0224792566693859,0.0199567973104452,0.0177458701035417,0.0202827149502086,0.0239842814333456,0.0237134455858709,0.019108147056347,0.0553702188622163,0.00373698956874426,0.00894709367462886,0.056272505033178,0.0155048542773548,0.0249700873121914,0.00039939260706911,0.0002218753544493,0.00523946046775805,0.0174436324943582,0.038676141150467,0.0255712628769647,0.00934092830777414,0.027157067316929,0.00308718066107252,0.0270826313982553,0.0433783465531766,0.0333928991774564,0.00781272265690043,0.0174676964340531,0.0383695774997976,0.0221642738733665,0.0237106019645953,0.0480107145335753,0.00129855430317572,0.0121178053578383,0.0135908042959501,0.0410676672729924,0.0139441141061214,0.0235566456731573,0.0166540281469868,0.085893461099115,0.0242345678786148,0.0469418874800703,0.0146570228921163,0.0989852030195755,0.0498331702123469,0.00130127693504442,0.0545216038936297,0.167313124182299,0.0286895073522564,0.0219826356423118,0.0325739622248417,0.0184976823506584,0.0384791070122598,0.0172289216626262,0.0194568766233358,0.0235114501771514,0.0165591663839966,0.00992479731522225,0.0493779072919784,0.000206504088367298,0.000749852648683729,0.00028779117044193,0.0186128511691611,0.0362983668165297,0.0384334021330186,0.0191931758726103,0.024930378104722,0.0261004263425415,0.0209700410287293,0.0410626825081906,0.00034222214768139,0.0254674937920187,0.0441809687194717,0.0485636474661168,0.0314871710824089,0.0312062056536517,0.0278274590205408,0.0334679190310376,0.00796363838884899,0.0281783233655456,0.00794047358394345,0.0312156557410699,0.010305146449499,0.00350033719125203,0.00224990512709497,0.0262165702647654,0.0342845218782021,0.0190938751034353,0.0101556459089396,0.0302811927303896,0.0226502772048269,0.0295286559569771,0.0123891567734398,0.0250758160823515,0.0268907001800523,0.000120467942692498,0.037185655443107,0.0360225615841863,0.0268326932155112,0.0163812128948978,0.0241503912722997
"Acidovorax",0.0544726875998674,0.0611610363215122,0.0159487961743455,1,0.037100180387331,0.0124654160305685,0.00142724507973565,0.0754597537552751,0.0685669643263961,0.0180304045853814,0.0664840407267999,0.0469476677939094,0.00187664959015429,0.0414552619314378,0.0263440005481207,0.0810010921637054,0.0734515783440198,0.0784455592987274,0.0126684154695723,0.058357923281379,0.00226171867268574,0.0139062738911945,0.0494686919233839,0.0374775266740384,0.0247849053232693,0.0597995851727646,0.0117698281007421,0.068528032647181,0.00742545735351237,0.123582771911409,0.0374400041743128,0.0198482849583529,0.0676152943531587,0.0348926692019597,0.0534767530040327,0.0878362319610438,0.0430546310645062,0.141195321945588,0.0923696073862915,0.0416763357892535,0.042688706914438,0.0753355164793561,0.060978404633491,0.0698159131795252,0.00805866414331059,0.0275583469171078,0.100931932961033,0.0781663043852323,0.0121090949126004,0.0637839097189659,0.0683866730853241,0.0501589230364328,0.0357089410793159,0.0475452923370968,0.0998504343231899,0.0196692232036382,0.0852307596274792,0.0309797605273839,0.0822125268005529,0.0548405520385627,0.0018255011224005,0.000402737237871541,0.00774415695450632,0.0576188624385683,0.0768755044030745,0.0195780174364898,0.0242148121579318,0.0166193402029361,0.00548109782782263,0.0577220892376037,0.06986567734825,0.0479938219391385,0.0142306610120298,0.0617146647089487,0.0475124984445061,0.0300440938590491,0.0280154903344305,0.0275177724061448,0.0089002997688979,0.0277494126039397,0.0843553619403264,0.0877732913941192,0.0198446705387439,0.0598815503744949,0.0504894825575269,0.0258218649561719,0.0533657014824937,0.0716813917883016,0.00823789423925966,0.0120993682255497,0.0741935842028781,0.00193395222622013,0.021350103837314,0.0203845954346278,0.0216873288224867,0.0185386551055634,0.0507554170137992,0.0443621187633014,0.0427331234650863,0.0123447453251104,0.0140620976114014,0.0293632671729524,0.0140347920452026,0.0625615181992401,0.0198424554435698,0.000726152021420198,0.00148115091081141,0.0010953139053048,0.0761117009208338,0.0942314241064845,0.0530848387763807,0.0750592429545439,0.0713358887531248,0.032164236018248,0.0674937211700645,0.0234458691912919,0.00184015333327598,0.0472353229734299,0.0510801973308508,0.0852547081286615,0.0266901459011932,0.0490778136512407,0.0216377986025332,0.0553089485106938,0.00711971288934852,0.0175408694440005,0.00448242228148465,0.0423349711086859,0.00886627759873635,0.0054790491063141,0.00349209577254816,0.0658829595226728,0.0713212571815579,0.0555257389763337,0.0121034915613107,0.0552313093892741,0.129317725078923,0.0560199701209175,0.0658577899584649,0.0630588801007596,0.0670387241311127,0.000425060804324515,0.0688285677502,0.0490170205520097,0.0241973685153706,0.0557893205107431,0.0707772941954738
"Acinetobacter",0.025690395645232,0.0113175301452675,0.0161563330074149,0.037100180387331,1,0.00260212417965035,0.000193525760227214,0.0600662853476238,0.0173225968774003,0.00369298716988085,0.0360108192644393,0.0098819104146567,0.000316582746765485,0.0108156209311086,0.00586879826084672,0.0627644222557053,0.0252872478258383,0.0602708578804991,0.000895838207605026,0.0492955704473975,0.00032238633852474,0.0127463098543389,0.0215470760956905,0.00699448849162481,0.01823203427284,0.0125205245740002,0.0227198869273658,0.0166252591986854,0.000973788041310314,0.053657123713873,0.00904134518504468,0.0036958993370205,0.0152759869329504,0.00725726357455713,0.010747715679675,0.0434582482079992,0.0119922966826458,0.0453830850298632,0.0640931427754193,0.00938257415365812,0.0188756684734499,0.0422747927286304,0.0166108822248818,0.0330932081372597,0.00819751879559472,0.0321766735330817,0.0341775962053025,0.0171093362876977,0.00287826752586119,0.0268494795033893,0.0353047041927919,0.0090709908613407,0.0122916897700393,0.0145625583031693,0.0235656841795844,0.00400668557779762,0.0437052208544697,0.00901029407012706,0.0338941622354391,0.0107323478025994,0.000699979187007078,0.000262537842534922,0.000890232186085057,0.0343355213108069,0.0236075306384314,0.0033015630362827,0.0163095566681706,0.00452349701036627,0.000457013746139056,0.0141536748101698,0.014703343905148,0.0111802875130264,0.00414134096633112,0.0154705394736439,0.00973950484749053,0.00840276881734885,0.00852112136077865,0.00685016658984346,0.00298289102865208,0.0048636207413099,0.0381758224745221,0.0192585276050934,0.00456984583938675,0.0369793470702528,0.0198392827648602,0.00991146032073083,0.0148495711687314,0.0180118696379763,0.00102721367470615,0.017183424209198,0.0153426566237044,0.000496046763777024,0.00703714476828487,0.013687839498839,0.00438665449692806,0.00313433328379026,0.0105360400008745,0.0135723152439523,0.0124396626510599,0.00225520944997924,0.00242362549661339,0.00581678351342059,0.00280725190550865,0.0222463618244537,0.00511103038643776,0.000247077194972934,0.000625052563119791,0.000269637152550877,0.0166110496750356,0.0210403809908734,0.0101354890996935,0.0297362215727844,0.0168571082665492,0.0343942046603311,0.0267819900939602,0.00723991422654846,0.000380985934843055,0.0307585294136909,0.010147350230707,0.0166176971658344,0.00534219211920843,0.0124999504204316,0.00367366382074851,0.00954954863010814,0.00104775391749354,0.0037915076056108,0.00435586060760329,0.0111834984571692,0.00140715515662661,0.000632685817282882,0.00111447942472914,0.0355366278570202,0.0154293391946788,0.0157150922770139,0.00183390428553862,0.0112866552423076,0.0376749988458337,0.0120370822126213,0.0241986842578929,0.0190102804773885,0.0176252686822197,0.000153841643001926,0.0158417705442892,0.00945476065170608,0.00692883342012876,0.0207625589221581,0.0283100803465368
"Actinobacillus",0.0368552115460894,0.132362238227696,0.0169450589367974,0.0124654160305685,0.00260212417965035,1,0.00655752055307148,0.00533896262719754,0.050260695885473,0.116765277935543,0.005774088560638,0.0556002959932613,0.0105041989911844,0.0416421208731999,0.0786375055024885,0.0110999984773291,0.0442394886049368,0.00288939689072353,0.0187829291307171,0.00474354184912163,0.00854089498527225,0.00382044381876411,0.0181111751983914,0.0990655865240731,0.0177896082763772,0.0600420436764615,0.00727812362550607,0.08320669615181,0.0434676427509638,0.012152222656197,0.0842359267825955,0.0451884332914874,0.127131999689454,0.0982774844278982,0.125162775334471,0.020089780267542,0.0428423238264933,0.0248178354907061,0.0135377049104714,0.107593461766812,0.0106622818361049,0.0180116009914562,0.0826785297198203,0.033744325531229,0.00667292988310611,0.00885041024900526,0.0330163142611629,0.0330788517082049,0.011754427515646,0.0323748126327483,0.0100500593851285,0.0796904416370869,0.0169115592214968,0.0519113567955824,0.109509635381396,0.00788598000412272,0.00659356058598691,0.101469599905105,0.0177073011683038,0.0820469462088005,0.00384313873858706,0.00309433268041585,0.0407279262996501,0.0199964574691103,0.0781722771198426,0.139864373625435,0.00559067055518781,0.0585241930084425,0.02801563122324,0.057932740727382,0.100444430201437,0.0978260361918603,0.0207835673189246,0.0299828404780489,0.106088108085019,0.0662352463261404,0.0585837529629635,0.078174704531959,0.00414396471529278,0.0453094939234063,0.00829197286072805,0.0887377960408969,0.0455650483038669,0.00376914924009395,0.0241703443014763,0.0344782492919723,0.0498513759729178,0.0730709960728076,0.0485733068282528,0.00415094105497703,0.1405982560879,0.00933295995209153,0.0595045668951136,0.021788741870787,0.110282104636133,0.108205712659995,0.095127142699153,0.0471343933645886,0.0637460712349259,0.0965408585016787,0.113718398154806,0.0772317254017122,0.0868956452926646,0.0128005543851368,0.107959827044919,0.00316452270992484,0.00622087518564792,0.00405428263297352,0.0326781526094452,0.076052359570364,0.110351846215133,0.0297774005296797,0.057923905483814,0.00581546693683809,0.00910409499721516,0.0833742799849069,0.00262910018402902,0.0309318879007463,0.13940948682508,0.1103473281747,0.0851769495534238,0.0635896540353304,0.128530770826463,0.114660067427311,0.0506117924783853,0.0857584677242847,0.00402720767331512,0.0617614473742342,0.0585437587649628,0.038033569763592,0.0191176169762578,0.0173842035474863,0.0773225085567327,0.0375152200446369,0.0504713097701492,0.0850964866034313,0.0345299539271968,0.0744515595169487,0.0143949471458511,0.0315651109173187,0.0559228636722749,0.00202441623900714,0.102797115402937,0.122196044136612,0.0376120931152198,0.0238285503738024,0.0272916549971465
"Actinomyces",0.001918561876986,0.0104832437822706,0.000438100017991493,0.00142724507973565,0.000193525760227214,0.00655752055307148,1,0.000407908256592911,0.0028572015945087,0.0119760030431003,0.000455504113077854,0.00487050621244234,0.0280688034284947,0.00352597805502434,0.00637635412971986,0.000836326950437614,0.00250035249832459,0.000503369752620295,0.0277607352887704,0.000274670514228755,0.0229539052259952,0.000579318838470379,0.0010067437024654,0.0102085450766749,0.000607776867773118,0.00483271918792223,0.0001447230155426,0.00494174238515969,0.0274293437577677,0.000978343334840365,0.00626625063692832,0.00696457812352966,0.00651179731294668,0.00943650364473052,0.00788270772425442,0.00131650121662714,0.00322087534502169,0.00157117856456167,0.000920966174643487,0.00754831677714336,0.000478992015260524,0.00115140955324586,0.0041845626768165,0.00208559149385658,0.000307018376972203,0.000252797963545277,0.00210399404732396,0.00257869983156583,0.00079439888513421,0.00202520026378759,0.000600745804101219,0.00702379866017576,0.00114497491796075,0.00310313177920266,0.00516280527248749,0.00254282353953608,0.000591871402683015,0.00564090709918091,0.00117094873514083,0.00574803831758613,0.0240259107833956,0.0679080492253231,0.0125914016726911,0.00133396024161794,0.00412631506598785,0.0149276387779262,0.000768217087549999,0.00434579794112234,0.02960524216514,0.00571249864900986,0.00634520301499333,0.00691856807767608,0.000986188041572487,0.00248667986287169,0.00913380228367714,0.00531831526699294,0.00461086910098441,0.00626211877506556,0.011943818667415,0.00505877997690593,0.000671642665077708,0.00584565211508085,0.00992186108140372,0.000290390056919242,0.0017600680678508,0.0017054132585534,0.00364663393448751,0.00392250279550444,0.00236549149469799,0.000119340250329812,0.00817705562126878,0.0127685480979799,0.00439728703829589,0.000670045315224074,0.0120615050058599,0.01878683544369,0.00714668298836148,0.00299511965257389,0.0034331969600314,0.014750628219585,0.0157947354583772,0.00708952862140738,0.0128094994063244,0.00100327812527781,0.00769405452429188,0.0341761261660459,0.0264506429105672,0.0496526054097188,0.00275670825397572,0.00440921011525625,0.00938511113618474,0.0017642728747501,0.00559015303460696,0.000231601677035336,0.00067617649197854,0.00529170659865326,0.074807662456941,0.00139881985757317,0.00916768442425207,0.00669290690381535,0.0067350161631136,0.00418356885142041,0.020550421126001,0.00938718591789059,0.0258261852907434,0.00697841278894797,0.00287593828521005,0.00378800294885046,0.0269759271392857,0.0147476488988578,0.0195145987226722,0.00111548405599475,0.00443651261350194,0.00280797861942459,0.0189609026417616,0.00644242533341799,0.00214465630394175,0.00478339352285016,0.00139238033675304,0.00199532326438877,0.00358118500781451,0.0750064572298355,0.00684462609476539,0.00948611715185322,0.00256056795756354,0.00157301550084165,0.00168543041180749
"Aeromonas",0.0484886370362195,0.0287520715182819,0.0183297486277346,0.0754597537552751,0.0600662853476238,0.00533896262719754,0.000407908256592911,1,0.0414218753668227,0.00909960179431945,0.099616837317449,0.0244571048566701,0.000687409484723851,0.0251671587771276,0.0143796397663465,0.0857875728766752,0.0564955093070252,0.0534510913158657,0.00404789240694459,0.0549609868043692,0.00067819133072589,0.0092437139236097,0.0293105401235433,0.0183552613007053,0.0240488708372576,0.0318582140425467,0.023755208891486,0.0383096696866455,0.0024573709003029,0.10927919370407,0.0214895387922035,0.00939783532440733,0.0355279357615043,0.0185479992259533,0.0267027577611782,0.0872776883062774,0.0275314259043336,0.103578144021069,0.126245554789022,0.0225596520180022,0.0354738187673592,0.0876075187958073,0.0359074075274699,0.0520827754473409,0.0121077428095964,0.0346183880561742,0.0727474472131194,0.039944895612208,0.00647249131841088,0.0479064071919484,0.0470569794849683,0.0226586803162456,0.0212114581174064,0.0335505110111684,0.0541654078214058,0.0102457502931553,0.0447533228521359,0.0180938076693821,0.0640929441608293,0.0282773153314102,0.00159327469838146,0.000165369188398613,0.00248453204729151,0.0482080141335929,0.0497598984839343,0.00836270020378036,0.0232681300556939,0.00881596352030656,0.001511817167182,0.0338362945205558,0.0354505492272289,0.025897123081836,0.00665216642177864,0.0380147314881503,0.0250172662956856,0.0194359276988897,0.0196381039721119,0.0161823661362594,0.0063823413794769,0.0129034843158838,0.0696557564138168,0.0476144180691732,0.0111459243714422,0.051587545550763,0.0433503221809484,0.0187344009457548,0.034075650417262,0.0420585621959211,0.00349068347162716,0.0260424888859081,0.0367214239987282,0.00122762336179303,0.015079440956543,0.0176374400164757,0.0110265114246557,0.00783482776164666,0.0248873467502023,0.0324996700552169,0.027044499522081,0.00542343557049728,0.00600837298717835,0.0137958831863177,0.00632385823566492,0.0440283325962304,0.0108838128942116,0.000344145912260135,0.000790547342193211,0.000644938401663874,0.0367722845278134,0.0517906176567747,0.0256426399135196,0.0663007471124665,0.0401416353893649,0.0305954837002237,0.0539490871108165,0.0158078567368569,0.000671498073656761,0.0463287978953554,0.023868527582921,0.0405207604496433,0.013690342021016,0.0296187316692997,0.00950921578514447,0.02489914537613,0.00271165405767892,0.00871495156057183,0.00426450742524471,0.0263687128117196,0.00387403443048904,0.00156198406823364,0.00123118622170643,0.05096513838829,0.0356953364550614,0.0395350511660708,0.00473760129400113,0.0267703157271722,0.0888552800649323,0.0302566676081563,0.0435192793522091,0.0476104832457025,0.0380958818632349,0.000159058082878377,0.0371215500778994,0.0237916959857047,0.0143381322289966,0.0425838483456305,0.0591680097825711
"Agathobacter",0.0819502412314252,0.123273805431641,0.0235730200377661,0.0685669643263961,0.0173225968774003,0.050260695885473,0.0028572015945087,0.0414218753668227,1,0.0508879469400457,0.0437083343072862,0.0727397718964543,0.00492805576121912,0.0617764800399822,0.0640772989635971,0.0549349996790373,0.0656830320171425,0.0319766129956078,0.0236485851069584,0.0349795255593369,0.0057086706629447,0.0115294677429584,0.0595017089068405,0.0745387939189476,0.0388294211903896,0.0809700498026694,0.011091945026926,0.0867983036234989,0.0307591443270296,0.0657004160572228,0.0847355800624946,0.053614474948051,0.119801339218237,0.0733248774975476,0.120362760163433,0.0783479800486636,0.060072210894194,0.0907231558698342,0.0614185720648228,0.0843803117217566,0.0469879499706315,0.0698777263008221,0.0874084655327194,0.0675839813047417,0.0114204686412228,0.0247602334711064,0.100956390793108,0.0693853708306579,0.0197743334770156,0.0692224950646923,0.0438245181091626,0.0921856426477857,0.0463431000842171,0.0766662990379325,0.134651983261507,0.0259758497093174,0.0436527098436355,0.0671233918681953,0.0673619675688885,0.11178717662103,0.00286974713232325,0.00103035902856365,0.0298888108295366,0.0603021270168997,0.0977567719604386,0.0587877363512444,0.0184790149923952,0.0555821008104449,0.0211207167973484,0.0745888347867826,0.108741588086698,0.0868291610330711,0.0307287643133061,0.0696347909861665,0.0974761953079219,0.071227339109703,0.0616748645370672,0.0674758534790339,0.00847788812558957,0.0729453359725404,0.0565038936838749,0.121487619678492,0.0544150887801287,0.0296262163580484,0.0666073497539205,0.0558823763782823,0.0752486428895499,0.0980743948867256,0.0266079126841638,0.00957190551138602,0.128625029005761,0.00615742744674525,0.0605542474449584,0.0328418456736778,0.0577312576406795,0.0537042362976761,0.100536194914062,0.0731237179116966,0.0658193492615728,0.0380435562278181,0.043147612899978,0.0546196775148373,0.0460813569868142,0.0578493734264124,0.0604292757220005,0.00150476281219725,0.00347373312223914,0.00198756567705726,0.0891887655040211,0.120679742980031,0.0943951310803937,0.0793068259810953,0.0789095154530565,0.0298128505028354,0.0577293530387045,0.0513662375862439,0.00276203022466006,0.0687666956438763,0.0980556382794232,0.127880150624994,0.0582891049300972,0.0661540911473937,0.0626988691448811,0.124599954269778,0.0286048304784478,0.0522464781618043,0.00618026308139847,0.0891189025041143,0.0355207645595233,0.0232904785689059,0.011596650452357,0.0616568505614897,0.0994881696927671,0.0727799063477318,0.0445734806090209,0.0933152605577684,0.0921978707321026,0.0907773852432736,0.0580319500637416,0.0831012813968009,0.0798000365525204,0.000666448299927452,0.112487263297725,0.111309553699673,0.0618384318641726,0.066566979915733,0.071912801188559
"Aggregatibacter",0.0376053456496809,0.155790896165318,0.0278435891463113,0.0180304045853814,0.00369298716988085,0.116765277935543,0.0119760030431003,0.00909960179431945,0.0508879469400457,1,0.00932421156793615,0.0651978446329568,0.0243548346976403,0.0644752013962458,0.115663241711702,0.0132103406883216,0.0491429897860668,0.00388601942704755,0.049092776671898,0.00726263532768072,0.0152024330551076,0.00588373373315401,0.0293145634288117,0.138421419898981,0.0337147116184583,0.0615967578501895,0.0115339654552981,0.0782609911991701,0.123002685327952,0.0147257010734683,0.0994984592050244,0.09292498002379,0.112539315338056,0.144452975278577,0.128678714449176,0.0208247029174448,0.0726997249270871,0.0212139222105243,0.0179011045855692,0.106168317307164,0.0177484265331478,0.0238639002116962,0.0821880266848053,0.0332244150575345,0.0130790966651462,0.0138836747082242,0.0292554225917251,0.0397421049947811,0.0265067544477576,0.0338504253403133,0.0164206555595521,0.0994012963663309,0.0373709583638194,0.0593232280117756,0.0922440484046698,0.014102905916073,0.00989280623588548,0.0974388293368213,0.0220487380942771,0.0863736459298425,0.00803500996590463,0.00669087065610018,0.103251897775036,0.0259086509407438,0.0649070037470813,0.165541236426411,0.0115136923674227,0.121469028329986,0.0676962707114563,0.0671130269949871,0.116917047084882,0.117058999938258,0.0407057756723628,0.0488675954366214,0.118106691853559,0.0857019041587798,0.0945714851081629,0.0924506833566124,0.00737219855339087,0.078020920950161,0.0130983095698731,0.0865447874534927,0.0800323058429163,0.00556082039189063,0.038061308086508,0.0588745554334411,0.0642180944216421,0.072151411090841,0.0740461622962495,0.00610841739945732,0.119250432017722,0.0190818008753928,0.0873277234062692,0.0351854122858908,0.129817869751581,0.142289460725692,0.117077729851187,0.0661567875733623,0.0737082683492216,0.190677181000715,0.169851429443865,0.114099766894027,0.140711396807206,0.0238883895676482,0.137966821046906,0.006241595899706,0.0127557632451532,0.00704809494460188,0.0394865516184205,0.0864979135521568,0.144544374054889,0.0299288894607147,0.0778351730428788,0.00979572684951184,0.0143500919925574,0.110070640597175,0.00511267898508422,0.034412696603324,0.12449172942712,0.124416425953387,0.115200242201272,0.0861030448646291,0.176776555041896,0.139670530273543,0.125843695708051,0.137634634485733,0.00846914046402557,0.0724609127446219,0.13297759367583,0.103512664558583,0.05469282117498,0.0244468378646493,0.0843097076514605,0.0515002658231125,0.0903027553259381,0.0962926891735691,0.0292264941922805,0.0723207238398647,0.0221200947273622,0.0338574272762179,0.0668613452290061,0.00370192374672683,0.0882568407726868,0.120985294270593,0.0763494179739848,0.03301038350962,0.0349011757495131
"Akkermansia",0.0456199219458981,0.0327699831191645,0.012202666105832,0.0664840407267999,0.0360108192644393,0.005774088560638,0.000455504113077854,0.099616837317449,0.0437083343072862,0.00932421156793615,1,0.0261783138759333,0.000797987686238253,0.0278265864913321,0.0140327414291778,0.0861994182179744,0.0564044817392229,0.041404547959763,0.00384152007384617,0.0503931115346507,0.000825188368236906,0.00822292171253359,0.0256524939615707,0.0199047929599252,0.0165159774059949,0.0362564241467358,0.011477205279609,0.0456180119288715,0.00313743129291081,0.10101839319622,0.0242273036294139,0.0113657553294745,0.0416562279396099,0.0202283099097384,0.0304216401423104,0.0977437807485407,0.0236885533887311,0.103537840424355,0.0878959638609408,0.022663741665301,0.0339675652414969,0.0731606144646186,0.0373885513743543,0.0520019896361101,0.00744976868669078,0.019725655537698,0.0759074751195852,0.0421637691981582,0.00590312264992171,0.0500764507328547,0.0363797788222181,0.0262949631437314,0.0206209323021463,0.0318723286840537,0.0644288479316712,0.00854473814564614,0.0407137180101535,0.0194698638021029,0.0670466836009116,0.0312566871746444,0.00245242193816258,0.000198599818558007,0.00275453206535732,0.053078759470116,0.0582417267256368,0.00976826482958316,0.0176070169835365,0.00953069204847495,0.0017468440606045,0.036167558718782,0.0402591832166996,0.0288507662389315,0.00639269687821253,0.0398458994153779,0.0261172781077143,0.0187792117061472,0.0173236231760953,0.0178186563845186,0.00621564684593569,0.0153693652712819,0.0682344371964823,0.0541940864216531,0.0109675720309841,0.0375689256073604,0.0434939134833776,0.0200939448166366,0.0337393833349257,0.0486230089135644,0.00291882088379837,0.0119218119270419,0.0441910848431374,0.00124079548840162,0.015031224202012,0.0141094985597293,0.012667060242092,0.00918683973063852,0.0273726140915895,0.0295705623815889,0.0249662072514194,0.00609447778653692,0.00693491813337404,0.0147279358714394,0.00745757063198515,0.0431505933553587,0.0119483832398354,0.000417764119958039,0.00107148732392896,0.000723354691446644,0.0404418225598186,0.0576500631238303,0.0295088814486757,0.0621450604156264,0.0435116296063223,0.0258238493099088,0.0545656535858656,0.0166449998823599,0.000680106914659335,0.0442479558284184,0.0280663735527017,0.0491313382445237,0.0146280886248469,0.0307234640042687,0.0111864750140789,0.0289951685505305,0.00341378067158358,0.00930536790773462,0.00302123218307125,0.0282999669447052,0.00445719872542672,0.00167516479128561,0.00115972217580778,0.0557706523041927,0.0419003867660834,0.0399334438887446,0.00555534983489371,0.0330410511105465,0.0955473489570976,0.033803197390014,0.0479199176180986,0.0601712798765929,0.0437474059555676,0.00020512384715678,0.0406512106882168,0.0273799510464929,0.0123904356424121,0.0416011575009139,0.0547299840145029
"Alistipes",0.0496306346407598,0.135721762805955,0.0226055633628755,0.0469476677939094,0.0098819104146567,0.0556002959932613,0.00487050621244234,0.0244571048566701,0.0727397718964543,0.0651978446329568,0.0261783138759333,1,0.00827581090021363,0.0799736689096676,0.0626279642770594,0.0316731649423257,0.0608394458258941,0.016682925857766,0.0363145618199888,0.0198596998142851,0.00802727264206977,0.00883558524802138,0.0489633685201603,0.104771561007702,0.035940557282622,0.0802393717516632,0.00967827446514123,0.0963736503729265,0.0360216172104897,0.0397970208726955,0.0895560081711884,0.0578173122199744,0.113621888676442,0.0987406794969617,0.11284606277696,0.0521258152233144,0.07144045014354,0.0617756759712938,0.0414983435114744,0.104714588309843,0.0357498215186525,0.0443727910747119,0.0743559266297875,0.0512460452913316,0.0110867365094915,0.0205424669556425,0.0688374312345495,0.0660266812610226,0.0209408213555478,0.0516107237420288,0.0288357187391589,0.0887237316129095,0.0647255472497399,0.0875174738828508,0.120519816407863,0.0210798644003139,0.0273082373773696,0.0818827015283726,0.0437124316908678,0.0978130635515951,0.00310496283753731,0.00184403352855623,0.0363032600231315,0.0448965355394024,0.0965943123494993,0.0723062623618087,0.0218692974881078,0.0535533247650383,0.0256502314005402,0.0923845838261597,0.126390611020922,0.105253894144718,0.0333903052571282,0.0587061880674182,0.114815114362315,0.0744152138724729,0.0661929617990152,0.0779128575075429,0.0070496308467765,0.058905407262862,0.0353022498979503,0.126448362142953,0.0942986987229487,0.0194174201686726,0.0575259306645766,0.0473397025885113,0.0719231064504665,0.0965597585126179,0.0291515930018892,0.00810884632208544,0.135758907943875,0.00873125702352233,0.0721531122211493,0.0316804286611521,0.0748620252183872,0.0686691533114654,0.0974061839988472,0.0719627868178652,0.0670659805184444,0.047953525899585,0.0555518942762629,0.0707931247420354,0.0515631005532463,0.046309043971211,0.0708569197627459,0.00172928732386057,0.00430681788971038,0.0032721259049944,0.0644010324458924,0.119409382036871,0.105255698321935,0.0566019547401266,0.0935686499439342,0.0221310104305771,0.0419539009495599,0.0667427778413991,0.00337340432243137,0.0412601331249496,0.133946088888,0.131036586491658,0.0689080207137333,0.0691001054973249,0.0806977925219878,0.11639996716667,0.0385097903952477,0.0619583970326827,0.00922442774357943,0.0890483099655782,0.0465371976978407,0.0295087160849231,0.0157220481103776,0.0399938481217301,0.0990100410365406,0.0699542629069885,0.0567640978442672,0.0955460825569008,0.0687821446079491,0.0869097335369881,0.0505726479415224,0.0555303277377964,0.0832679872034507,0.00137175582547879,0.138673299523205,0.107278370555365,0.0648427692444589,0.0529276156778457,0.0558618944884611
"Alloprevotella",0.00267789105180287,0.0190343407703298,0.0012684318597608,0.00187664959015429,0.000316582746765485,0.0105041989911844,0.0280688034284947,0.000687409484723851,0.00492805576121912,0.0243548346976403,0.000797987686238253,0.00827581090021363,1,0.00845010012770068,0.012027007619376,0.000974647010841487,0.0048698960801,0.000247086541084631,0.0225460551475191,0.000351875667140774,0.0161183082590515,0.000372505277309786,0.0017230540625618,0.0212235794465913,0.00148935230098403,0.00956345746615157,0.000437508480365402,0.00934209202145166,0.0372383244085689,0.00138209719929666,0.0126076857264143,0.0169770830544422,0.0130217553863108,0.0220190494586027,0.0148619765257421,0.00218152301125824,0.00685180243788194,0.00242164211562291,0.00155803994245544,0.0153093411702836,0.000746922833797564,0.00177066201781001,0.00776004896602815,0.00304554695686101,0.000774777038055021,0.000588479265632057,0.00348470399056605,0.00451307587114164,0.00212207251783238,0.00269050809029747,0.000879082382433608,0.0131855699537569,0.00181122197214583,0.00557782487921385,0.00954672173523205,0.00142116565970411,0.00057693980833257,0.0115021378523778,0.00173486753515654,0.0103020630213334,0.0528165264855236,0.0191935914703912,0.0162711376063147,0.00194815581594792,0.00704868926600458,0.0324215942069586,0.00110757921272801,0.00779692955363621,0.0271160503117417,0.0104765757337846,0.0125910102713115,0.0141197500879731,0.0011696656248594,0.00509088356332877,0.0195969310476781,0.00875356538163949,0.0081613104493301,0.0134161341699465,0.0201588149903047,0.00936956581049213,0.000919556686867031,0.0119256976909916,0.0141978440117026,0.000243663026739386,0.00288592719153845,0.00341349284846273,0.00753885224381591,0.00808983982348256,0.00696008089156741,0.000184196661567003,0.0143655663628484,0.0310612122083968,0.0106331563257489,0.00196045314344667,0.0224288576409526,0.0328042427200448,0.0125495390623317,0.005678468569903,0.00661323262011312,0.0329038705214855,0.0337988117007029,0.0131651776728467,0.0245585167834187,0.00147450902004869,0.0155580125734001,0.0367684216944297,0.08862597087301,0.0362307958421663,0.00383393363052016,0.00832639974433187,0.019123641649944,0.00246525701621068,0.0119112563398625,0.0003184533648612,0.000779920213593192,0.0106049486604003,0.00907533197020234,0.00197156683006639,0.0171829872109479,0.0131203899441347,0.0127055543262774,0.00861088494666425,0.0370928825911743,0.017916148418348,0.0455635953953799,0.0130513142515591,0.000810358341829827,0.00748749596977483,0.0435421573825654,0.057149439242402,0.00863098936383322,0.00178859316926445,0.00838148013539589,0.00505542768096893,0.0348599094673262,0.0112621214041817,0.00376518921975035,0.0097381604993151,0.00170845780533826,0.00331242759884747,0.0069516898179474,0.0298916699347237,0.0126710591946304,0.0169200349557803,0.00529007286627657,0.00285728915995766,0.00282874665941591
"Allorhizobium.Neorhizobium.Pararhizobium.Rhizobium",0.0448472682988696,0.127200351247736,0.0255325269687742,0.0414552619314378,0.0108156209311086,0.0416421208731999,0.00352597805502434,0.0251671587771276,0.0617764800399822,0.0644752013962458,0.0278265864913321,0.0799736689096676,0.00845010012770068,1,0.0619625994117479,0.0321810107337579,0.055765109134805,0.0148940338251239,0.0368184486397446,0.0204031246379213,0.00653133335600293,0.00731655286213728,0.0522302015282741,0.106650794058058,0.0405111305737751,0.0799964785330772,0.0121063486546002,0.0995024260854388,0.0336532357544626,0.0366611042872496,0.0839957557174372,0.0725518379088275,0.109276257301365,0.113132681419646,0.103219179794409,0.0565191753146093,0.066793592725611,0.0568080223412095,0.0379082611544648,0.0866824872261891,0.0327107846212256,0.0417412107837689,0.0798383813577557,0.0474640350446653,0.0136592896391077,0.0214903110881596,0.0669508286245429,0.0584746773176338,0.0286369316548858,0.0448920323483413,0.0286814268687249,0.0906491997190206,0.051211391739943,0.0605187949681369,0.124792618778932,0.0172385051845908,0.0254975405504731,0.0687081450384552,0.0475812812725601,0.0832639954472159,0.00336548477869452,0.00159371873358309,0.0342963790258513,0.0385794121100482,0.0891702571039414,0.0685447323875413,0.0171165760814276,0.0502540599259977,0.0232572277061587,0.105661763165879,0.130111260600958,0.106037836795927,0.0327197712233858,0.0609514144384523,0.110429384964746,0.0636601686604892,0.0581405323322515,0.0722981257065804,0.00700799987896825,0.053040734927798,0.0371951600384555,0.146358068312597,0.059771034225244,0.0179161797958975,0.0509765895443855,0.0496040546445784,0.0836206743458119,0.116761172179555,0.0261437570625334,0.00822153268105745,0.118224994279095,0.00924239703289378,0.0574912216488294,0.0349579707653596,0.0646577006017234,0.0641255211544868,0.0903698780567826,0.0553715535505567,0.0683143256759001,0.0496778152797228,0.0570896022061649,0.0648218076136827,0.0485283448022898,0.0527168236765984,0.066196557748179,0.00179370013008005,0.00472643766042685,0.00250435234367692,0.0505213492068574,0.130810188895469,0.12033867019964,0.0483062302772625,0.114036908422783,0.0185230387395889,0.0376319533414328,0.0651777919149505,0.0020860956820559,0.0384119435069903,0.114383397928375,0.15242923452778,0.0722451115944606,0.0828134785497509,0.0775922461356088,0.113123620360033,0.0369336843991825,0.0532469864606197,0.00641312297125401,0.0723581595417295,0.0422946942775366,0.0305983031308335,0.0138180022390474,0.0425852605960977,0.114390376345538,0.0829819461064842,0.0435093639482898,0.0997127421795126,0.0659842104965035,0.0936338422108137,0.0420635769454751,0.0595121358800272,0.0991172436807278,0.0011463653687003,0.103636789859851,0.0909779742248761,0.0626462307095954,0.0543352330231077,0.0581643944809898
"Anaerococcus",0.0459904507115206,0.138795051494429,0.027596142234314,0.0263440005481207,0.00586879826084672,0.0786375055024885,0.00637635412971986,0.0143796397663465,0.0640772989635971,0.115663241711702,0.0140327414291778,0.0626279642770594,0.012027007619376,0.0619625994117479,1,0.0185512261759098,0.0454526054591361,0.00782063365101254,0.0382925512144716,0.0111199556634061,0.0101047280587096,0.00714850587282275,0.0362715771101479,0.121896925333771,0.0359471077419817,0.0721349041088954,0.0126687891031746,0.0793843457620999,0.0612881808476661,0.0212017454370976,0.100294983465528,0.0657914231994468,0.114734555014214,0.124485325986565,0.128527047163502,0.0280890588087157,0.0656618138278841,0.0352115513164924,0.0237288743458017,0.11614971686978,0.0205250581614978,0.0272016086549024,0.0825093728295218,0.0340766485219529,0.0119867015873709,0.0166669832835637,0.0406674900465508,0.0412728732672092,0.020792746266145,0.0395136974895538,0.0198790784657947,0.0980850079693338,0.0313778727586974,0.0539621670782137,0.0971420217418626,0.0153070108180196,0.0141482431104553,0.103441313061985,0.027025446683614,0.0990946508620406,0.00359011953263897,0.00324672734974898,0.0648272035058118,0.0300244044161624,0.0711344097173909,0.117374588834175,0.0117991558180781,0.0788096709134373,0.0436835438423925,0.0782991656045528,0.10235921260433,0.101613716379023,0.0274782668415309,0.0467916936058623,0.127163819359432,0.0913614963959857,0.0980545525448614,0.0941028951048456,0.00536872056307334,0.0665885352629334,0.0204203205141687,0.104488082529183,0.0640583612832503,0.0100234857189552,0.0344642571869427,0.0570906201840601,0.0681696963107807,0.0749882521850337,0.0531459283881795,0.00732108345714981,0.128745251680674,0.0133541461602601,0.0819052188705529,0.0363601500682324,0.100509799478349,0.105279527683982,0.103114166325219,0.0635455441635692,0.0774536861750474,0.0935349995250441,0.10632772042265,0.0890514612447861,0.0848127704200975,0.0300760682366235,0.123884120550797,0.00304490888339938,0.00578495374499812,0.00369095509032223,0.0539470769930324,0.0796384073438298,0.115275391389332,0.0341829692751161,0.0715359183028326,0.0115156018589379,0.0212688904509899,0.0805525829672553,0.00348899581267288,0.0351909072198678,0.117182069787497,0.108425081454798,0.103806726126237,0.0638637298884394,0.130797524122786,0.138418891043817,0.0663338939324605,0.0949187524587216,0.00693166642902919,0.0774231376095781,0.0816831731470887,0.0510433172939388,0.0291873550253891,0.0301472494006791,0.074946702326921,0.0567884287183451,0.0669711848142762,0.0854329994940857,0.0420138769093018,0.0930265266673735,0.0253281762203435,0.0415308180894016,0.0585306957712878,0.00183850228146149,0.107522809473787,0.139923542640129,0.0723308119443764,0.0372535205457863,0.0378689188850017
"Anaerosinus",0.0766347647937736,0.0438720221510836,0.0144633014444517,0.0810010921637054,0.0627644222557053,0.0110999984773291,0.000836326950437614,0.0857875728766752,0.0549349996790373,0.0132103406883216,0.0861994182179744,0.0316731649423257,0.000974647010841487,0.0321810107337579,0.0185512261759098,1,0.0639585235300534,0.127661054736218,0.00790678332095745,0.0951108247143775,0.00158356816069886,0.0223197705526522,0.0447570465879412,0.0264641041943161,0.0202389021562867,0.0432939196628905,0.0123405039381561,0.0581083108245416,0.00500446439846653,0.128558305161071,0.0324475202617927,0.0140074025790917,0.0519265103169581,0.0244084697699284,0.0385161090006426,0.107057266004946,0.0293470754077444,0.120973675442146,0.0882363150530436,0.0327768263925052,0.0716761291718527,0.0834130123588777,0.0511964746413199,0.0787233276026815,0.0108670801874833,0.0338214906033198,0.0924870585880717,0.0502531650940281,0.0130978305644766,0.0829122736783532,0.085534387558464,0.0352966072331639,0.0392253672825724,0.0463274564191527,0.079117767251354,0.0286478014855979,0.118604874338496,0.0213981547597884,0.100226321351825,0.0410258908215857,0.00186643352316894,0.000348808737179263,0.00593113428722952,0.066534037521799,0.0745914168291012,0.0128276778400038,0.0326030545549209,0.0123673698443772,0.00333678725760409,0.0467949121205998,0.0526495211951343,0.0391435106396507,0.0163637458314821,0.0416325692798171,0.0346305954746489,0.0310854933790427,0.0276685848759541,0.0179188887479208,0.0113339338579108,0.0196408951134775,0.112070973859101,0.0673488231378126,0.0163845216675112,0.0588255079162523,0.0603383742313723,0.0234817325553754,0.043301145657241,0.0559442241329482,0.00641442990245506,0.0134551885218002,0.0550397935564827,0.00208651611087935,0.0141112897836957,0.017128247597309,0.0170517849156183,0.0119584067942306,0.03546373520276,0.0411183433801027,0.0347035710862471,0.00820667691428706,0.00924497799473694,0.0198329735189272,0.010490020034374,0.0821126493415109,0.0129750624265981,0.000475451845660824,0.00112488473922976,0.000694283079394918,0.0466841299953022,0.0738350521639736,0.0387686612371796,0.0790479637761314,0.0574617585301575,0.041958344176355,0.0730203850749175,0.0211457921822225,0.00144985284003074,0.0700021541849259,0.0387570252928992,0.0630849154501485,0.0190007561045694,0.0411437151905129,0.0145534457075481,0.0379005464330765,0.00474804053020591,0.0128532413802884,0.00553703715266086,0.0314386812027143,0.00559893552676833,0.0038086138757873,0.0032786733090855,0.0971347920511685,0.0579965353228248,0.0532148376568708,0.00826640539226021,0.04245011185061,0.105512774744324,0.0411513094527775,0.0708898123994242,0.0603606941311316,0.0576484068178039,0.000232478162249388,0.0512928826490825,0.0345775874563774,0.0191804125961046,0.0555918251348861,0.0691758812543382
"Aquaspirillum",0.06211190376559,0.135116253390365,0.0247907433030483,0.0734515783440198,0.0252872478258383,0.0442394886049368,0.00250035249832459,0.0564955093070252,0.0656830320171425,0.0491429897860668,0.0564044817392229,0.0608394458258941,0.0048698960801,0.055765109134805,0.0454526054591361,0.0639585235300534,1,0.0424605790109835,0.0224455426722561,0.0426893172831345,0.0035250828779773,0.00967441866243648,0.0533113760203166,0.0775812009971877,0.0337392298368649,0.0794339099374013,0.0119060473944058,0.135147596308167,0.0295999966170412,0.080438166046217,0.069089115801998,0.0482860927486807,0.131975464647252,0.0749737191701656,0.0956289230367772,0.0698398143300993,0.0647603267159081,0.102035632729655,0.0703059024384349,0.0768890753043681,0.0472041591430311,0.0691492009712441,0.105515892721137,0.0745751071533464,0.0100482334347202,0.0229758173774857,0.0916472338056205,0.0684024202008583,0.018826992956021,0.063126101541618,0.0500213939396219,0.0743367796029179,0.0498631115126832,0.0599252441665482,0.174430226046479,0.0185288189192087,0.0533927522854678,0.0709095891591478,0.0665612590291617,0.0727673715844194,0.00250574557472149,0.000771452769197169,0.0255298926174908,0.0857404936787162,0.14779164554434,0.0530118375555369,0.0183478819216189,0.0441811824673507,0.013538771076465,0.0772010739427471,0.134183486094991,0.113173248623562,0.0389065442064368,0.062433153131309,0.0837006106074829,0.0489463920650096,0.0466302568391471,0.0528609141658071,0.00928716816316965,0.0468784782974434,0.0653075760235075,0.13332826173266,0.0495639756033908,0.0323237690784371,0.0647926381833488,0.0520524460566474,0.0785627379650966,0.113707026757883,0.0204888253623505,0.0104181872498114,0.157443325903986,0.00393989610051564,0.0497850898786036,0.0354526550590611,0.0571111256264797,0.0500599586025716,0.0933744678643119,0.0562593235519915,0.0618101124908038,0.0341259589552887,0.0375859988940749,0.0568391881995233,0.0397672763186358,0.0563312967323439,0.0511780815623276,0.000923569585103753,0.00306288227358165,0.00141875077719641,0.0741129123153991,0.141154249075819,0.124719507562329,0.0756376500593647,0.1112314489833,0.0276624138407878,0.0542994794774633,0.0563085116931951,0.00224791999647941,0.0695761406166635,0.1163155798209,0.166018665275839,0.055081513657808,0.096092645202055,0.0585536196879208,0.0960803900366715,0.0269090401701966,0.0438177970178026,0.00587209681632077,0.057033700307465,0.0279417773950557,0.0194050860826871,0.010489541739348,0.0734438420338903,0.113706451310483,0.0657172334759199,0.0351373860533516,0.109173034177807,0.106509885493092,0.0890399468980945,0.0640697873464774,0.0671334550978854,0.112830401155476,0.000515227094667968,0.118943194831277,0.0938774481349641,0.041309202017726,0.0642953800346496,0.071411775594001
"Arcobacter",0.0476692127944902,0.0156584337712941,0.00584355842254367,0.0784455592987274,0.0602708578804991,0.00288939689072353,0.000503369752620295,0.0534510913158657,0.0319766129956078,0.00388601942704755,0.041404547959763,0.016682925857766,0.000247086541084631,0.0148940338251239,0.00782063365101254,0.127661054736218,0.0424605790109835,1,0.00182673875541725,0.0543438248175848,0.000846604780475484,0.0234037662521259,0.0255192770184989,0.00923957543924597,0.0083227637396873,0.021344093991057,0.00720860622025106,0.02655836471844,0.00103904266395206,0.131668059370471,0.0132556960914777,0.00469097391344703,0.0219337637924173,0.00815841786312185,0.0153265545157115,0.0731126827430053,0.0159676695378574,0.106522156050858,0.0734624437511949,0.0130297272275626,0.0320662331215523,0.0691977891858363,0.0249281658178236,0.0491591474246077,0.0041442256510071,0.0136433568434626,0.0650303215087076,0.0331577178805446,0.00337544632829357,0.0507677478483241,0.0404011282215177,0.0153665279232782,0.0165651351261191,0.0259751310548847,0.0378266876931829,0.0140110102235214,0.0922623734904228,0.00812786264064309,0.0733170484768217,0.0191973316596817,0.000886921339774243,0.000520840772311922,0.00104967036817296,0.0513170197302659,0.0381464655731875,0.00342400980641208,0.0308092947580607,0.0043427461415149,0.000648053513166858,0.0230816226338107,0.02143565698667,0.0152839335910843,0.00552855050072892,0.0251220698802731,0.0139322540613232,0.0136784505771586,0.0128622218237112,0.00661969754355953,0.00431583638991848,0.00868394108061419,0.0890403852712508,0.0319704056223253,0.00604511895065495,0.0567979864378695,0.0376663542156221,0.00988647524623455,0.022212810513297,0.025821187340078,0.00123579429719039,0.00957163491816921,0.0227901152474181,0.00107835455045643,0.00574823810997546,0.00583910956130516,0.00530270343961387,0.00326359852395791,0.0142189826708813,0.0245979634213682,0.0178959147198585,0.00229217927326998,0.00249336005418753,0.00819260412483159,0.00320746461637733,0.0558277758391555,0.00386125679043074,0.000455832942855272,0.000365990149569112,0.000499990931565539,0.032622513502242,0.036388079068676,0.0135674128671683,0.0604875877397905,0.0279750427864949,0.0246934794245555,0.0473887985397825,0.00792398075708448,0.00150065138396883,0.0447701225822733,0.0134856929584303,0.0246235121223746,0.00698745500919678,0.0192559265699967,0.00387553592046155,0.0142085918046251,0.00101948243861718,0.0039189488276451,0.00455372234989032,0.0148586140877687,0.00151776399273782,0.000624805815716993,0.00164576996970548,0.0556089641239973,0.0256271612762802,0.0305273566528987,0.00219694681527609,0.0171128452866331,0.0780061206730973,0.0203715847602975,0.0482820448381475,0.0350157469235083,0.0280827493006443,0.00033667326975242,0.0243750688776341,0.0139136349079113,0.00792956488058899,0.0381594336197249,0.0486032758195014
"Atopobium",0.018308964481611,0.0589153166229106,0.00347514536244314,0.0126684154695723,0.000895838207605026,0.0187829291307171,0.0277607352887704,0.00404789240694459,0.0236485851069584,0.049092776671898,0.00384152007384617,0.0363145618199888,0.0225460551475191,0.0368184486397446,0.0382925512144716,0.00790678332095745,0.0224455426722561,0.00182673875541725,1,0.00221558223553013,0.0121182423624793,0.00112173073859075,0.00749403954722227,0.0668362768632967,0.00512256125945509,0.0316543511342778,0.000947508993744528,0.0383657341761032,0.0450740553347414,0.00996714738196317,0.0368635495115765,0.0300983725811104,0.0449868675820683,0.0600886131708929,0.0404996386933424,0.0164198942513002,0.0253263629046773,0.0170651678074332,0.00928259331275241,0.0450757077315244,0.00407190604553456,0.0121938919734381,0.0259281796114171,0.0173527229105569,0.00144203278029915,0.00219961632957941,0.0232384139390866,0.0184447927955644,0.00388959065923426,0.012125280178801,0.00460945883865149,0.0363602710524868,0.00874022700186131,0.0245546931519302,0.0422406835611467,0.00361488158294382,0.00390384026726437,0.0305747789830511,0.0112184034908764,0.033910637862452,0.0141431845096917,0.00974187300669728,0.0199412403977847,0.00998516349989989,0.0357998988956588,0.0546621607196479,0.00245686192066741,0.0200109017247439,0.0392667221011237,0.0713217830497847,0.0515055240699685,0.0486553881370642,0.00402071075852226,0.0184263801806855,0.065015948645838,0.0475235429751081,0.0354490262221537,0.0315548088338243,0.0102435142145837,0.0198908712084056,0.00775058271121138,0.0616400512424072,0.0483974544564757,0.00156006861971598,0.0167752088621549,0.0165204842524489,0.0335383777106466,0.0393534199963185,0.0105112475361656,0.00061555254179685,0.0503986050068162,0.0086884344963532,0.0243227231019092,0.00565365635594073,0.0544728978961132,0.0610501184448304,0.0373788816906708,0.0197038176450839,0.0233442291911006,0.0494322245430863,0.058261814388956,0.0340993543803622,0.0395469521135385,0.0104496157147177,0.0378339164124833,0.0155432727457641,0.0154557997543711,0.029288371269169,0.0213840378681342,0.0398198377932212,0.0541818471653442,0.0163248659663873,0.0518437031296235,0.0016399409936123,0.00556827249470227,0.0363267982478365,0.00993356312665811,0.011517103667751,0.0578267649568902,0.0509673319793176,0.0536240020970683,0.0313680623411766,0.0794319921042611,0.0480340405210071,0.0680246170617726,0.0367741007811961,0.00156938092239759,0.0244620614793244,0.0748075667891021,0.0198939893903978,0.00891851785749846,0.0126758968893206,0.0342489363405779,0.0302910767031,0.044858344758075,0.0372996514855832,0.0211095288609531,0.0361944568097035,0.00914159210014684,0.0198640712647038,0.0332861063557364,0.0206668370060616,0.0533505416198415,0.0497446258355482,0.0239834388254187,0.0141620428869769,0.0167493132471534
"Bacteroides",0.0439496291735467,0.025052584855194,0.0131762561605077,0.058357923281379,0.0492955704473975,0.00474354184912163,0.000274670514228755,0.0549609868043692,0.0349795255593369,0.00726263532768072,0.0503931115346507,0.0198596998142851,0.000351875667140774,0.0204031246379213,0.0111199556634061,0.0951108247143775,0.0426893172831345,0.0543438248175848,0.00221558223553013,1,0.00065945150711731,0.0199927846466467,0.0233687333880969,0.0146439859964627,0.0157803629418538,0.024979091253568,0.013581150407189,0.0339040540827073,0.00202610588664305,0.0846888364607018,0.0184336442937066,0.00814056342346464,0.030259401019936,0.0143084469351313,0.021967131740815,0.0811328919937265,0.0209481615987325,0.0807565712553354,0.0754248639402631,0.0185625412977223,0.0421873284466698,0.0627591526574997,0.0302070091655555,0.0518755800072028,0.00899828592851011,0.0225041636994557,0.0621586530858268,0.0325842163636262,0.00654440162500269,0.0463177327630688,0.0387645025776721,0.0198282854487262,0.0187888429604654,0.0294013771672263,0.0470506111747307,0.0108973993077562,0.0461286647733131,0.0138149053354173,0.0565762664458184,0.0227678755103478,0.000661611009505157,0.000190513568058943,0.00162418843960404,0.0519752470180024,0.0458245867997873,0.00705292943988311,0.0110215100498841,0.00827158533984181,0.000942894683602191,0.0288068638660207,0.0307899610439729,0.023073310055286,0.00685198414492574,0.0309380118179778,0.0196294883642772,0.0166798115085466,0.0164271637525101,0.0132455005656599,0.00407973235085915,0.0110238542595717,0.061361298910703,0.0400592275589625,0.00886443451260326,0.0368800187468994,0.0346539702071984,0.0170378098593287,0.0299630088521428,0.0356127780088289,0.0020884265842674,0.0133144559754163,0.0319399933025726,0.00083080477023113,0.0114783569739295,0.0146348942159489,0.00912505996374618,0.00658090141391791,0.0220898379394437,0.0256674424369622,0.0218479665460925,0.00438871260252392,0.0050955746826053,0.011673777403662,0.0055729894487918,0.0443751921392791,0.00871774119723046,0.000192965288199284,0.000461221706129157,0.000251956078374337,0.033657460285491,0.04364545915439,0.0212505434415077,0.0515814166407788,0.033763442345701,0.0261649722564727,0.0404398801388087,0.0126997877984751,0.000689259337819541,0.0476281031283444,0.0211088562531363,0.0354442905859837,0.0109619656916875,0.0234089337912866,0.00786226970215205,0.0212361710810085,0.00212094035457941,0.00804272616167332,0.00396139854210274,0.0207583901173739,0.00293196705410315,0.00105441011907328,0.00101689837732874,0.05488888539283,0.0317787781181432,0.032082210377003,0.00383390142240051,0.0241459171238937,0.070088418605401,0.0257193758534415,0.0428647806504128,0.0383861529041483,0.0349692716239632,0.00016805768130166,0.0315404098674668,0.0199046709631455,0.0115106414310513,0.0341452335507751,0.0482256699495347
"Bergeyella",0.00335380099197549,0.0155696826010482,0.000816247760133041,0.00226171867268574,0.00032238633852474,0.00854089498527225,0.0229539052259952,0.00067819133072589,0.0057086706629447,0.0152024330551076,0.000825188368236906,0.00802727264206977,0.0161183082590515,0.00653133335600293,0.0101047280587096,0.00158356816069886,0.0035250828779773,0.000846604780475484,0.0121182423624793,0.00065945150711731,1,0.0022496983943593,0.00219203260693383,0.0142234990042441,0.00113659845121372,0.0088780916398636,0.000356582692337306,0.00765032472114791,0.0234692393992953,0.00202777420076223,0.0108379369611153,0.0101961777213996,0.0107223381699444,0.0135209455423323,0.0131387582311231,0.00287092960534691,0.00488621893699149,0.00347768707262313,0.0018933760939962,0.0115638297450603,0.00121111466192647,0.00190701794165844,0.0065679072857655,0.0029478987790401,0.000552074590425918,0.000457483656638411,0.00435959722944666,0.00489064671917132,0.00115472776367301,0.00314012889307329,0.000889279847826768,0.0117684526166008,0.00165397763464092,0.00542220978801185,0.00836173642123295,0.00146582255180055,0.00138060811501531,0.00865700202802605,0.002786010163248,0.0103243651896216,0.00955894496173417,0.0484500523199045,0.0121875898728428,0.00220677234361776,0.0060132663706394,0.0199543743072545,0.000642433283297096,0.00707534525495584,0.0627156718329611,0.00847145190579203,0.00970427265431765,0.0109622494615563,0.00161963121446695,0.00477404235443625,0.0142155626101609,0.00932749475116627,0.00734441127169573,0.0104262349283214,0.00786092865377537,0.00855253603503228,0.00152276275273729,0.0105016121846127,0.00846837773580887,0.000497251893458753,0.0027597354880372,0.003175563172116,0.00733736904781182,0.00725834671171977,0.00438915961424191,0.000352092362885596,0.0121504187136233,0.00697806105299531,0.00680917832618642,0.00126350132136155,0.018907619060846,0.0230323523640477,0.0109055134781388,0.00530337852098684,0.00558627479461059,0.018796906363971,0.0221500913450192,0.00956086375415642,0.0187563141498187,0.00259336155874255,0.0121234899981766,0.0168231202837955,0.0121368086098754,0.0221878274006614,0.00408225950837112,0.00765674187795074,0.012987158049507,0.00269935606748578,0.0075400341519451,0.000503321413494771,0.00150875484773503,0.00865541514382682,0.0285406818069657,0.00256015463804633,0.0139373124032499,0.0108861978817016,0.0111828903177463,0.00606350846689864,0.0283604466046031,0.0151308404926168,0.0231557077260655,0.0107763114799258,0.00402688499716302,0.00683936088240356,0.0250809302027664,0.0167094240073509,0.0122450298839022,0.00176386634302194,0.00799005291786222,0.00496872351555161,0.0253707122018002,0.0103834606859931,0.00374355550770239,0.00830548830339028,0.00291489819333771,0.00404152591922363,0.00596367074615306,0.0383705258544548,0.0101670100539075,0.0143109162818565,0.00606494533929215,0.00401076393372045,0.00328945550694569
"Bifidobacterium",0.0172303670754889,0.0107253941675913,0.00792916023309912,0.0139062738911945,0.0127463098543389,0.00382044381876411,0.000579318838470379,0.0092437139236097,0.0115294677429584,0.00588373373315401,0.00822292171253359,0.00883558524802138,0.000372505277309786,0.00731655286213728,0.00714850587282275,0.0223197705526522,0.00967441866243648,0.0234037662521259,0.00112173073859075,0.0199927846466467,0.0022496983943593,1,0.01465719514741,0.007705010513893,0.0069172698683777,0.0099354829282403,0.0084065755335803,0.0119899853000761,0.00154194003868191,0.0205343952166229,0.00846763422722439,0.003929866467706,0.0129621694634991,0.00831151144745511,0.0101379610067307,0.0161427416757895,0.00624226752182262,0.0189045753329611,0.0155054066690147,0.011140727068333,0.0104819298863463,0.0131098735993686,0.0119345443278244,0.0138530806239947,0.0034539974197676,0.0100078472157184,0.0153751715741961,0.00917760185403838,0.00166360788991444,0.01349452477862,0.0124186546299824,0.00820828040049556,0.00763177179065154,0.00959482661607403,0.0158507398844797,0.0144493591416115,0.0279518172725804,0.00852843038842829,0.0144558992593093,0.0101261530690574,0.000835215680056181,0.00124823368110006,0.00132583226193903,0.0118359216464535,0.0138672278394211,0.00522604504146388,0.0112031760970241,0.006601502479668,0.00109259122587878,0.0104643649905558,0.0109750263411597,0.0089731763741134,0.0027891336964333,0.00678221851010979,0.010344643403374,0.00950867416758812,0.0087491241716843,0.00658626468447868,0.00104807258181551,0.00457966114823304,0.0139842779460307,0.0151040592938618,0.00456588554267909,0.0113629308713578,0.0111835971714587,0.00651870868597187,0.0089425788620172,0.0131639399026149,0.00205462040460104,0.0138062096956317,0.0129917546622119,0.000858117859650766,0.00553352355956022,0.00616560386654279,0.00663351652077635,0.00477985064410575,0.00837079456918861,0.00843867140650095,0.00936544011824929,0.00354256340994839,0.00411325086464156,0.00553955576871969,0.00360033683847112,0.0108350796035805,0.00754235359399145,0.000603358603473336,0.000559068299225038,0.000552754083628918,0.0122092495820548,0.012769328660244,0.00916164918413807,0.0145503194571187,0.00947843946719974,0.0101335761324549,0.0131767359668605,0.00941946642421816,0.000785572681319088,0.0136566088734744,0.0104513787961068,0.0129351922765658,0.00841540462861596,0.00859742560147823,0.00606067982330706,0.0102157861121148,0.00165456369781797,0.00558548204724801,0.00698215055620516,0.0084881113185461,0.00248855761678437,0.000965619609557233,0.00119199568824641,0.0133724631322694,0.0108497329393599,0.0100892574884467,0.00260902540316944,0.00898799998248108,0.0150704190392258,0.00919042790103041,0.00978706196522205,0.0111896497314867,0.00929939740751722,0.00180915899646267,0.0119936751554665,0.010337064735313,0.0086979299140611,0.0132072754048221,0.0151312301160445
"Blautia",0.0508090655240905,0.068820304579376,0.0214691774945719,0.0494686919233839,0.0215470760956905,0.0181111751983914,0.0010067437024654,0.0293105401235433,0.0595017089068405,0.0293145634288117,0.0256524939615707,0.0489633685201603,0.0017230540625618,0.0522302015282741,0.0362715771101479,0.0447570465879412,0.0533113760203166,0.0255192770184989,0.00749403954722227,0.0233687333880969,0.00219203260693383,0.01465719514741,1,0.0461157971459569,0.0280129908636527,0.0689488131413445,0.013723602047131,0.0795434635742027,0.009026915161031,0.0678997573939392,0.047317036677686,0.0253846916404257,0.0875214472886563,0.0489519236783128,0.0697218866341647,0.0621869235518875,0.0359928127219025,0.0913930827563621,0.0674959851421473,0.0619410698494951,0.0311641102492393,0.0483022386280797,0.0806052219381151,0.0509216130339875,0.00802883268134996,0.0193052206846175,0.079313049940969,0.0644048086242786,0.00999056615078815,0.0535845581164468,0.0304948655320274,0.0541270228274624,0.0283499898768358,0.0497225198244894,0.113792207249976,0.015858291203524,0.0425050417026837,0.0531324695815044,0.0498026123660461,0.0636668113584987,0.00147330915422532,0.000419951193226722,0.00859927905702638,0.0434385823793082,0.0741502013792291,0.0301006428422992,0.0257859431922249,0.0322146548378737,0.00547465415947549,0.0533742372784063,0.074744686091236,0.0531065792158259,0.0146620921770414,0.0406007146758169,0.0597133706100637,0.0335139883008913,0.0348626473036379,0.0390488869678897,0.00847208321700158,0.0318482705358906,0.038266879795624,0.103081229478895,0.025618315516412,0.0289461464938018,0.0422843173402907,0.0296096439324464,0.0494138576707209,0.0966959068772327,0.00849664864318079,0.0122174441059775,0.0914690276596053,0.00224535540045376,0.029476327278885,0.0223242474187562,0.0333571542690058,0.0286489308524929,0.0533626323401733,0.0458179932644766,0.0583103352427091,0.0177756264130072,0.0211441740309484,0.0320241700396945,0.0200660926974962,0.0346747655284274,0.0362696294955406,0.00046435439195746,0.00172360118284175,0.000840797950456842,0.0505841706071346,0.0890837530486241,0.0651179357052422,0.059050455311071,0.0562868779806234,0.0278764391454765,0.0532048298265647,0.041481117297365,0.00108598028425624,0.0413342224417248,0.0679930963526177,0.103210752614163,0.0391191116175143,0.0595691107095716,0.0334057039474469,0.0690395117355298,0.00881178790143346,0.0236159636449152,0.00529462009876957,0.0474432625485771,0.0131762034644228,0.00577455768646642,0.00419281595908386,0.0365019547909893,0.0792294585127151,0.0503109179242098,0.0152270599782511,0.0664050790884842,0.0785882368978679,0.0636505747804531,0.0402310708814086,0.0615832748417662,0.0603792641420281,0.000359925834574405,0.0697323140394901,0.0637172667615943,0.0316544977599586,0.0722688976097428,0.0775803863830385
"Brachymonas",0.0568675907012469,0.157461360071627,0.0327150138640752,0.0374775266740384,0.00699448849162481,0.0990655865240731,0.0102085450766749,0.0183552613007053,0.0745387939189476,0.138421419898981,0.0199047929599252,0.104771561007702,0.0212235794465913,0.106650794058058,0.121896925333771,0.0264641041943161,0.0775812009971877,0.00923957543924597,0.0668362768632967,0.0146439859964627,0.0142234990042441,0.007705010513893,0.0461157971459569,1,0.0420699262546713,0.089067000575343,0.012477204496821,0.0987675506380292,0.0962746609342101,0.0296581026036068,0.115965207766377,0.105429726291377,0.120991825405148,0.145900702836056,0.12302945046032,0.0428434937062387,0.1021301662064,0.0420986275487583,0.0331105914756339,0.115524583643299,0.0301558669449802,0.0433608930277485,0.0869958669512263,0.0569312606060621,0.0153986231859595,0.0199198986956228,0.0557308720400464,0.0679707914515176,0.034244868635649,0.0542186285712259,0.0286410397962728,0.109641341775768,0.0606500436198579,0.0857051173657479,0.119521729596986,0.0180553656222546,0.0199685696071489,0.105368632445373,0.0430346033142168,0.0976870352325876,0.00639533491293929,0.00468138167120932,0.0808913408084774,0.0459508727677949,0.0872316828446299,0.121056341587707,0.0161866262255105,0.104620850603369,0.0598148985238101,0.10903888866556,0.132544210502613,0.120469621915921,0.0479585288400264,0.0713417354742697,0.140466071819252,0.113538587159268,0.112534387459184,0.116107244689108,0.00857258861113048,0.090921576825558,0.0279322085860353,0.127532983366618,0.108669945628658,0.0111451702481572,0.0635774983224543,0.0723630229646861,0.0942462474722474,0.0953575667010881,0.0652177638885123,0.00776599007096322,0.140629844227371,0.0160696085371663,0.115015660141657,0.0464505084912795,0.123149941442144,0.117884274540306,0.110854172618346,0.08562123106591,0.0945980088163459,0.132844076070907,0.122431839751837,0.107899431440443,0.1134690788584,0.0444159711018138,0.120891142305187,0.00478524574325479,0.0100949593067456,0.00614669231161686,0.068389550335753,0.112465038690128,0.147515246769421,0.052479813924124,0.11173854138042,0.0170458300857724,0.0269660693475574,0.110917282846195,0.00472496351064554,0.0476614156535823,0.142694403386695,0.151500210970736,0.11483847805361,0.110252659087112,0.132690674970153,0.143550772593365,0.102303127463482,0.119493589247737,0.00908347793362822,0.0957343080700951,0.121587293435834,0.0817942125369462,0.038410667407951,0.0457820531355011,0.10501622450646,0.0822822359009047,0.101616871762753,0.113280346598579,0.05316886925844,0.110873314526086,0.0425129393079293,0.0615481690019287,0.0909247078273687,0.0030109662123583,0.120901290439449,0.125179813933849,0.0932397158831164,0.0561976784365134,0.0587652111587526
"Bradyrhizobium",0.0284040305978384,0.0651513417554114,0.126889112138177,0.0247849053232693,0.01823203427284,0.0177896082763772,0.000607776867773118,0.0240488708372576,0.0388294211903896,0.0337147116184583,0.0165159774059949,0.035940557282622,0.00148935230098403,0.0405111305737751,0.0359471077419817,0.0202389021562867,0.0337392298368649,0.0083227637396873,0.00512256125945509,0.0157803629418538,0.00113659845121372,0.0069172698683777,0.0280129908636527,0.0420699262546713,1,0.0360122998405111,0.113625315800723,0.0481419678938779,0.00846866915362165,0.0264001953412996,0.0424698967993253,0.0205013903317072,0.0689261504514864,0.0470058003040649,0.0703016133918106,0.0301421775849663,0.0542457662889866,0.037275890469482,0.0432282190418198,0.0471488638581,0.0145989600686859,0.0313371993682681,0.0587046584844216,0.0316713759512227,0.0355648203162005,0.0951782337285529,0.0370127025819722,0.0325381523003703,0.0198872833049684,0.0253619979218333,0.0276590828896821,0.0388519269826335,0.0238890125495608,0.0344979923220451,0.0700084257867224,0.00577424353004357,0.0123563029299882,0.0581390491290168,0.020221966582807,0.038956915529278,0.00058806039399515,0.000249761546128089,0.00777151586635931,0.0224101472247333,0.0477093499162619,0.0340398764175923,0.00928331276123043,0.0340895117155782,0.00493581358640827,0.0369921614080761,0.0723114437762534,0.0543435396568513,0.0130506384264767,0.035062558731694,0.0454125664629941,0.0273593378810259,0.0340547008396239,0.0548875598274013,0.00239552427891881,0.0218764086061688,0.0166420675710521,0.0542701350588597,0.0197959212909899,0.0249330693829906,0.0246535344365897,0.0599301602138666,0.0410454920233353,0.0584112955833447,0.0130764171977526,0.0641623471060036,0.0617814877931715,0.00168052051976394,0.0455329477566785,0.105957942038745,0.0307353127535503,0.0310388380770323,0.0559207734504597,0.0380661294456701,0.0622852467415276,0.0210367028076885,0.0250574806293791,0.0371208809430522,0.0218328622714184,0.0172865692628443,0.0539601084282895,0.000272450735805419,0.000993631513886504,0.000434014401323147,0.0282543780982423,0.0702645961686012,0.0533283175608417,0.0299911507304271,0.041682349703113,0.0246272199569821,0.0282029671325429,0.0394612151414919,0.000592983895562707,0.0292964384859239,0.0547030312940298,0.0752692156677626,0.0343291020331974,0.0439782705212112,0.0365637379397473,0.0529906660015632,0.0103267686512871,0.0365541769554178,0.00639051797628687,0.0546613772500365,0.0131221964195582,0.00501278930627125,0.00314124017532455,0.0246422877975872,0.0581433441007328,0.0338477433307448,0.0122965886684617,0.0495252115270835,0.0393047438097611,0.0421739006237399,0.0192577558631047,0.031424592792587,0.0487977816665335,0.000157557987175825,0.0514544177100805,0.04401571146779,0.0307235963471543,0.0264852211796085,0.0401114340758795
"Brevundimonas",0.0639474896778379,0.136833336310292,0.0245083879964883,0.0597995851727646,0.0125205245740002,0.0600420436764615,0.00483271918792223,0.0318582140425467,0.0809700498026694,0.0615967578501895,0.0362564241467358,0.0802393717516632,0.00956345746615157,0.0799964785330772,0.0721349041088954,0.0432939196628905,0.0794339099374013,0.021344093991057,0.0316543511342778,0.024979091253568,0.0088780916398636,0.0099354829282403,0.0689488131413445,0.089067000575343,0.0360122998405111,1,0.00949901551859061,0.128059914203512,0.0490875237459756,0.0517034168356254,0.0890595834876455,0.078212449793591,0.126698161586982,0.0956665351164142,0.112301898625229,0.0574938091043163,0.071250269571847,0.0688516546017924,0.0527298203176789,0.110671800795359,0.0472991389636203,0.054821660106688,0.102745095270166,0.0642242095629546,0.0129922066225299,0.0193974773037679,0.0729876281110913,0.105961534226958,0.0292563614775201,0.0764741698935108,0.0416326242120865,0.100842176166732,0.0573042477502511,0.0761456012176289,0.145518760249088,0.0215507133764728,0.0350178600466631,0.0825339329376753,0.0581246059356526,0.115077067115168,0.00329143887216482,0.00199707720888758,0.0420688218817562,0.0647576692381833,0.103055549910002,0.0695812924017718,0.0164231316517797,0.0653005776496667,0.0295943767698761,0.0773340141756849,0.117538827238867,0.101592209686802,0.0357746561495672,0.0916522830833625,0.110034365463078,0.0710832148397647,0.0705879013105652,0.0729743298546282,0.00951915712445769,0.10470178724949,0.045544252348642,0.144570948654894,0.0656462023506595,0.0223744313406137,0.078723945435404,0.0561988151945385,0.0833967456218012,0.11145847257807,0.0331452500918403,0.00801870799049937,0.139386793015091,0.00802949409090333,0.0730381169879502,0.0360624884509799,0.0714918541258935,0.0655846470283985,0.100871515469797,0.0809454393906015,0.0762074450912855,0.0519393913470834,0.0539126700827414,0.0705604407808801,0.0560933467485126,0.0590172087284218,0.0635258684539234,0.0017429796608348,0.00454666092265892,0.0024710848052283,0.0803346656102338,0.130221190008905,0.128550825572026,0.0707508859912607,0.0950213553095947,0.0208793063832265,0.0461449171267675,0.0758124556618235,0.0030000786299059,0.0559082792856369,0.117970106039843,0.157005935431788,0.0761215282513615,0.0834927130090217,0.0787277910660523,0.133961041811947,0.0450975494937249,0.0595969612660517,0.00875333986179035,0.0748599312506239,0.0541999167173282,0.0339541005547082,0.0187714266585027,0.0543070011633308,0.118621645606992,0.0811998796845662,0.0683811549332996,0.108649091663075,0.0823730189453294,0.0870972783800206,0.0822061368683305,0.0857422952940078,0.0871628506899358,0.00129062376484067,0.103145827389814,0.115272385034002,0.0796040862700658,0.0980681262292169,0.0611335270382434
"Burkholderia.Caballeronia.Paraburkholderia",0.0112907145196939,0.0139115396373091,0.179982912415926,0.0117698281007421,0.0227198869273658,0.00727812362550607,0.0001447230155426,0.023755208891486,0.011091945026926,0.0115339654552981,0.011477205279609,0.00967827446514123,0.000437508480365402,0.0121063486546002,0.0126687891031746,0.0123405039381561,0.0119060473944058,0.00720860622025106,0.000947508993744528,0.013581150407189,0.000356582692337306,0.0084065755335803,0.013723602047131,0.012477204496821,0.113625315800723,0.00949901551859061,1,0.0145473020845891,0.00201979410086107,0.0132845113104355,0.011409509741485,0.00504757616216234,0.0215059398953883,0.0155923194522488,0.0177075626028461,0.0128412746955114,0.0184521259206155,0.0139891809296166,0.0255938381895812,0.0143469161864545,0.00846307403296279,0.0171239690774604,0.0170401367568385,0.0123941745678453,0.0641447989184799,0.0938638161692466,0.010693519311744,0.0106897353547868,0.0202385703694609,0.00998678757312343,0.0193389006985472,0.00858273966110402,0.0168014173510235,0.0091664931700819,0.0196616908501735,0.00183337770629933,0.00869933296117889,0.0274218779069777,0.00988533521934686,0.00951630920903481,0.00018340829004892,0.000279271169094866,0.0016620014972024,0.0101100837074025,0.0147440639841011,0.00974678793292645,0.00656344983339628,0.014524505921886,0.000899725960691814,0.0112834505606531,0.016999716321045,0.0125832055210242,0.0041170698815524,0.00912966463653352,0.0144699805006945,0.00956998410535503,0.0117989558444688,0.0225464585964908,0.000795671787595352,0.00452119560958849,0.0113089873114943,0.0145729071890716,0.00528262863697797,0.0238658114320301,0.00888481796375826,0.0521064699715549,0.0108868786657264,0.0187247532903568,0.0091880607301886,0.156562097525517,0.0172272631250254,0.00052323162122276,0.0299460085482531,0.124965043919549,0.0100616177396408,0.00795174956448416,0.0131819506894637,0.0093917150442892,0.020335228982041,0.00661954407617754,0.0075244511720327,0.0103876050674987,0.00589676883953522,0.00681637781549758,0.0253102494520436,0.000111577595705474,0.000307980907147034,0.000140997820391673,0.00882143371474822,0.0143399280597142,0.0133652479937786,0.010889928673873,0.0095825193706163,0.0229355037468344,0.0185454730882165,0.0191491522359746,0.000259652847962551,0.0144803264190913,0.0156701951414852,0.0164508265932047,0.0127360343998977,0.012412869406957,0.0101904975632696,0.0118551437737344,0.00293690834100866,0.014354081605065,0.0139962858602333,0.0154206990137041,0.00372112991069249,0.0010556514460111,0.00101933854375423,0.0169978108180494,0.0127908545771233,0.00911580635695666,0.00335518503869459,0.0103342103434949,0.0125501480888733,0.0114459151335634,0.00788033697531013,0.011521314497628,0.0108361098258072,0.000111352096060183,0.0140068951665681,0.0128969799324442,0.015224055971546,0.00876717530301705,0.0139026450526476
"C39",0.0904810788995253,0.156045306518126,0.0398718342151207,0.068528032647181,0.0166252591986854,0.08320669615181,0.00494174238515969,0.0383096696866455,0.0867983036234989,0.0782609911991701,0.0456180119288715,0.0963736503729265,0.00934209202145166,0.0995024260854388,0.0793843457620999,0.0581083108245416,0.135147596308167,0.02655836471844,0.0383657341761032,0.0339040540827073,0.00765032472114791,0.0119899853000761,0.0795434635742027,0.0987675506380292,0.0481419678938779,0.128059914203512,0.0145473020845891,1,0.05850509656393,0.0586171102619481,0.0973941772431049,0.0923430837823245,0.155683485605294,0.0963613149899404,0.114639407196879,0.0787431038840873,0.0932844281600372,0.0812929209456547,0.0594222851607109,0.106532512696498,0.060733766432704,0.075246672252165,0.129830768746568,0.0983889416334913,0.0159170575982456,0.0250051912638796,0.0946992426656326,0.119125033383721,0.0341885813084475,0.0970066718511837,0.0498275740716418,0.102267883421391,0.0764571182421758,0.0866869256133819,0.200932776121203,0.0276382933578045,0.0422893583140828,0.108878446382117,0.078443353337931,0.103516660633656,0.00351927215102995,0.00180714447779084,0.0527671487279108,0.10375726097986,0.155653240730448,0.0808544377091437,0.0202832327394006,0.0863519433926621,0.0275340969194781,0.106598262611688,0.152160065295025,0.120661269096003,0.0595307697306895,0.0934943661346382,0.105148044894177,0.0903753196659231,0.0828598845072308,0.083519274511734,0.00918705312050867,0.0918627451054276,0.059718377059201,0.167013167286493,0.0850692423429808,0.0281289787945188,0.0994990048325487,0.0945041127870873,0.104173132613079,0.14743008211507,0.0394718113589982,0.0107722657621685,0.182714689155181,0.0092252806873246,0.0825498392534662,0.0561808617641809,0.102438947507973,0.0807219065736424,0.109652865769348,0.079243007515879,0.0998777942937569,0.0659166897977846,0.0672032401016843,0.0900079359083549,0.0752907691670576,0.0730973871562421,0.0811338768507932,0.00157462566992997,0.0051003415843254,0.00212629389460353,0.0988993474206385,0.159121749183427,0.150496418761644,0.0990556705458698,0.120946004114573,0.0283120518327447,0.0571089193646416,0.113516834614071,0.00305008447261794,0.0925269871413072,0.149164966156601,0.207468172152846,0.103037361250084,0.134801968849796,0.0816966492703557,0.125708899534753,0.0531620422346002,0.0786817951247425,0.0105295031191398,0.0803836442834178,0.0556554110686125,0.0373551100417226,0.0214063382157405,0.0865227058551172,0.145879721244478,0.107021726963234,0.0715436086765193,0.133938839453938,0.0991452190966714,0.117224764409662,0.0919197242748532,0.111894370466418,0.128129816315199,0.000988329579082116,0.119775276258642,0.113775731975793,0.080966507820842,0.101327367372508,0.0862130057147396
"Campylobacter",0.017419671786244,0.12848506093825,0.00614248243449613,0.00742545735351237,0.000973788041310314,0.0434676427509638,0.0274293437577677,0.0024573709003029,0.0307591443270296,0.123002685327952,0.00313743129291081,0.0360216172104897,0.0372383244085689,0.0336532357544626,0.0612881808476661,0.00500446439846653,0.0295999966170412,0.00103904266395206,0.0450740553347414,0.00202610588664305,0.0234692393992953,0.00154194003868191,0.009026915161031,0.0962746609342101,0.00846866915362165,0.0490875237459756,0.00201979410086107,0.05850509656393,1,0.0064547831280526,0.0734719342482105,0.0614084165058714,0.0789215120545407,0.10007179353185,0.096068952092352,0.0109693753076528,0.0348075321627115,0.0135686998555092,0.0068906518132129,0.0705995565299993,0.00526259274491559,0.0098905016529025,0.0581850111761567,0.017315418786097,0.00342439867398951,0.00273079680668879,0.020005193390445,0.0242633359091107,0.0114837811431954,0.0155422664979782,0.00505567264624172,0.0814863547826332,0.0110681928301081,0.0310720636710641,0.0689398908546555,0.00574670940642454,0.00294484591098586,0.060643266392188,0.0100953965091527,0.0667562768966473,0.0219491580508143,0.012618118478815,0.059902645645909,0.0114107981332087,0.0474148972499443,0.150145846929969,0.00325730118423382,0.0559526853550812,0.0777386454803782,0.0392034663201872,0.085244151400518,0.0878987713461209,0.0145136032445865,0.0272703872823291,0.0851394057229342,0.0413100338731899,0.0416193652067613,0.058163767289668,0.0192872152977177,0.050996440769075,0.00456322505958675,0.0631793668338273,0.0462077250894895,0.00146344435995544,0.0179685730557409,0.01838314011796,0.0452720665610928,0.0521270890207906,0.0328247242364575,0.00114374337015405,0.0921596373464433,0.0161348830663864,0.0391707209411596,0.00921418072965961,0.101330834231754,0.172533763209518,0.0952215392229137,0.0332931433171768,0.037646276304742,0.125485903096051,0.145759575628937,0.0741496652023861,0.0967502624461465,0.00905396066309299,0.0865835229491742,0.0145963802894137,0.0288645598320744,0.0186268536700783,0.0197080881760055,0.0661490509830753,0.120252841303221,0.0155214869072275,0.0594621296543577,0.00264733683488845,0.00418789831368476,0.0543325160554173,0.010569731954618,0.014576967840771,0.0921620513640066,0.0985244973713004,0.0648629747055684,0.0596995011534616,0.178316254726824,0.115401303306441,0.130551377037305,0.0754310542845039,0.00266780571444922,0.0420164832119503,0.155367364924466,0.0830744610846066,0.0358515256807968,0.00934053486957704,0.0645489960188179,0.0310075654988356,0.0803833341603747,0.0839923708215223,0.0200519483268012,0.053933332394938,0.00983708093800973,0.019087473843303,0.0518463186302899,0.011827894658516,0.0599920354946326,0.0924951843798515,0.0222288546238211,0.0152848097939713,0.0180157788860668
"Candidatus_Competibacter",0.0603920977521684,0.0487608184565098,0.0156691027136544,0.123582771911409,0.053657123713873,0.012152222656197,0.000978343334840365,0.10927919370407,0.0657004160572228,0.0147257010734683,0.10101839319622,0.0397970208726955,0.00138209719929666,0.0366611042872496,0.0212017454370976,0.128558305161071,0.080438166046217,0.131668059370471,0.00996714738196317,0.0846888364607018,0.00202777420076223,0.0205343952166229,0.0678997573939392,0.0296581026036068,0.0264001953412996,0.0517034168356254,0.0132845113104355,0.0586171102619481,0.0064547831280526,1,0.034250131715001,0.0177014735377356,0.057355647984303,0.0274798259388891,0.0453657351736813,0.105767436438048,0.0355586419334717,0.176028044395512,0.115904271249404,0.0363614130414144,0.0704526909335976,0.0890344876466911,0.0575460296082117,0.0669294780971237,0.00979657696381019,0.0315998355866826,0.116274644524052,0.0651802356587015,0.0131918051085391,0.0726623301062807,0.0850787635460453,0.0412713685818474,0.0419814601117238,0.0541148429735083,0.0885084783473088,0.0274309425941099,0.139031948578244,0.0246436219409591,0.109722252364393,0.0470438749301333,0.00244132552292914,0.000357329725531265,0.00703735518314948,0.0697990754368659,0.069947720018088,0.0146906486109953,0.0365891827005405,0.0153447280948258,0.00441201385442402,0.0508463131272938,0.0599007805881558,0.0425698570681651,0.017427566312634,0.0501921221392088,0.0383405044766392,0.0260529600844772,0.0267124722518397,0.0203651430744422,0.0148617698140113,0.0265838117524906,0.126670589246258,0.0768220887188604,0.0205630629966042,0.0754992629627148,0.0571021127605561,0.0247959700899001,0.0484938958351021,0.0643649254797059,0.00764860995034464,0.0157452819987002,0.0608130173092406,0.00204348641219336,0.0168599020977213,0.018676802361823,0.0166639364772361,0.013716443019123,0.0393874160646169,0.0526769479758741,0.0408966472967106,0.00922974454801264,0.0104471308458897,0.0235750629087574,0.0108199184156976,0.0904548404405195,0.014722602996268,0.000641229351867611,0.00153049146847447,0.00116386145474676,0.0628284934811726,0.0855716975512191,0.042895007755281,0.0817851663795892,0.0620032457279727,0.0405271662498304,0.10188671315533,0.0200814903384898,0.00206789003208123,0.0578512976135357,0.0402217928736179,0.0720194871285302,0.0204245460482657,0.0473259623712519,0.016242327515611,0.0441988680140152,0.00606852158867891,0.0131199658575052,0.00564096799100012,0.0379405495521898,0.00704825666195813,0.00495758335674549,0.00366055032559464,0.0814251347057606,0.0625774246038866,0.0532360053192315,0.0103548205453822,0.0492112636207119,0.136658078675261,0.0503571255401936,0.0793424834216145,0.062350455491059,0.0643808421826955,0.00033130507023284,0.0584830534727895,0.0387458537505167,0.0240213404921232,0.0760200028222417,0.088757301548226
"Candidatus_Obscuribacter",0.0682544495470551,0.167920211196762,0.0290639670173653,0.0374400041743128,0.00904134518504468,0.0842359267825955,0.00626625063692832,0.0214895387922035,0.0847355800624946,0.0994984592050244,0.0242273036294139,0.0895560081711884,0.0126076857264143,0.0839957557174372,0.100294983465528,0.0324475202617927,0.069089115801998,0.0132556960914777,0.0368635495115765,0.0184336442937066,0.0108379369611153,0.00846763422722439,0.047317036677686,0.115965207766377,0.0424698967993253,0.0890595834876455,0.011409509741485,0.0973941772431049,0.0734719342482105,0.034250131715001,1,0.0944597155972371,0.137111963231236,0.118927895084266,0.148808512133327,0.0498708929464489,0.081454462528765,0.0491254594805153,0.0370447467728648,0.114250259757317,0.0389101664426178,0.0449493346855598,0.101721097656715,0.0595755595796303,0.0164279522535754,0.0190601193125268,0.0614724948839766,0.0729878546474573,0.0334308684193344,0.0629878968855122,0.0281521493962133,0.132440449493454,0.0491029696777271,0.0986133675386408,0.129982749035147,0.0186253155185547,0.0238492827412013,0.0993889900819271,0.0501128319346787,0.117692198047708,0.00403232460241412,0.00326870471486177,0.0639741548010039,0.0571827704657357,0.0875601805625807,0.10378865930513,0.0150720151607004,0.10299397686375,0.0437092464945201,0.0798531554049035,0.143435276708035,0.13092151519523,0.0501872484836649,0.084417213511497,0.121377715230763,0.0975384778399662,0.102167118074986,0.109360539485278,0.00721865478664742,0.108371184551188,0.0334803342269589,0.11463728517798,0.084297852355943,0.0150261844668107,0.0659481551103339,0.0669887264446254,0.0978830385295415,0.0979022389359149,0.0469635057953773,0.00835603723031151,0.134821603113099,0.0117068912536515,0.0957363997640673,0.0405149732856977,0.103763238995438,0.103465776560581,0.136172693952717,0.113193254349817,0.0843580517922646,0.0904128353519084,0.0934153069109164,0.103728087908242,0.0918175335633104,0.0547624458150456,0.102342937602464,0.00270338961015274,0.00632834897578331,0.00351299540573999,0.0691304551676381,0.127824651982868,0.138588641258336,0.0592169995345556,0.0922650563114681,0.0182046627284587,0.0342868426146983,0.0971979411000017,0.00371857789898083,0.062965115548454,0.128830453303511,0.164505337817823,0.0916219105537661,0.0957344793076641,0.114197707643576,0.175444520745737,0.0743634045314106,0.0997523920835241,0.0091725836668856,0.115591871489564,0.086303895073537,0.0586292350790814,0.0289807921031231,0.0441904542623896,0.11525385292561,0.077852773813688,0.0865674225513562,0.134357558416117,0.0582163048809811,0.0954081934924649,0.0538263560486058,0.0662984778097734,0.0997759716167176,0.00159313173111637,0.10921006123844,0.122093819137481,0.0759549666690505,0.0630942027251291,0.0660886792732282
"Capnocytophaga",0.0349377080943786,0.151509156736556,0.0142193265741384,0.0198482849583529,0.0036958993370205,0.0451884332914874,0.00696457812352966,0.00939783532440733,0.053614474948051,0.09292498002379,0.0113657553294745,0.0578173122199744,0.0169770830544422,0.0725518379088275,0.0657914231994468,0.0140074025790917,0.0482860927486807,0.00469097391344703,0.0300983725811104,0.00814056342346464,0.0101961777213996,0.003929866467706,0.0253846916404257,0.105429726291377,0.0205013903317072,0.078212449793591,0.00504757616216234,0.0923430837823245,0.0614084165058714,0.0177014735377356,0.0944597155972371,1,0.11140419546417,0.127178544914987,0.111380365089476,0.0311851255872602,0.0442425374522125,0.0334981469515442,0.0179269158623467,0.0887472247511743,0.0158197992468143,0.022315349061949,0.0873071821823819,0.0380061406283474,0.00713060680987382,0.00873875001550112,0.0439902723980612,0.0462178279113219,0.0160237618493997,0.0300359949885774,0.0142231141564986,0.1161013611231,0.0306368248290774,0.046406824334688,0.113982265587727,0.0166431929889139,0.0103019603476909,0.0740796370539862,0.0237150282077495,0.0899891324571447,0.00718998219159899,0.00340678943057851,0.0448026645127795,0.0246273522327013,0.0787265286282558,0.112516324941909,0.00782016699822986,0.0601415556315776,0.0362174471158792,0.0720528837290983,0.119818347398969,0.114182033461062,0.0268362455496344,0.054597254388416,0.103363335007261,0.0542283326859784,0.0527960126860483,0.0854717990433898,0.00646565060591957,0.0602492326319217,0.014927428399038,0.11576327364508,0.052266253764122,0.0062414473184041,0.0331758956683837,0.0325045180243087,0.0801860994558329,0.0948827376282797,0.0262354717472319,0.00337259937714466,0.118382131390879,0.0135823558640437,0.0542105896951775,0.0208730180778815,0.0866060001380434,0.108007365787333,0.110873878536553,0.0493971137755877,0.0494204537451996,0.0878215827726472,0.110013085612467,0.0766877338219943,0.0879587157508377,0.0251127506785121,0.088970068027464,0.0044688348649376,0.0105247426745173,0.004670960478938,0.0340284256012657,0.111249430978086,0.145759534312997,0.0330369022769519,0.106039695413924,0.00830268971036648,0.0149331454120051,0.0700951530183619,0.00287511092209718,0.0275997611975891,0.108771738917844,0.149552477778566,0.0718801096107952,0.0828901443496907,0.126733406778694,0.145303075251202,0.0605897260379228,0.0700170914302596,0.00409478678392571,0.0664146808804526,0.064602570077949,0.0593686560945761,0.0202187994851082,0.0239262632311539,0.101651377403403,0.0570404520779506,0.0547105577786039,0.105018297950007,0.0464039217845324,0.0813405948570158,0.0233204640822328,0.0388535666270441,0.0897065959455413,0.00268861938281133,0.0873450536113692,0.107826477857783,0.041392140749178,0.0309594078605629,0.041924984961166
"Catenibacterium",0.11017433328357,0.16043484361689,0.0576470464624908,0.0676152943531587,0.0152759869329504,0.127131999689454,0.00651179731294668,0.0355279357615043,0.119801339218237,0.112539315338056,0.0416562279396099,0.113621888676442,0.0130217553863108,0.109276257301365,0.114734555014214,0.0519265103169581,0.131975464647252,0.0219337637924173,0.0449868675820683,0.030259401019936,0.0107223381699444,0.0129621694634991,0.0875214472886563,0.120991825405148,0.0689261504514864,0.126698161586982,0.0215059398953883,0.155683485605294,0.0789215120545407,0.057355647984303,0.137111963231236,0.11140419546417,1,0.126881356544487,0.161231096248553,0.0817105220175595,0.102284760794058,0.0836783720438132,0.0609202879478475,0.130189696712641,0.0526495934182179,0.0784409946530953,0.168632397092372,0.113170130747604,0.0212260716880236,0.0319261481461441,0.106373817309672,0.115451107195718,0.0397709987896945,0.0980363291198587,0.051669793610552,0.133571019341897,0.0706752171315515,0.110759299382369,0.200203754831213,0.0296002092732117,0.040539640622984,0.152469240057277,0.0806155350473159,0.135619466915214,0.00457189993769187,0.00251533417335941,0.0731901648219516,0.0978847828071635,0.156804000328632,0.1186412953121,0.0213325538263937,0.122382457763226,0.0458326041220663,0.113414454325176,0.160200976719911,0.145665574012771,0.0694726645404227,0.104673204376069,0.129291816501443,0.108986907657242,0.0981091059123418,0.130902405139203,0.00995480635174905,0.113714395666229,0.0508373323497739,0.140918927378831,0.102430671638603,0.0246836576604499,0.0963004335406951,0.128161865149857,0.115116399982649,0.161147155595707,0.0566835585632502,0.0137679509420289,0.179647012496371,0.0117666050004403,0.12673714397459,0.0804464123209855,0.130885569973583,0.117591394218857,0.142218168946512,0.106570358452997,0.122245648777565,0.0982985597438677,0.102258197148471,0.118792847288678,0.116035119519236,0.0645759522935239,0.130708093853466,0.00247421051815249,0.00735804816492774,0.00347443517542639,0.109803462214453,0.151916342430385,0.151414215837551,0.104556196755919,0.121085144727146,0.0299828629802454,0.0561462031762129,0.139191886057671,0.00370836530427073,0.114634947412508,0.154701187934991,0.200614714215978,0.134617118350281,0.150827828904201,0.116081484573461,0.144044118947296,0.0785466006965869,0.113672002934402,0.011089703946791,0.132901917584711,0.0827405588811984,0.0560311835229858,0.0278492680304703,0.0809406317060925,0.157013009537672,0.101674383806169,0.0976618382462016,0.154203115902774,0.105286280649399,0.131682862855599,0.0758218505115269,0.119095621730662,0.141716390393186,0.00135888120286847,0.141165762259491,0.144351649419198,0.102503979915901,0.0944118464105359,0.0999804962083349
"Caulobacter",0.0575092094560377,0.15870383067249,0.0389666377766898,0.0348926692019597,0.00725726357455713,0.0982774844278982,0.00943650364473052,0.0185479992259533,0.0733248774975476,0.144452975278577,0.0202283099097384,0.0987406794969617,0.0220190494586027,0.113132681419646,0.124485325986565,0.0244084697699284,0.0749737191701656,0.00815841786312185,0.0600886131708929,0.0143084469351313,0.0135209455423323,0.00831151144745511,0.0489519236783128,0.145900702836056,0.0470058003040649,0.0956665351164142,0.0155923194522488,0.0963613149899404,0.10007179353185,0.0274798259388891,0.118927895084266,0.127178544914987,0.126881356544487,1,0.125751914240111,0.0423200323523445,0.0922141207813905,0.0393251633835145,0.0332525754252946,0.115049616604426,0.0294805665356045,0.0413702181632652,0.0946256969950161,0.0544503158918105,0.0187504877552376,0.0225323034254618,0.0521954195490169,0.0672540386426472,0.0350398262089461,0.0486080410592035,0.0275764313460231,0.114957722055609,0.0661024950512646,0.0783040051653095,0.115655000262638,0.019082675905988,0.018463778855275,0.115782037742544,0.0405836520297492,0.10126564746825,0.00646887543163955,0.00480983802405991,0.0858097275577118,0.0442752636478737,0.0822202504096357,0.126213287174521,0.0173988227021968,0.116827229481112,0.0574578220590215,0.103309561784894,0.131417370600443,0.128369512589155,0.0506142819696262,0.0780489858937405,0.136231125392313,0.106191627597986,0.10769970311305,0.130170468049009,0.00840610107853786,0.0926587492838803,0.0260853801371317,0.121918975955982,0.101062489554513,0.0111251524866966,0.0621729264164072,0.0750574598057387,0.103110492458466,0.0965741914656378,0.0599252579328502,0.00943807659166252,0.128335308083345,0.0161748104486456,0.129623007023754,0.0525720089089064,0.121997547431041,0.123713928173731,0.114136314453797,0.08460782113934,0.0858069792981236,0.136560966219972,0.126326574470866,0.11350553690475,0.113250227652266,0.0425867198734127,0.1364616994568,0.00436486648859273,0.0104779199572194,0.00544631106430833,0.0605458743557847,0.11007494943464,0.159248675337783,0.0491317967985344,0.113154828711304,0.0181725056403558,0.0274310342906685,0.12823132955847,0.00433601637944617,0.0509195501608315,0.127840549377995,0.149266786741051,0.126769658757304,0.110188553446575,0.131613794794574,0.147066906573338,0.10390714218354,0.124301040587663,0.0111825014535031,0.103557267410769,0.124236565094086,0.0825346994877002,0.0402620868704032,0.0432560328432691,0.10121661297434,0.0831587315978415,0.0999392926651296,0.104894693587275,0.0506424707608902,0.100026016155793,0.0403703237249724,0.0593740678574335,0.0908225677557872,0.00283809047024684,0.105553677082567,0.123946408769633,0.101451085902452,0.0549398889839605,0.0610642676967357
"Cetobacterium",0.0826663995359713,0.169758633289396,0.0444678240522202,0.0534767530040327,0.010747715679675,0.125162775334471,0.00788270772425442,0.0267027577611782,0.120362760163433,0.128678714449176,0.0304216401423104,0.11284606277696,0.0148619765257421,0.103219179794409,0.128527047163502,0.0385161090006426,0.0956289230367772,0.0153265545157115,0.0404996386933424,0.021967131740815,0.0131387582311231,0.0101379610067307,0.0697218866341647,0.12302945046032,0.0703016133918106,0.112301898625229,0.0177075626028461,0.114639407196879,0.096068952092352,0.0453657351736813,0.148808512133327,0.111380365089476,0.161231096248553,0.125751914240111,1,0.0634023572085794,0.11214249042408,0.066716709914165,0.0491067879084564,0.125194942264379,0.0433122217962145,0.0602127493351284,0.144612407039738,0.0813455421425978,0.019838229747514,0.0270647443294343,0.0851296330296134,0.0975870717797309,0.0426681908678104,0.0861390534606844,0.0407504600303372,0.145996430330155,0.0582399560018162,0.116516176326775,0.15731126119571,0.0243112523657381,0.0299299258167647,0.144483431542337,0.0630057513127539,0.144327921006006,0.00511179425185612,0.00346958484794027,0.0847623933945428,0.0683602753098984,0.111515602843715,0.139156454767473,0.018075360691677,0.13633078787893,0.0604479066551014,0.0899085400017125,0.153853021022819,0.137069677038415,0.0640313436863508,0.107627040266027,0.119808155110132,0.099009225591812,0.103168135365779,0.140825239446383,0.00936427723715823,0.135456777464238,0.0390453709984869,0.111959722901223,0.0974020304741589,0.0186990319634929,0.082000007383347,0.0965554470915536,0.105777087879779,0.12009897544502,0.0636528478472878,0.0110988204617237,0.155436557727099,0.0133856100395039,0.122430676863858,0.0631745541249949,0.125183693909387,0.137911059051633,0.153793677716795,0.126937061143748,0.131253270666148,0.120326319718699,0.127116023793534,0.135054189809734,0.131672526824486,0.0605790779528109,0.146757908174537,0.00340855359591151,0.00818525333800006,0.00477719322360666,0.0934374203718527,0.144729007992673,0.140814217871753,0.0825435772435464,0.104894660252878,0.0236324240295582,0.0441097836427127,0.115583438489342,0.00448754156539157,0.0795057305961921,0.13570733371755,0.178595751110964,0.117973301689208,0.128072789074993,0.132233621582009,0.164824662348257,0.0968038669636173,0.131825675331106,0.00968824243987357,0.159511651808358,0.102197814305383,0.0702494365030136,0.0350222782025112,0.055725236708807,0.142046700143477,0.0947038566893931,0.0987838457676268,0.146817011732949,0.0860479152142325,0.122959768511056,0.0629000327879889,0.0920770463097351,0.123870035623318,0.00188952620751482,0.124047940259293,0.138896135640129,0.0902610254372648,0.0772413777231497,0.0816300211232098
"Christensenellaceae_R.7_group",0.0765789022094163,0.0722112418847118,0.0191920215496606,0.0878362319610438,0.0434582482079992,0.020089780267542,0.00131650121662714,0.0872776883062774,0.0783479800486636,0.0208247029174448,0.0977437807485407,0.0521258152233144,0.00218152301125824,0.0565191753146093,0.0280890588087157,0.107057266004946,0.0698398143300993,0.0731126827430053,0.0164198942513002,0.0811328919937265,0.00287092960534691,0.0161427416757895,0.0621869235518875,0.0428434937062387,0.0301421775849663,0.0574938091043163,0.0128412746955114,0.0787431038840873,0.0109693753076528,0.105767436438048,0.0498708929464489,0.0311851255872602,0.0817105220175595,0.0423200323523445,0.0634023572085794,1,0.0388090283048739,0.126466230231769,0.0906301416561,0.0438708078034586,0.071595741768695,0.0927466903102947,0.0642308024483867,0.0746830347174649,0.0127140004256681,0.0318271990546432,0.12411458637923,0.0600689343677035,0.0172105771690795,0.077243739225203,0.0588200347463501,0.0548630961242318,0.0494316346464727,0.0583984052914951,0.118607864509009,0.0295956365622841,0.078053906317342,0.0350020712459899,0.112312958344924,0.0623370007924669,0.00300611062501572,0.000494026129490181,0.0122843541757327,0.0781087689759063,0.0994010408430216,0.0239755564337031,0.0282279836723597,0.024343183728012,0.00760368805309596,0.0702794641587283,0.0855035218505055,0.0611183318126708,0.0250305006080858,0.0553018177655541,0.053953190366668,0.040912561069216,0.0331644752081774,0.0329123539037134,0.0138053708549354,0.033350483413098,0.106839772740815,0.105952162259549,0.0330040737313571,0.0593015694909106,0.0695342978743456,0.0420767285334271,0.0624510159453461,0.0927397822582108,0.0108089536605124,0.0135363013789158,0.0885541038796119,0.00369771110591158,0.0277142680359536,0.0240010526968903,0.0289098306084407,0.0225269666406221,0.0566718353503438,0.0460541196442803,0.0417940642353774,0.0142654809208904,0.017288117635569,0.0297339298401163,0.0188528804879464,0.0906214373091694,0.025306509295849,0.000719993440633694,0.00248613406914614,0.00123802360085889,0.0666538166123876,0.109486574986984,0.0609866817741709,0.0892059816892694,0.0770224176573036,0.0429027197857221,0.0967162742595564,0.032916434756557,0.00182552791185035,0.0752569539152031,0.0622042426317745,0.103092295423181,0.0334420510237708,0.0551775514120454,0.0266558512739228,0.0639990059291112,0.0104706854626405,0.0212590996667886,0.00670833451224523,0.0525209927332635,0.0120963496840269,0.00820048514806779,0.004903187130045,0.0839205864117099,0.0837666009070747,0.0743382534740745,0.0178012980720749,0.0683392281292899,0.114108998034076,0.064997803833758,0.0778554137367003,0.0872812512758022,0.0835488998105647,0.000368885575263832,0.0798383455781219,0.0572558207376692,0.0331041305465462,0.0687230992504133,0.0881641308519125
"Chryseobacterium",0.0399059163428451,0.144245945456328,0.0328179600901665,0.0430546310645062,0.0119922966826458,0.0428423238264933,0.00322087534502169,0.0275314259043336,0.060072210894194,0.0726997249270871,0.0236885533887311,0.07144045014354,0.00685180243788194,0.066793592725611,0.0656618138278841,0.0293470754077444,0.0647603267159081,0.0159676695378574,0.0253263629046773,0.0209481615987325,0.00488621893699149,0.00624226752182262,0.0359928127219025,0.1021301662064,0.0542457662889866,0.071250269571847,0.0184521259206155,0.0932844281600372,0.0348075321627115,0.0355586419334717,0.081454462528765,0.0442425374522125,0.102284760794058,0.0922141207813905,0.11214249042408,0.0388090283048739,1,0.0541703717714239,0.0411974547460575,0.0956875729546136,0.0276347554370901,0.0403831693006032,0.0832546749728127,0.0420144840304213,0.0113895756021786,0.0274409502831262,0.0565036214267435,0.0546205918971992,0.0216719893416448,0.03924206490312,0.0373668751300033,0.0798666594791795,0.0406844636681206,0.0630240510189456,0.108920452773263,0.0121746300618776,0.023590994161505,0.0727236370837289,0.0328224636743761,0.0750013181912799,0.00221810617538359,0.00118520585754104,0.0300771649863768,0.0375619921186207,0.0854814869882351,0.0745907253882877,0.0124020644082922,0.0460125470477031,0.0198459803331869,0.0773182671717531,0.12997328733841,0.11337820188984,0.0282366880427827,0.05832408652293,0.105593945302411,0.063195503964436,0.0709326868875171,0.0687298784524285,0.00550152691454752,0.049927544459018,0.0304477385843717,0.110114969706893,0.0502737868197059,0.0156970057515924,0.0446117809933026,0.0419871661203183,0.0832723009833793,0.0870628964462749,0.0293779121303885,0.0108922702402299,0.116987804269846,0.0060795203422862,0.0540454444588944,0.0424873418527486,0.067394250661749,0.0697329619512567,0.106536373163372,0.0687742716579604,0.0994759109960775,0.0528279368661435,0.0582522623962324,0.0773731549415668,0.0466025240587888,0.0404077716869172,0.066445256530974,0.00138204586171385,0.00334035437013617,0.0018751153238877,0.0511552390029581,0.126005921350848,0.116620856473427,0.0439546561981988,0.0967113426112469,0.0190839249064206,0.0283394594559991,0.0568087567334544,0.00224893570648293,0.0365190665982399,0.116549949459642,0.136537130891849,0.0628844451727991,0.078481385775683,0.0829710843711456,0.106044850769783,0.0366005271619441,0.0644465206320209,0.00507919963468334,0.0733574659466461,0.0391943216207708,0.0264619256224754,0.0132721382018083,0.0358552906321025,0.103260577632231,0.0677276413502679,0.0407692239644388,0.0984482259248293,0.061175299457394,0.0844215504931186,0.0395843222839984,0.0433381872977241,0.0893161394375945,0.000801800737111497,0.103530187858842,0.0850449072064413,0.0500052569927656,0.0430644168113622,0.0467643950898518
"Cloacibacillus",0.0809782089905178,0.0735465925894956,0.0215558465725108,0.141195321945588,0.0453830850298632,0.0248178354907061,0.00157117856456167,0.103578144021069,0.0907231558698342,0.0212139222105243,0.103537840424355,0.0617756759712938,0.00242164211562291,0.0568080223412095,0.0352115513164924,0.120973675442146,0.102035632729655,0.106522156050858,0.0170651678074332,0.0807565712553354,0.00347768707262313,0.0189045753329611,0.0913930827563621,0.0420986275487583,0.037275890469482,0.0688516546017924,0.0139891809296166,0.0812929209456547,0.0135686998555092,0.176028044395512,0.0491254594805153,0.0334981469515442,0.0836783720438132,0.0393251633835145,0.066716709914165,0.126466230231769,0.0541703717714239,1,0.128048969326893,0.0502695649580516,0.0878606440591198,0.106799698515579,0.0727390096360956,0.0854867870944605,0.0120474745326096,0.0321985301902201,0.136085867378821,0.0962461304399226,0.0198497535265984,0.0905085268079713,0.0785476227174044,0.0558504710032917,0.0550260850436819,0.0751979919072102,0.12141247342813,0.0319992226285078,0.121081645773519,0.0380537042184709,0.123574209958496,0.0664530416402616,0.00258645141051207,0.000510353141465289,0.014558156513905,0.101945527225311,0.0932042187288083,0.0243351574116277,0.0344599066356312,0.0293573050486145,0.00898688490422907,0.0635594034010684,0.0853256489498556,0.0613662716138282,0.0292313038065097,0.0764500280510212,0.0541970469628367,0.0423433561297504,0.0410788674479465,0.0343873887673934,0.015755791735359,0.0489344899022033,0.135876686379564,0.10451875763779,0.0385976066352597,0.0813092255977341,0.0791255946263802,0.0446134975119791,0.0653372859759696,0.0882236934337418,0.0138013489243121,0.0163084109678545,0.0912403662491859,0.0031820694664646,0.0323781009200324,0.0281566444770529,0.0271400029576015,0.0228306757387774,0.0585069451472077,0.0712645279111549,0.0569266643576524,0.0159372776341527,0.0168879426068736,0.0358093098636694,0.0216666829261685,0.111559420573904,0.024487459876522,0.000733164733170453,0.0021317377431506,0.00134948275421016,0.0991740865150387,0.112797245688935,0.0614741785296231,0.105732332867972,0.0735472981549618,0.0449184196224339,0.12707354818419,0.0328322783504948,0.00302806124452755,0.0789929821565312,0.0621962562765987,0.104104451249645,0.0343190243935148,0.0584532931660118,0.0266269370669264,0.0665127245448495,0.0121806220725149,0.0245746205293449,0.00775101701982924,0.056985780903261,0.01469127874035,0.0095259068645492,0.0061592467678328,0.0923481567530522,0.0854027524834547,0.0751315293722855,0.0225577434145215,0.0709293124819754,0.13901255597442,0.0687901438049736,0.113021278501518,0.0951463474590812,0.0807636909900732,0.000373664228770828,0.0824267630113759,0.0595001787549372,0.0408039215912258,0.104278157979679,0.113073403635155
"Cloacibacterium",0.0585780655783629,0.0536500098554078,0.0283463353289063,0.0923696073862915,0.0640931427754193,0.0135377049104714,0.000920966174643487,0.126245554789022,0.0614185720648228,0.0179011045855692,0.0878959638609408,0.0414983435114744,0.00155803994245544,0.0379082611544648,0.0237288743458017,0.0882363150530436,0.0703059024384349,0.0734624437511949,0.00928259331275241,0.0754248639402631,0.0018933760939962,0.0155054066690147,0.0674959851421473,0.0331105914756339,0.0432282190418198,0.0527298203176789,0.0255938381895812,0.0594222851607109,0.0068906518132129,0.115904271249404,0.0370447467728648,0.0179269158623467,0.0609202879478475,0.0332525754252946,0.0491067879084564,0.0906301416561,0.0411974547460575,0.128048969326893,1,0.0417159925415067,0.0618202808103303,0.0859797764669777,0.0596277044695029,0.0653449058342769,0.0140766130879598,0.0459528941164917,0.100891471569392,0.0610672168813792,0.0127585455024319,0.0554469894936364,0.082644252303048,0.0391235814164294,0.0462645339634424,0.0548480014784765,0.0870346042698745,0.0200397948930571,0.0837106646904163,0.0304175625627413,0.0711911317635404,0.0475440329679703,0.00200518254113208,0.000283862667210901,0.00741336695046496,0.0645974683146568,0.0692654930573993,0.0174627521756454,0.0288748984881935,0.0175381360682036,0.00464250117599223,0.0485265004905601,0.0631145133169787,0.0469266535754045,0.0171064185102222,0.047822387143022,0.0430002823882452,0.0279750498055744,0.0300757158745078,0.0274068242429295,0.0137463660179712,0.0249375604310414,0.0781032723104839,0.0777994383718494,0.0231499716290736,0.0595802298895356,0.0524485570041736,0.0285408303733428,0.0541021176111496,0.0690232204877838,0.00851670368476222,0.025617758449286,0.0626674113661319,0.00199318600247332,0.0226606601542997,0.0301305912352197,0.0198727662203311,0.0164717541251967,0.0447847234864665,0.0509485550182426,0.0446824947005114,0.0104269094975956,0.0117895806605625,0.0237016587942117,0.0118902945815816,0.0577023548806905,0.0198531574628608,0.000483583841090158,0.00158922010312733,0.000932042117886071,0.0531654158106169,0.0836354076233647,0.0467400932848853,0.0732082520741288,0.0577027380224156,0.0454743137404101,0.0848887409440859,0.0255196209404128,0.00157260755697253,0.0584672085999,0.044547664116235,0.0746731412499598,0.023973869081066,0.0482241547308516,0.0195874358411072,0.046964264445782,0.00646694562021963,0.0161609810772857,0.00625816069199006,0.042484956630497,0.00799555627741737,0.00500102610857357,0.00341953922245613,0.0588013110465691,0.0620497680474159,0.0513666498668242,0.0121213870050113,0.0506007565377089,0.102175180073445,0.0486024184328826,0.0652097175896123,0.0577820704373428,0.0595928695647699,0.000275208497469536,0.0598863535124176,0.0412822561996527,0.0297304093343905,0.0682998138262198,0.0859365022355116
"Clostridium_sensu_stricto_1",0.0688455094311947,0.147577986957412,0.0365059549068604,0.0416763357892535,0.00938257415365812,0.107593461766812,0.00754831677714336,0.0225596520180022,0.0843803117217566,0.106168317307164,0.022663741665301,0.104714588309843,0.0153093411702836,0.0866824872261891,0.11614971686978,0.0327768263925052,0.0768890753043681,0.0130297272275626,0.0450757077315244,0.0185625412977223,0.0115638297450603,0.011140727068333,0.0619410698494951,0.115524583643299,0.0471488638581,0.110671800795359,0.0143469161864545,0.106532512696498,0.0705995565299993,0.0363614130414144,0.114250259757317,0.0887472247511743,0.130189696712641,0.115049616604426,0.125194942264379,0.0438708078034586,0.0956875729546136,0.0502695649580516,0.0417159925415067,1,0.040609807650069,0.0450870148685854,0.0974862130696445,0.0609645672614668,0.0156609366829727,0.025226838372316,0.0584407631970783,0.0786933291018145,0.0276189821048121,0.0736727693970288,0.035383452424354,0.103185829761424,0.057907122685861,0.0999144760770806,0.120154222470326,0.0230561917797951,0.0254301700447545,0.12511570694649,0.043648820582373,0.107813316416249,0.00426276024009189,0.00289111757880006,0.0631805959388068,0.0535519338380962,0.0888105764374719,0.101943824628785,0.0190975699037501,0.0946973597791891,0.0446373265832718,0.094494988595269,0.113462593416349,0.111371185065027,0.0407485478390414,0.0760413148143228,0.13953581209225,0.114891663124424,0.124218448575744,0.112813292231478,0.00856497244635111,0.0997057260610651,0.030488955988011,0.124175418851451,0.111280027340537,0.0151928914028322,0.0643415132464769,0.0684371312339801,0.0894431495691362,0.09054169375471,0.0551586000310874,0.00993285967613099,0.143133437344344,0.0141590103666653,0.118255867459043,0.0494320117164552,0.116241553838563,0.100366990869216,0.104058869804509,0.111983790439967,0.109684928087381,0.091602221631238,0.0921584277415693,0.106306384883083,0.092782996525455,0.0443245807217713,0.105740119236883,0.00285066771943959,0.00697146171643085,0.00391466915011501,0.0812591639972626,0.0971791186029391,0.124320328190955,0.059875987138008,0.0836633930269763,0.0186295348839647,0.0350237994711757,0.114656100017838,0.00399161700876675,0.0577474839345002,0.141026963430557,0.129338878026692,0.106407492764672,0.0848002827464259,0.108144207002524,0.137711455651055,0.0734780771434965,0.100087978144794,0.00998394765896301,0.10049288755217,0.0874459764297098,0.0582823794111324,0.0281703808861645,0.0474501080558446,0.0902742003956848,0.0727331078072411,0.103640732955355,0.0993264942354472,0.0615556546028861,0.0997280770946261,0.0513233050857253,0.0648409443661223,0.0736047320280228,0.00174390582966013,0.123458161294055,0.129737577406208,0.105325754010525,0.0749022601143195,0.0580334652728076
"Collinsella",0.054793414779162,0.0494369611782698,0.0101908620774113,0.042688706914438,0.0188756684734499,0.0106622818361049,0.000478992015260524,0.0354738187673592,0.0469879499706315,0.0177484265331478,0.0339675652414969,0.0357498215186525,0.000746922833797564,0.0327107846212256,0.0205250581614978,0.0716761291718527,0.0472041591430311,0.0320662331215523,0.00407190604553456,0.0421873284466698,0.00121111466192647,0.0104819298863463,0.0311641102492393,0.0301558669449802,0.0145989600686859,0.0472991389636203,0.00846307403296279,0.060733766432704,0.00526259274491559,0.0704526909335976,0.0389101664426178,0.0158197992468143,0.0526495934182179,0.0294805665356045,0.0433122217962145,0.071595741768695,0.0276347554370901,0.0878606440591198,0.0618202808103303,0.040609807650069,1,0.054927650953254,0.0496421398634257,0.0502228256211251,0.00897854488951883,0.0129578040425694,0.0702745374104108,0.0480567402278048,0.00902383339602876,0.0558696598117771,0.025766924005678,0.0365529380346038,0.0217950153723612,0.0543107590467448,0.0748818279029746,0.010457188888283,0.036202924076142,0.0252638388588884,0.0541695478523824,0.0462579467780596,0.000885462705938051,0.000285185554996295,0.00471582891434825,0.0512061132169867,0.0627850122503121,0.0183789066067716,0.0152638479675977,0.0188942598533827,0.00231385792941885,0.040882509377158,0.0578457156883415,0.0430043778992925,0.0165346467013628,0.0375330525390495,0.0373174999967548,0.0306321475143295,0.0306930349472486,0.0215540606767084,0.00440322546730527,0.0253494061143919,0.0584421327841832,0.069317825160392,0.0183674118390569,0.0262230308149708,0.0534770412015987,0.0198386490269554,0.0426481144463953,0.0633965227449529,0.00486688897215236,0.00928920680423685,0.0552575433322242,0.00185981430228642,0.0157448377284805,0.0115321243932128,0.0218946268558738,0.016720497652736,0.0400591536749494,0.0486420993785864,0.0349468351321456,0.0103405801485196,0.0127195852340217,0.021460799198361,0.0115661905100388,0.0560234121277527,0.0175226753766938,0.000265425820662614,0.000650395613626725,0.000407784045255039,0.0388755611918203,0.0751827657942276,0.0423173267459184,0.0647404848583362,0.0462496785524951,0.018356586744182,0.0519832699182701,0.0279253749422488,0.000992958295581324,0.0502304284202531,0.0446474418872586,0.0714574303844688,0.0233374607454472,0.0435197554422538,0.0202072940681221,0.0460051352290531,0.00513147081521721,0.0166993879630815,0.00520003712629199,0.0345296580850287,0.00760662850095007,0.0028055583005535,0.00215846687329218,0.043974717322742,0.0621648599311971,0.0501688563555743,0.00885440792806447,0.0493696851035711,0.0748103698155155,0.0419789620230405,0.0533265804658188,0.0547297902978493,0.0523961534525651,0.000173253229070339,0.047953977086462,0.0364200027700485,0.0180430134307612,0.055391667976918,0.0582797190386762
"Comamonas",0.0833889439837945,0.0699172046309127,0.0226447055113008,0.0753355164793561,0.0422747927286304,0.0180116009914562,0.00115140955324586,0.0876075187958073,0.0698777263008221,0.0238639002116962,0.0731606144646186,0.0443727910747119,0.00177066201781001,0.0417412107837689,0.0272016086549024,0.0834130123588777,0.0691492009712441,0.0691977891858363,0.0121938919734381,0.0627591526574997,0.00190701794165844,0.0131098735993686,0.0483022386280797,0.0433608930277485,0.0313371993682681,0.054821660106688,0.0171239690774604,0.075246672252165,0.0098905016529025,0.0890344876466911,0.0449493346855598,0.022315349061949,0.0784409946530953,0.0413702181632652,0.0602127493351284,0.0927466903102947,0.0403831693006032,0.106799698515579,0.0859797764669777,0.0450870148685854,0.054927650953254,1,0.0677976245480691,0.0792153202605774,0.0118573022273193,0.0413795609403083,0.0986681940377127,0.0585928012509497,0.0135083845100717,0.0626448072186146,0.0656600811494107,0.0478547570868665,0.0560655258126483,0.0554052094954642,0.111320318404896,0.0215997357731034,0.0615400018497903,0.0323765512620187,0.0723903192319216,0.0593422839883692,0.00222958023381614,0.000366141486584508,0.0103809978564884,0.065236676304461,0.0977190800728246,0.023249576419259,0.0265049474920028,0.0215845873045669,0.00580568666358254,0.0577467557793016,0.0805866953298524,0.056829265341399,0.0210137167834075,0.0480375908712884,0.0525450579409083,0.0397022159879899,0.0348272771722668,0.0315066067590484,0.00840007897708503,0.0268689490321488,0.069699709787872,0.093748863990613,0.0264097906335654,0.0457541717033557,0.0774452991398691,0.0386834340092175,0.058603913522089,0.0793983657225971,0.0101358422098137,0.0168542183018839,0.0826294935642089,0.0025316361708729,0.0255001558149415,0.0247275581498584,0.0279958706980894,0.0217226042606401,0.057266071387346,0.0469018280160997,0.0436027705457675,0.0143644957221106,0.015913343064743,0.0268254976754259,0.0159267726081465,0.0555553549163219,0.0239516471239968,0.000668839627360117,0.00155973096804941,0.000865957742812257,0.0524235510467772,0.104064026301312,0.0631573643127767,0.111176133909109,0.0721584809591752,0.0616187935312991,0.0640513110532185,0.0337675810779443,0.00166151927160245,0.0746289368444422,0.0579317004168624,0.0976910667091928,0.0316109357905664,0.0650829462899672,0.0259432061199537,0.0601708463106887,0.00891811174834279,0.0212140958085715,0.00620057504397451,0.0461191165258115,0.0107474169618213,0.00688827658214207,0.00433038320755313,0.0656097301112074,0.0795180481781832,0.0707973404844717,0.0150488222346349,0.0609823943690477,0.10384432459276,0.060648607258553,0.0628649138902668,0.0755566328080503,0.0689129119678993,0.000249162592871115,0.073031097683081,0.0537211647455422,0.0326351108232116,0.0547533066193686,0.0730064084843035
"Conchiformibius",0.0893910480188107,0.159059586122004,0.0409035995961282,0.060978404633491,0.0166108822248818,0.0826785297198203,0.0041845626768165,0.0359074075274699,0.0874084655327194,0.0821880266848053,0.0373885513743543,0.0743559266297875,0.00776004896602815,0.0798383813577557,0.0825093728295218,0.0511964746413199,0.105515892721137,0.0249281658178236,0.0259281796114171,0.0302070091655555,0.0065679072857655,0.0119345443278244,0.0806052219381151,0.0869958669512263,0.0587046584844216,0.102745095270166,0.0170401367568385,0.129830768746568,0.0581850111761567,0.0575460296082117,0.101721097656715,0.0873071821823819,0.168632397092372,0.0946256969950161,0.144612407039738,0.0642308024483867,0.0832546749728127,0.0727390096360956,0.0596277044695029,0.0974862130696445,0.0496421398634257,0.0677976245480691,1,0.0944661134481908,0.0149020596143705,0.0266403903681202,0.0816588420392847,0.0966461755389701,0.0320032426446121,0.087662695523424,0.0515549459754543,0.110350592441943,0.0560296896991554,0.0830572280156124,0.192289097542097,0.0256999059010121,0.0428775110020681,0.102950553641598,0.0653795918794754,0.101459964432401,0.00321125225019066,0.00161112821303672,0.0498047405674509,0.0819594822096767,0.121216177626394,0.0819536287397561,0.018112041267767,0.104775058295179,0.0287704469744097,0.0740336853289261,0.156250563637479,0.121916377298615,0.0614095674310964,0.0976379831857358,0.0913662421069124,0.068270670851465,0.0779215269151231,0.0887287523049321,0.00929586737303571,0.100050511758376,0.0464062836925835,0.128334986165402,0.0664471753634067,0.0255432893179953,0.0820132769723553,0.0812481871480431,0.0937152336787069,0.129728323391188,0.0395070454313293,0.0118793889188976,0.159183948143527,0.0071466183442863,0.078284991175227,0.0542521634875354,0.0817871549054724,0.081727982706781,0.127834272687925,0.094554977889183,0.104514429255029,0.0671487819538498,0.068849093715681,0.0911853139807527,0.0775763735446342,0.0598969026248481,0.0879801017628649,0.00154389833544378,0.00487053764403011,0.00206340571928509,0.0870146482505064,0.160774867828926,0.151659440708327,0.0867614071840194,0.0995052405787908,0.0254852518981445,0.0534485984311427,0.0943475803566018,0.00291719022017265,0.0945049880595425,0.123560687242629,0.208828049391281,0.0851484354066042,0.137220835945065,0.084867205315118,0.145319321787065,0.0524964941499841,0.0791153359977338,0.0082026233087784,0.0959705541060828,0.05493306845276,0.037251048857722,0.0211328864595367,0.0667826768323281,0.148154084932744,0.0804971063453663,0.0600949532977319,0.13808714489409,0.089971609001506,0.100643558972177,0.0682138623128193,0.08886132829345,0.119700353901283,0.000862487006511041,0.101697516100627,0.110441216452051,0.0691694717395786,0.0869081220443806,0.0916121457642823
"Coprococcus",0.0869913696485937,0.101163954046862,0.0233433236163598,0.0698159131795252,0.0330932081372597,0.033744325531229,0.00208559149385658,0.0520827754473409,0.0675839813047417,0.0332244150575345,0.0520019896361101,0.0512460452913316,0.00304554695686101,0.0474640350446653,0.0340766485219529,0.0787233276026815,0.0745751071533464,0.0491591474246077,0.0173527229105569,0.0518755800072028,0.0029478987790401,0.0138530806239947,0.0509216130339875,0.0569312606060621,0.0316713759512227,0.0642242095629546,0.0123941745678453,0.0983889416334913,0.017315418786097,0.0669294780971237,0.0595755595796303,0.0380061406283474,0.113170130747604,0.0544503158918105,0.0813455421425978,0.0746830347174649,0.0420144840304213,0.0854867870944605,0.0653449058342769,0.0609645672614668,0.0502228256211251,0.0792153202605774,0.0944661134481908,1,0.0100256872358067,0.0328061538813716,0.0874140293979448,0.0651286803243066,0.0167422951453469,0.0807791231756558,0.0819773336674956,0.0710063876731751,0.0514955019317767,0.0586786945524321,0.152143890552635,0.0236050156352214,0.0671789871984617,0.0480686165891838,0.0701270377973541,0.0710518406782445,0.00203517876682915,0.000535492131482053,0.0168880267257068,0.0827528653706075,0.122278754565491,0.0367519393551704,0.0200332657762689,0.035415718229458,0.00972628434450248,0.0713380118817641,0.112367388760955,0.0815142976895037,0.0340001217516578,0.0628465305894298,0.0641490775705363,0.0462864189880386,0.0378123851740818,0.0440215232842878,0.00782436791736921,0.0382675806871157,0.0591192729861614,0.112393835208408,0.0402262285356939,0.0351210720941968,0.0695051900070659,0.0477834056317398,0.0689769062945532,0.100277277540158,0.0158910912383114,0.0113793188461697,0.119728960759216,0.00316223530170397,0.0364408547096697,0.0302737349403196,0.0407230540144285,0.0347207037826141,0.0833259096853527,0.0482720715573339,0.0474776973210915,0.0223408748647149,0.0265790871535064,0.0408101376804659,0.0287799378131123,0.0558271658535518,0.0361107890541467,0.000808373189207005,0.00238615647952921,0.00102701751586946,0.0623587426493307,0.126590563692022,0.0879731342954191,0.0862272112752713,0.0933135332767625,0.0393727996189259,0.0508769718020476,0.0440549364321586,0.00173810253160513,0.100774320401067,0.0887713665541569,0.139767633979921,0.0417335423559204,0.0795998544994869,0.04028952870753,0.0867667948507813,0.0161831789208702,0.0322097554444135,0.00535277617596113,0.0529538776530655,0.0175014652013009,0.0123099951040715,0.00657286813735479,0.0820387956395747,0.105701233654872,0.0613638629268668,0.0254734736036587,0.0885137394415116,0.103870379660178,0.0713545567974576,0.066918451364815,0.0647650236202296,0.0982009928353447,0.000378045769440257,0.0962820447049441,0.0764210724354163,0.0376233446718484,0.0565816475383351,0.0723696176445633
"Corynebacterium",0.0101953615592586,0.0171169120020314,0.0463075392798537,0.00805866414331059,0.00819751879559472,0.00667292988310611,0.000307018376972203,0.0121077428095964,0.0114204686412228,0.0130790966651462,0.00744976868669078,0.0110867365094915,0.000774777038055021,0.0136592896391077,0.0119867015873709,0.0108670801874833,0.0100482334347202,0.0041442256510071,0.00144203278029915,0.00899828592851011,0.000552074590425918,0.0034539974197676,0.00802883268134996,0.0153986231859595,0.0355648203162005,0.0129922066225299,0.0641447989184799,0.0159170575982456,0.00342439867398951,0.00979657696381019,0.0164279522535754,0.00713060680987382,0.0212260716880236,0.0187504877552376,0.019838229747514,0.0127140004256681,0.0113895756021786,0.0120474745326096,0.0140766130879598,0.0156609366829727,0.00897854488951883,0.0118573022273193,0.0149020596143705,0.0100256872358067,1,0.0375407043571357,0.0108783460249529,0.0115591888948051,0.0687838725389959,0.0113247271832267,0.0101984321359562,0.0127530300691679,0.0090701074533185,0.0119598280537277,0.0198534560506867,0.00129379153423959,0.00552087747018022,0.0198288230378103,0.0101368681167704,0.0148808332347941,0.000264490302623935,0.00105987286774857,0.00230254320332947,0.0086046309051798,0.0143821460163509,0.0119287972808327,0.00276454943458005,0.0133506349152146,0.00168735797137574,0.0124832799741698,0.0191055478577701,0.0151166538292766,0.00280829266561127,0.00999983877198662,0.0162460012773129,0.0111826606077115,0.0112420153994295,0.0171903762632098,0.000542064916549794,0.00707224049624829,0.00844244872008347,0.0167360957832815,0.00645691594171437,0.00945642061937912,0.00962185764590683,0.027373990595551,0.0107066903251359,0.017287589832621,0.00984966136932418,0.0343062294106419,0.0179394066559868,0.000654053572499077,0.0189997365955125,0.0420580100693861,0.0124543050245698,0.010788063647693,0.0147215351942555,0.0116475389142733,0.0127654382697229,0.00869302608136762,0.00985294936678714,0.0111183172650844,0.00733746006449578,0.00745123716977985,0.0200372859689423,0.000185891637059689,0.000465609203833581,0.000261836893999515,0.00765682316012855,0.0176174352537037,0.0163932431444183,0.0112418813728275,0.0120861515740346,0.00822446887811135,0.0114042111572499,0.0177568187817965,0.00037095413844615,0.0100912066045444,0.0176119730925717,0.0201124393910343,0.0135924575595843,0.012867545465689,0.0131716898958451,0.0175247192113269,0.00461586324721443,0.0141377989483452,0.0147279699724076,0.0151139365331758,0.0062449215906031,0.00186473139021235,0.00139903368613626,0.0119515772054167,0.0171510089894778,0.0108401433230482,0.00486063791014607,0.0138488934578457,0.0131089195506795,0.0111498571091147,0.0088100951856982,0.0119266768580733,0.0129097562748355,0.00032305975811944,0.0149165713064502,0.0155630442140406,0.0115538814060743,0.00922460431498574,0.00995625865676481
"Cutibacterium",0.0280944646301952,0.0246501150381258,0.0945053786880945,0.0275583469171078,0.0321766735330817,0.00885041024900526,0.000252797963545277,0.0346183880561742,0.0247602334711064,0.0138836747082242,0.019725655537698,0.0205424669556425,0.000588479265632057,0.0214903110881596,0.0166669832835637,0.0338214906033198,0.0229758173774857,0.0136433568434626,0.00219961632957941,0.0225041636994557,0.000457483656638411,0.0100078472157184,0.0193052206846175,0.0199198986956228,0.0951782337285529,0.0193974773037679,0.0938638161692466,0.0250051912638796,0.00273079680668879,0.0315998355866826,0.0190601193125268,0.00873875001550112,0.0319261481461441,0.0225323034254618,0.0270647443294343,0.0318271990546432,0.0274409502831262,0.0321985301902201,0.0459528941164917,0.025226838372316,0.0129578040425694,0.0413795609403083,0.0266403903681202,0.0328061538813716,0.0375407043571357,1,0.0269480796678717,0.0203504600972135,0.012037251172293,0.026213977440821,0.0365438412601857,0.0163734729635026,0.0248898411950985,0.0199985298920831,0.0340612443052101,0.0051071429001043,0.0195609050683417,0.0297609809407738,0.0231768706779941,0.0188712496065526,0.000459540663977575,0.00015861937647071,0.00224941351089362,0.0201866333298873,0.0293925442373814,0.0120185039877288,0.012362589547029,0.0140607342458412,0.00135868961520527,0.0245735389662526,0.0282308159842679,0.0215167382333196,0.00477743375467204,0.0188225850492582,0.0257479754256703,0.0193650021710867,0.020952341802924,0.02668767054347,0.00161131681071651,0.00872770190142007,0.0214671106977349,0.0297700500303797,0.0109818768164717,0.0229594616292975,0.0211062839726634,0.0393079683360042,0.0211828675711946,0.0285884534571773,0.00667317727428053,0.0657531288542566,0.0285535221824661,0.000943914129766738,0.0306367305299817,0.0805077363698214,0.0146340257905436,0.0105552101340029,0.021108596353393,0.0200098025612933,0.0286464197127685,0.00798650915933961,0.00894304276764969,0.0150143658520825,0.00848175833961633,0.0146693499912779,0.0236384994721878,0.000180029609304156,0.00045247978024326,0.00021835232406157,0.0198141833811957,0.0293295778357903,0.0214829483670508,0.0280761683756872,0.0230193795662762,0.037613137629012,0.0249880378091994,0.0230616739115619,0.000311175417603723,0.028317193928781,0.02545693586419,0.0280247869238731,0.0171582790877607,0.0200561410428888,0.0134299443217625,0.0204524936261112,0.00370210430165742,0.0152256705369974,0.00619950789648458,0.0268079799689913,0.0051709980756927,0.00162511939055074,0.0010210038821145,0.0355313820313761,0.023444459953906,0.0197007722739875,0.00579550137462218,0.0177479724595031,0.0336216495764349,0.0203446982653103,0.0179080658493699,0.0213825019824025,0.0210273395884788,9.03711929041359e-05,0.0286667278574402,0.0213722405433892,0.0240364928437379,0.0175418178336741,0.026319977864092
"Desulfovibrio",0.0881608090156394,0.0974094406950172,0.0210262806944226,0.100931932961033,0.0341775962053025,0.0330163142611629,0.00210399404732396,0.0727474472131194,0.100956390793108,0.0292554225917251,0.0759074751195852,0.0688374312345495,0.00348470399056605,0.0669508286245429,0.0406674900465508,0.0924870585880717,0.0916472338056205,0.0650303215087076,0.0232384139390866,0.0621586530858268,0.00435959722944666,0.0153751715741961,0.079313049940969,0.0557308720400464,0.0370127025819722,0.0729876281110913,0.010693519311744,0.0946992426656326,0.020005193390445,0.116274644524052,0.0614724948839766,0.0439902723980612,0.106373817309672,0.0521954195490169,0.0851296330296134,0.12411458637923,0.0565036214267435,0.136085867378821,0.100891471569392,0.0584407631970783,0.0702745374104108,0.0986681940377127,0.0816588420392847,0.0874140293979448,0.0108783460249529,0.0269480796678717,1,0.0845608625737514,0.0204975225042605,0.0802057861400439,0.0614655113872138,0.0673897594452158,0.0544583319478747,0.080597654346199,0.148260375710067,0.0288949244735114,0.0793885018216728,0.0454113368011461,0.105739832141766,0.0807756632441508,0.00307680711998792,0.000676367266188882,0.0197302427255801,0.0911917281326672,0.112685837324828,0.0351972810234951,0.0248764639848515,0.0378085908044862,0.0126090029088396,0.0770637110429919,0.111176718923054,0.0791087611261785,0.0345659068521307,0.0729972898863275,0.0697316520145872,0.0529576437165144,0.0448240881648273,0.0433257864163871,0.0146773966006917,0.0543190984921352,0.0972694892005996,0.128958957437935,0.0498293287527067,0.0503538251418917,0.0833191105460838,0.0546397122797479,0.0756188632506362,0.111526452417348,0.0171689101922217,0.01157041018434,0.116938645806001,0.00408907039557518,0.0400162522948424,0.0297943920094571,0.0384692651521882,0.0331338193533491,0.0767038085312972,0.0658862595444893,0.0590851345224596,0.0224341082465264,0.02440721760868,0.04041437995549,0.0300710294690479,0.0892066296357247,0.0335604423414609,0.000996288261024977,0.00322631278054292,0.00177666904701354,0.0948729807369716,0.136751735225701,0.0810582150141188,0.103754560635321,0.0868603223603298,0.0388838310265385,0.0964246043623025,0.0418727469826698,0.00292897359165144,0.0852497281593093,0.0836243478142836,0.136183881769069,0.0451834602294171,0.07111469366572,0.0386745552645415,0.0860421944810253,0.01798053679118,0.03301814293707,0.00659501015413443,0.0658683425262533,0.0209763921901031,0.0136978485963451,0.00740866628551524,0.0807511532589466,0.107370288351705,0.0862209069307098,0.0305252984147688,0.0912395002913554,0.119028305573977,0.0826157752644304,0.0889154441156017,0.104912094866684,0.0974321389754312,0.000586202934022277,0.101681626832197,0.0768162488310722,0.0484760342682463,0.0939368854989444,0.106667493318751
"Dialister",0.0523456381492349,0.110659158304419,0.0224792566693859,0.0781663043852323,0.0171093362876977,0.0330788517082049,0.00257869983156583,0.039944895612208,0.0693853708306579,0.0397421049947811,0.0421637691981582,0.0660266812610226,0.00451307587114164,0.0584746773176338,0.0412728732672092,0.0502531650940281,0.0684024202008583,0.0331577178805446,0.0184447927955644,0.0325842163636262,0.00489064671917132,0.00917760185403838,0.0644048086242786,0.0679707914515176,0.0325381523003703,0.105961534226958,0.0106897353547868,0.119125033383721,0.0242633359091107,0.0651802356587015,0.0729878546474573,0.0462178279113219,0.115451107195718,0.0672540386426472,0.0975870717797309,0.0600689343677035,0.0546205918971992,0.0962461304399226,0.0610672168813792,0.0786933291018145,0.0480567402278048,0.0585928012509497,0.0966461755389701,0.0651286803243066,0.0115591888948051,0.0203504600972135,0.0845608625737514,1,0.0243337217682765,0.0712827510651999,0.0505052160597848,0.0904905999737875,0.052694620585123,0.065419239269439,0.153557560385001,0.0193922143115204,0.0475420538455368,0.0562848466725129,0.065248651201259,0.101308766281874,0.0019264241557013,0.00093622968450684,0.0223770900927709,0.0698184853289647,0.100075514573947,0.0462053589365695,0.0166481550281359,0.0426748689233623,0.0137469006539454,0.0672559832949879,0.119958392829459,0.082476208354869,0.0294731473965581,0.0814489832290927,0.0783776551266254,0.0427080508129819,0.0403402988294198,0.0490289714444566,0.00814813687485542,0.0663565826130437,0.0546926926184529,0.132308558931217,0.043278344381575,0.0319151341584197,0.0684141541031684,0.0471223443647631,0.0698391381666764,0.116340108654844,0.0194640479902698,0.0102704055085055,0.122561075545008,0.00398906802717692,0.0420493476980391,0.0313323785806617,0.0476967710749891,0.0444095529894721,0.0921874217618711,0.0606297620933661,0.0561476653616492,0.0268091075182913,0.032193422877574,0.0479948912891844,0.0301561394182336,0.0652470114917519,0.0410487623348121,0.000847230214709872,0.00240386085979564,0.00126364792863319,0.0661649171267811,0.146868460978053,0.103594881192799,0.0689799216368386,0.0886309059946997,0.0248490915169402,0.0539042037235739,0.0478914982892441,0.00216993940407839,0.051404854922132,0.0998372320384504,0.163870738758969,0.049656285309468,0.0857503141897722,0.0509739093132013,0.113197304249154,0.0215362695962331,0.0349491564845861,0.00749918918420029,0.0594970941807267,0.0254932622692856,0.015685782877581,0.00965531860082085,0.0525901392284332,0.132861436014979,0.0687577793455412,0.0353633952789937,0.106908388217072,0.104222552086795,0.0759644404190071,0.103358935508984,0.0733440316905842,0.0953310947434677,0.000640892438846256,0.0893199451368806,0.0855066989376476,0.0489119533347276,0.082278658081917,0.0600092301142515
"Dolosigranulum",0.0147862601824721,0.0438688378817926,0.0199567973104452,0.0121090949126004,0.00287826752586119,0.011754427515646,0.00079439888513421,0.00647249131841088,0.0197743334770156,0.0265067544477576,0.00590312264992171,0.0209408213555478,0.00212207251783238,0.0286369316548858,0.020792746266145,0.0130978305644766,0.018826992956021,0.00337544632829357,0.00388959065923426,0.00654440162500269,0.00115472776367301,0.00166360788991444,0.00999056615078815,0.034244868635649,0.0198872833049684,0.0292563614775201,0.0202385703694609,0.0341885813084475,0.0114837811431954,0.0131918051085391,0.0334308684193344,0.0160237618493997,0.0397709987896945,0.0350398262089461,0.0426681908678104,0.0172105771690795,0.0216719893416448,0.0198497535265984,0.0127585455024319,0.0276189821048121,0.00902383339602876,0.0135083845100717,0.0320032426446121,0.0167422951453469,0.0687838725389959,0.012037251172293,0.0204975225042605,0.0243337217682765,1,0.0191760792902291,0.00820368303376242,0.0332347505754815,0.00913577475040885,0.025157779741863,0.044330283962759,0.00157860880648131,0.00643821871285871,0.0240694095139606,0.0171885088089939,0.0328356574500918,0.000688255280975112,0.000798178051979797,0.00556225320796027,0.0130744186527889,0.028401420664102,0.0288479496181739,0.00160034770570233,0.0223311375804678,0.00516531632622223,0.024191763804099,0.0515542260249783,0.0365752623240779,0.0062147799718328,0.0242834258835429,0.0292669776795904,0.0174417651094735,0.01827041923461,0.023161361137506,0.0014542204148648,0.0200259238712564,0.0131613768007917,0.0367462230449537,0.011814335713206,0.00519595618267532,0.0201315966072734,0.0237214490318984,0.023392197863317,0.0352619801257833,0.0126944129442301,0.00819991938078263,0.0373377430679154,0.000968129136120366,0.0174132186711445,0.0235872338137095,0.0220878285056748,0.0266441697006751,0.0371753589606949,0.0235336250514539,0.0230765962307592,0.0206040868445285,0.0239202499635975,0.0261609482387287,0.016590304171791,0.0184697680012697,0.0269685402414743,0.000534558719465326,0.00115239634119564,0.000662782244163426,0.0143067577691238,0.0529402733146739,0.0412973681658684,0.0183770951811168,0.0336456007580635,0.00352804177502337,0.0102501733380807,0.0212767205739848,0.000552597345545275,0.0125997498524902,0.0374726961418684,0.0586400674490089,0.0225194227333454,0.033189014963269,0.0307124698689073,0.0436843491167962,0.014389897800078,0.0269373821845613,0.0069204730888209,0.0249888833469569,0.0172828580795736,0.00556674117408542,0.00324509957182106,0.0161039732324534,0.0505796562780502,0.0261747693968147,0.010857778129406,0.0409384242106052,0.0250588115578005,0.0248778034742648,0.0175924796269584,0.0225873288724154,0.038577554523442,0.000724835965893121,0.0281347942991488,0.028949986473388,0.0137012609822646,0.0173523376815182,0.0167512239573491
"Dorea",0.0711137914868494,0.0850986150188067,0.0177458701035417,0.0637839097189659,0.0268494795033893,0.0323748126327483,0.00202520026378759,0.0479064071919484,0.0692224950646923,0.0338504253403133,0.0500764507328547,0.0516107237420288,0.00269050809029747,0.0448920323483413,0.0395136974895538,0.0829122736783532,0.063126101541618,0.0507677478483241,0.012125280178801,0.0463177327630688,0.00314012889307329,0.01349452477862,0.0535845581164468,0.0542186285712259,0.0253619979218333,0.0764741698935108,0.00998678757312343,0.0970066718511837,0.0155422664979782,0.0726623301062807,0.0629878968855122,0.0300359949885774,0.0980363291198587,0.0486080410592035,0.0861390534606844,0.077243739225203,0.03924206490312,0.0905085268079713,0.0554469894936364,0.0736727693970288,0.0558696598117771,0.0626448072186146,0.087662695523424,0.0807791231756558,0.0113247271832267,0.026213977440821,0.0802057861400439,0.0712827510651999,0.0191760792902291,1,0.0589809624936788,0.0713957573783673,0.0383229154501302,0.0621078097749136,0.128946708156863,0.0269141516579856,0.0625237123774676,0.0531665243151393,0.0806520246043689,0.0828497680624273,0.00196809069738618,0.000665152680864946,0.015945928768237,0.0606453189664822,0.097213690875321,0.037620687365271,0.0211396506728221,0.0310163232805375,0.010689802971972,0.0565909479713849,0.0855227845640462,0.0611944441675392,0.0215626957074106,0.0549403643018398,0.0649723031242304,0.0444475197318094,0.0420194158932424,0.0417621203506408,0.0083247007999482,0.0457077504715843,0.0649071319842408,0.100581833278346,0.0334863934610476,0.0369032809616892,0.0621973602075896,0.0358863103342807,0.0499777865355992,0.0842492934507719,0.0164825594588484,0.00972554281303729,0.111831764738752,0.00391408773166588,0.0316119734625414,0.0233777349042693,0.042883042502219,0.0348087580052211,0.0670501016766629,0.0580096702617234,0.0607103899969316,0.0223699620449153,0.0271823012788608,0.039340105464138,0.0283672267799874,0.0626950345925041,0.0368227391225687,0.000751578633747086,0.00185930343939679,0.0010353588223589,0.0587956998790345,0.105798414783155,0.0734901263372207,0.0867695489083257,0.0692572927061831,0.0266105378151828,0.0546134580844465,0.0422101414299606,0.00162428622674209,0.0592439115594109,0.0866703956743441,0.115257001103175,0.0379339948816222,0.0650114079517656,0.0411136608522563,0.0873758707311144,0.0146847176631562,0.0290847786383534,0.00536387610279488,0.0546659529641572,0.0169571708144277,0.0115659868255088,0.00721609111261234,0.0730605960494912,0.0977091272035775,0.0581583297509354,0.0241266934959877,0.0797726732236745,0.111196774098806,0.0689374722059765,0.0684210505614257,0.0717704923279633,0.0718270651445982,0.000389373617134996,0.0861552622798101,0.078517188097326,0.0329763854070256,0.0619438173691838,0.0562527812020778
"Enhydrobacter",0.0525555234975213,0.044798957044277,0.0202827149502086,0.0683866730853241,0.0353047041927919,0.0100500593851285,0.000600745804101219,0.0470569794849683,0.0438245181091626,0.0164206555595521,0.0363797788222181,0.0288357187391589,0.000879082382433608,0.0286814268687249,0.0198790784657947,0.085534387558464,0.0500213939396219,0.0404011282215177,0.00460945883865149,0.0387645025776721,0.000889279847826768,0.0124186546299824,0.0304948655320274,0.0286410397962728,0.0276590828896821,0.0416326242120865,0.0193389006985472,0.0498275740716418,0.00505567264624172,0.0850787635460453,0.0281521493962133,0.0142231141564986,0.051669793610552,0.0275764313460231,0.0407504600303372,0.0588200347463501,0.0373668751300033,0.0785476227174044,0.082644252303048,0.035383452424354,0.025766924005678,0.0656600811494107,0.0515549459754543,0.0819773336674956,0.0101984321359562,0.0365438412601857,0.0614655113872138,0.0505052160597848,0.00820368303376242,0.0589809624936788,1,0.0334912599214239,0.0234645869815803,0.0355356505537953,0.072070464241129,0.00934467614616192,0.0633274991267978,0.0265442159719558,0.0549003528354758,0.0374426006039114,0.00104268063986037,0.000174139183074538,0.0037017977464698,0.0484487834608854,0.0591685773714593,0.0155958061223589,0.0168899174979746,0.0151739882592593,0.00247087519233651,0.0403204132795466,0.0506421684317135,0.0366810457726503,0.00775852049394465,0.0427763741276984,0.0355892155428695,0.0240353750963579,0.024166313856279,0.0232357780793224,0.00534882575832052,0.0188994237472146,0.0480492064912473,0.0592461398106721,0.0150541428331466,0.0232869449828565,0.0463545660293669,0.021617620894606,0.0397705197858082,0.0498166024788793,0.00653973026082659,0.0171655157677531,0.0532639846455541,0.000959196367327522,0.0211038511388467,0.0236562341035334,0.0175407192705849,0.0149384597265919,0.0382706201111877,0.0336696334674584,0.0390016511946739,0.0102197752394212,0.0112588890307918,0.0208923539567923,0.0118984266434502,0.0348931648175056,0.0177921571604345,0.000356180638645154,0.000944766262086961,0.000478051702311811,0.0411596160597375,0.0653402217386139,0.0406500479640057,0.055403596383398,0.0520256823151429,0.0268313312549409,0.0332042123821691,0.0216379235148995,0.000671628321146203,0.0532744353392561,0.0397059757167588,0.0614908121041984,0.0200933449886534,0.040692812862708,0.017445895284215,0.0388592036196693,0.00518656064208393,0.015144425229159,0.00292626931135501,0.0319193349055914,0.00711543034281688,0.00270412392874505,0.00177327800607286,0.058383850912835,0.0530565361619635,0.0372195030336475,0.00807368690021445,0.038417335153276,0.0825950411707416,0.0371454353682299,0.0418536484305962,0.0408902521165299,0.0466858537127316,0.000177982085376987,0.047480709099109,0.0352600554283951,0.0204422979727371,0.0412273822731963,0.0496488152487899
"Enterobacter",0.0675160767197079,0.180646302712714,0.0239842814333456,0.0501589230364328,0.0090709908613407,0.0796904416370869,0.00702379866017576,0.0226586803162456,0.0921856426477857,0.0994012963663309,0.0262949631437314,0.0887237316129095,0.0131855699537569,0.0906491997190206,0.0980850079693338,0.0352966072331639,0.0743367796029179,0.0153665279232782,0.0363602710524868,0.0198282854487262,0.0117684526166008,0.00820828040049556,0.0541270228274624,0.109641341775768,0.0388519269826335,0.100842176166732,0.00858273966110402,0.102267883421391,0.0814863547826332,0.0412713685818474,0.132440449493454,0.1161013611231,0.133571019341897,0.114957722055609,0.145996430330155,0.0548630961242318,0.0798666594791795,0.0558504710032917,0.0391235814164294,0.103185829761424,0.0365529380346038,0.0478547570868665,0.110350592441943,0.0710063876731751,0.0127530300691679,0.0163734729635026,0.0673897594452158,0.0904905999737875,0.0332347505754815,0.0713957573783673,0.0334912599214239,1,0.0519201682745676,0.0900930375426922,0.143483103204529,0.0213762140562393,0.0288733329255347,0.0933357594930055,0.0581950684670486,0.137041437277491,0.00464553510342415,0.00352364326655622,0.064879536746372,0.057368531750732,0.0899806366529689,0.107017073344896,0.0141265995128843,0.117738896541843,0.0430689878687305,0.0807904436853946,0.148395751048839,0.122552599426745,0.0551454885454814,0.107513522428954,0.112770710088085,0.0818380212282431,0.0846679211364009,0.104116365581022,0.00798315333468057,0.125034601997762,0.0386048597890225,0.125174972827287,0.0773163362876845,0.016768029888722,0.0707605785814036,0.0624642096743152,0.103924352691946,0.108937001704237,0.0472428999066611,0.00655225886150729,0.144529640792631,0.0114103030868445,0.0891750261919128,0.0364254799951026,0.0912769560827265,0.107000036557242,0.156285419286505,0.0992749751058757,0.0800127298595612,0.0954515848739818,0.0987566242340403,0.118139160621429,0.094087232729987,0.0625234896527124,0.0980395301836644,0.00320020692530268,0.00739261905042865,0.00367026862700742,0.0771438910793661,0.144056620111787,0.154389196918903,0.0631899732348952,0.108568420918548,0.0181960073784926,0.0362875004565063,0.0825107602351102,0.00406024000643525,0.0604960265005604,0.122415528231215,0.186665251753932,0.0888328108980332,0.111429173714867,0.108148263206833,0.203925048791776,0.07732168554752,0.0992642336299977,0.00796231451675626,0.107018674700666,0.0867467664603764,0.0625069591295282,0.0315910915770319,0.0505535827125843,0.130704194222258,0.086549830773424,0.0815759702610073,0.144064669124284,0.0710461436236577,0.106751048650049,0.0609122269871492,0.0721837921463613,0.114993668072878,0.0019155622763085,0.102925131468893,0.133180005012158,0.0690280982179821,0.0669660182139254,0.0734721322155539
"Enterococcus",0.0464342689839197,0.0811273732273043,0.0237134455858709,0.0357089410793159,0.0122916897700393,0.0169115592214968,0.00114497491796075,0.0212114581174064,0.0463431000842171,0.0373709583638194,0.0206209323021463,0.0647255472497399,0.00181122197214583,0.051211391739943,0.0313778727586974,0.0392253672825724,0.0498631115126832,0.0165651351261191,0.00874022700186131,0.0187888429604654,0.00165397763464092,0.00763177179065154,0.0283499898768358,0.0606500436198579,0.0238890125495608,0.0573042477502511,0.0168014173510235,0.0764571182421758,0.0110681928301081,0.0419814601117238,0.0491029696777271,0.0306368248290774,0.0706752171315515,0.0661024950512646,0.0582399560018162,0.0494316346464727,0.0406844636681206,0.0550260850436819,0.0462645339634424,0.057907122685861,0.0217950153723612,0.0560655258126483,0.0560296896991554,0.0514955019317767,0.0090701074533185,0.0248898411950985,0.0544583319478747,0.052694620585123,0.00913577475040885,0.0383229154501302,0.0234645869815803,0.0519201682745676,1,0.0506071272543312,0.088459347968965,0.0105791678267578,0.0191254698685097,0.0431701424043893,0.0376120446436881,0.0570015275901909,0.000968504902290412,0.000461427470215548,0.00875074734609062,0.0360709796979373,0.0816513948256939,0.0341562845376792,0.0177768691114323,0.0299571548116124,0.00493712868866317,0.0586003112875937,0.0811853401677067,0.0668289158007293,0.0149224011931782,0.0404365216564642,0.0643578776847162,0.0410276709769934,0.0384090964391929,0.0447376848855403,0.00285679164003432,0.0260886978746316,0.0333527014702925,0.0895239708130919,0.0344664328331531,0.0204141514562011,0.0629600350571873,0.0295458352659999,0.0553605532320519,0.0728322527489719,0.00741850036353302,0.0152466385082145,0.0795708125732469,0.00238542260132271,0.0363306020231069,0.0195926571133038,0.039930331236508,0.0321311281458351,0.0594050131540897,0.0406033793566644,0.03917056125846,0.0238312486474278,0.0255584324789515,0.0366484860573386,0.0211899882629923,0.0302909465919509,0.0374508227030296,0.00035326674556928,0.00103438276034203,0.000542792080654263,0.033494623100162,0.0908371401017323,0.0761842199200853,0.0594601087527481,0.0766791285780652,0.0358706300527754,0.0323999143302379,0.0511132078755032,0.0010292984043099,0.0400901741223195,0.0702308853123678,0.0943876021369462,0.0404942465046046,0.06033019659058,0.0393293830807437,0.0657175569107562,0.0116070550066947,0.0313797122873687,0.00906820038392776,0.045818462613642,0.0175865629688106,0.00666683657178407,0.00415020959113305,0.0381978776024965,0.0724543834998248,0.0593324356751511,0.0170922231107499,0.0596277267486497,0.0574414090259251,0.0515646179494181,0.0390228918537792,0.0459285251566553,0.0631191593331397,0.000271793999751293,0.0718083193638451,0.0576621446528143,0.0372643831818189,0.0371832798038314,0.0508005725702842
"Erysipelatoclostridium",0.0580428486219895,0.127579356019979,0.019108147056347,0.0475452923370968,0.0145625583031693,0.0519113567955824,0.00310313177920266,0.0335505110111684,0.0766662990379325,0.0593232280117756,0.0318723286840537,0.0875174738828508,0.00557782487921385,0.0605187949681369,0.0539621670782137,0.0463274564191527,0.0599252441665482,0.0259751310548847,0.0245546931519302,0.0294013771672263,0.00542220978801185,0.00959482661607403,0.0497225198244894,0.0857051173657479,0.0344979923220451,0.0761456012176289,0.0091664931700819,0.0866869256133819,0.0310720636710641,0.0541148429735083,0.0986133675386408,0.046406824334688,0.110759299382369,0.0783040051653095,0.116516176326775,0.0583984052914951,0.0630240510189456,0.0751979919072102,0.0548480014784765,0.0999144760770806,0.0543107590467448,0.0554052094954642,0.0830572280156124,0.0586786945524321,0.0119598280537277,0.0199985298920831,0.080597654346199,0.065419239269439,0.025157779741863,0.0621078097749136,0.0355356505537953,0.0900930375426922,0.0506071272543312,1,0.120949629926145,0.0199411830743827,0.0378187240749702,0.0649556284490982,0.0509062687295661,0.105839689086363,0.00249757482198914,0.00116818207877551,0.0300014140242301,0.0533528768286873,0.0890896360360427,0.0665708683628386,0.0177564874969137,0.0541807359711581,0.0192982720844336,0.0746521653390914,0.131441982118324,0.103414169583259,0.0384777537498742,0.0636126736184153,0.094087969664772,0.0615942076034422,0.0643927035988365,0.0606729407335726,0.00895963922765687,0.0665854158581509,0.045726402817689,0.109083632071787,0.0747043408423384,0.0230031629774416,0.0701851613573499,0.043302005439842,0.0708137003217122,0.0912081202319117,0.0275928488361047,0.00814517208519688,0.118507979148293,0.00610787858887478,0.0517914095162107,0.0260265447118304,0.0620915659828299,0.0611856658105214,0.10375099623312,0.102457049914811,0.0652071052363296,0.0407021524537522,0.0487502653123494,0.0629946635553391,0.043059204828863,0.0577782143468401,0.056929342259314,0.00125651327634709,0.00331564085002482,0.00230861343286952,0.0617989187665809,0.131262089330926,0.0956550198124733,0.0696616273022384,0.0837123763450817,0.0217794427954126,0.0471183125786674,0.056005640651421,0.00272260824048101,0.0523009179261533,0.112372825270222,0.136612617543844,0.0564261557671668,0.0755738896569347,0.0698837732595082,0.122293460012997,0.0314972970508959,0.0538435300921761,0.0080015880402762,0.0848226716789216,0.0379810247491912,0.0247032179206767,0.0133322859000841,0.0428118192513706,0.106342513701527,0.0678738150551894,0.0455989173989864,0.105856714720204,0.0784462526431678,0.0777226865534494,0.0592030715829622,0.0582423959131713,0.0934275248291575,0.000774760969966435,0.115541847110046,0.0938237406722075,0.0570270347696313,0.0697677675436226,0.0633548484550026
"Erysipelotrichaceae_UCG.003",0.132724893700615,0.15725439793515,0.0553702188622163,0.0998504343231899,0.0235656841795844,0.109509635381396,0.00516280527248749,0.0541654078214058,0.134651983261507,0.0922440484046698,0.0644288479316712,0.120519816407863,0.00954672173523205,0.124792618778932,0.0971420217418626,0.079117767251354,0.174430226046479,0.0378266876931829,0.0422406835611467,0.0470506111747307,0.00836173642123295,0.0158507398844797,0.113792207249976,0.119521729596986,0.0700084257867224,0.145518760249088,0.0196616908501735,0.200932776121203,0.0689398908546555,0.0885084783473088,0.129982749035147,0.113982265587727,0.200203754831213,0.115655000262638,0.15731126119571,0.118607864509009,0.108920452773263,0.12141247342813,0.0870346042698745,0.120154222470326,0.0748818279029746,0.111320318404896,0.192289097542097,0.152143890552635,0.0198534560506867,0.0340612443052101,0.148260375710067,0.153557560385001,0.044330283962759,0.128946708156863,0.072070464241129,0.143483103204529,0.088459347968965,0.120949629926145,1,0.0359297524873558,0.0635082067946279,0.13829447463914,0.115831414311526,0.145000031966701,0.00440434587929413,0.00161641086713462,0.0606439405057041,0.136303943716237,0.204670577063015,0.0989101336372316,0.0251365254178818,0.121218076299463,0.0328193354548891,0.128876721840821,0.183691878547573,0.149355143855958,0.0856786810828156,0.124186492695977,0.123127134681554,0.0989490137099689,0.085376142296757,0.113331355559525,0.0128128689700347,0.118477445172201,0.0784059002988152,0.179409625377444,0.100636949383528,0.0385331685551013,0.131691159450489,0.13887798967064,0.130325075436191,0.211254986851096,0.0493911558890338,0.0144588763291876,0.200884337445495,0.0086930637221663,0.107798665574825,0.0807452884666397,0.11416540926831,0.0993486662013468,0.152869032849544,0.103200217469193,0.128363096990487,0.0754671737710017,0.0786569028353634,0.106752539082769,0.0962985492035638,0.0923789173595974,0.106303057492623,0.00178369017393719,0.00649665730347834,0.00255016135176903,0.141461723296759,0.19425164274469,0.169226800843343,0.145312599491145,0.153488272142118,0.040726473735447,0.0824079787885241,0.128179426952144,0.00366168652556297,0.139896993556144,0.169567220530301,0.234499696938703,0.124617985361719,0.195400033024813,0.0970528452634491,0.148155280198548,0.060716130449452,0.0953218698371441,0.0109568199905825,0.121672474339298,0.0629182616488807,0.0415544438796026,0.0224435778445299,0.112972847208711,0.205688115525483,0.131841099691895,0.0821870845957115,0.192519123374639,0.145134669046368,0.161341508518809,0.110463421119423,0.162148034878386,0.186753603796963,0.000924713583511246,0.156238619374499,0.149413620086602,0.0931989725702196,0.128855727307454,0.135428494753434
"Escherichia.Shigella",0.0326109371589771,0.0269721576251055,0.00373698956874426,0.0196692232036382,0.00400668557779762,0.00788598000412272,0.00254282353953608,0.0102457502931553,0.0259758497093174,0.014102905916073,0.00854473814564614,0.0210798644003139,0.00142116565970411,0.0172385051845908,0.0153070108180196,0.0286478014855979,0.0185288189192087,0.0140110102235214,0.00361488158294382,0.0108973993077562,0.00146582255180055,0.0144493591416115,0.015858291203524,0.0180553656222546,0.00577424353004357,0.0215507133764728,0.00183337770629933,0.0276382933578045,0.00574670940642454,0.0274309425941099,0.0186253155185547,0.0166431929889139,0.0296002092732117,0.019082675905988,0.0243112523657381,0.0295956365622841,0.0121746300618776,0.0319992226285078,0.0200397948930571,0.0230561917797951,0.010457188888283,0.0215997357731034,0.0256999059010121,0.0236050156352214,0.00129379153423959,0.0051071429001043,0.0288949244735114,0.0193922143115204,0.00157860880648131,0.0269141516579856,0.00934467614616192,0.0213762140562393,0.0105791678267578,0.0199411830743827,0.0359297524873558,1,0.015448054732682,0.0166031932259067,0.0224331274659752,0.0242709691845938,0.00464272223945585,0.00192339664116456,0.00413154469218031,0.0157724874813107,0.0296711052691441,0.0147123887078469,0.00974528249862664,0.0112946430832144,0.00290777790981064,0.0237062646956463,0.0269001746717028,0.0209022117179771,0.00417633355013897,0.0152604945978415,0.0225785489038308,0.0206190342118951,0.0177094000956397,0.0143612067990567,0.00277719718198024,0.0124768415094713,0.0186572267929094,0.0335214039883774,0.0142967470320041,0.00747905741857576,0.0186389835199547,0.0104836329427425,0.0183525459307074,0.0283726742695176,0.00204406995833023,0.00185299673542649,0.030591024046956,0.012179737250675,0.00992931710392953,0.00460666961604785,0.0171758881346127,0.01413344471794,0.020191697249302,0.0173807955521995,0.0178266836725359,0.0109952760350509,0.0136902319441789,0.0140253671164537,0.0142897150493658,0.0192394239271749,0.0144620396894508,0.00221157120169949,0.00198332500471212,0.0014375205358593,0.0184103999855518,0.0308181599661475,0.0229868061075533,0.0284907482522688,0.0225346339787304,0.0042178747188273,0.0186539980707974,0.0178904012034643,0.00170470012307401,0.0205702107031796,0.0253783265637179,0.0321064851099145,0.0182601561276025,0.0187425263005539,0.0171609967434829,0.0257150777362435,0.00564517113655636,0.0119228448009215,0.00238454937284113,0.0176745000856465,0.00756282838720674,0.00410625076073116,0.00266961717717271,0.019688654998524,0.0261774532696655,0.0231406266976575,0.00724660169786984,0.0208950561280681,0.0311128186842328,0.0206473542970188,0.017183280130301,0.021776583990498,0.0214942615173807,0.0016968665911706,0.0272036939982042,0.0243496581348269,0.0131955954971295,0.0188170111840059,0.0254657149610986
"Faecalibacterium",0.0525735786618348,0.0318633023509354,0.00894709367462886,0.0852307596274792,0.0437052208544697,0.00659356058598691,0.000591871402683015,0.0447533228521359,0.0436527098436355,0.00989280623588548,0.0407137180101535,0.0273082373773696,0.00057693980833257,0.0254975405504731,0.0141482431104553,0.118604874338496,0.0533927522854678,0.0922623734904228,0.00390384026726437,0.0461286647733131,0.00138060811501531,0.0279518172725804,0.0425050417026837,0.0199685696071489,0.0123563029299882,0.0350178600466631,0.00869933296117889,0.0422893583140828,0.00294484591098586,0.139031948578244,0.0238492827412013,0.0103019603476909,0.040539640622984,0.018463778855275,0.0299299258167647,0.078053906317342,0.023590994161505,0.121081645773519,0.0837106646904163,0.0254301700447545,0.036202924076142,0.0615400018497903,0.0428775110020681,0.0671789871984617,0.00552087747018022,0.0195609050683417,0.0793885018216728,0.0475420538455368,0.00643821871285871,0.0625237123774676,0.0633274991267978,0.0288733329255347,0.0191254698685097,0.0378187240749702,0.0635082067946279,0.015448054732682,1,0.0170791298021923,0.0902603346265148,0.0315674605075096,0.00141276281628725,0.00030068406005418,0.00273761254698662,0.0550493106250302,0.0519996455086646,0.00946337917240135,0.0322657087662881,0.0104968262294948,0.00176173473842899,0.0362724712137515,0.0405271371777366,0.0287439421216907,0.00946720581413633,0.0334361701103054,0.0266355518637601,0.019592771467244,0.0191141613353906,0.0137616661474337,0.00789490605460368,0.0152795956619095,0.0795228786749513,0.0545126703133557,0.0115665401708948,0.0398142950873079,0.0425889009356544,0.0147651656938828,0.0338235055578044,0.0466218704704388,0.00351911536231433,0.0105328263027028,0.0422632628495638,0.000984856027315458,0.0109974882698586,0.00985237952993179,0.0115635613186427,0.00897612994266822,0.0267940935672913,0.0339606036942193,0.0295650395073771,0.00615998959291843,0.00681446376017538,0.0153747541017413,0.00764959460493508,0.0571279826898117,0.0100172458538946,0.000548047752049186,0.000857090177882745,0.000823255844548402,0.0432029464853331,0.057644037703545,0.0289283809110847,0.0566172302400366,0.0443606241414694,0.0302174500657617,0.0536716231591603,0.0150735219653924,0.00102500071096953,0.0513591714449475,0.0291567460718772,0.0503929678234946,0.0144226860784744,0.033917642384052,0.0106132299138472,0.0295828493411362,0.00292706877383463,0.00899624028028736,0.00363708316274741,0.0246137461564481,0.00411328201854739,0.00186699338317205,0.00188381296777964,0.0644775102533687,0.0460797052947659,0.0365950293624414,0.00514204651516127,0.0343617720362702,0.0907477919261852,0.0332871240287456,0.0519377010468738,0.0446259614451735,0.0456167422548252,0.000308769512292593,0.0394927060330206,0.0263570208527661,0.0135515062704775,0.0573774516497438,0.0696197472872173
"Finegoldia",0.0499946909763504,0.149492866798253,0.056272505033178,0.0309797605273839,0.00901029407012706,0.101469599905105,0.00564090709918091,0.0180938076693821,0.0671233918681953,0.0974388293368213,0.0194698638021029,0.0818827015283726,0.0115021378523778,0.0687081450384552,0.103441313061985,0.0213981547597884,0.0709095891591478,0.00812786264064309,0.0305747789830511,0.0138149053354173,0.00865700202802605,0.00852843038842829,0.0531324695815044,0.105368632445373,0.0581390491290168,0.0825339329376753,0.0274218779069777,0.108878446382117,0.060643266392188,0.0246436219409591,0.0993889900819271,0.0740796370539862,0.152469240057277,0.115782037742544,0.144483431542337,0.0350020712459899,0.0727236370837289,0.0380537042184709,0.0304175625627413,0.12511570694649,0.0252638388588884,0.0323765512620187,0.102950553641598,0.0480686165891838,0.0198288230378103,0.0297609809407738,0.0454113368011461,0.0562848466725129,0.0240694095139606,0.0531665243151393,0.0265442159719558,0.0933357594930055,0.0431701424043893,0.0649556284490982,0.13829447463914,0.0166031932259067,0.0170791298021923,1,0.0333694483623221,0.0958138534236019,0.00320042445789021,0.002304714863705,0.0584976792738171,0.0438703516629164,0.0995666052609015,0.107993321902145,0.016767465797594,0.0902236518493905,0.0384331879511858,0.0685208395992808,0.117827476630997,0.11269288775832,0.03554519077607,0.054155183712275,0.121508876913227,0.0791147908794226,0.0792048811224613,0.111377867199778,0.00593695499803944,0.071328717039455,0.0220642633663306,0.112179664072786,0.0796069068890268,0.0127434616397813,0.0421411059721894,0.0736122770239413,0.0636178203426966,0.0957912029578556,0.0465161877379481,0.0153081403336051,0.164386939250703,0.0106970328730664,0.115946104903307,0.0709009535990768,0.103777814252948,0.0995455831378003,0.107192450424033,0.0687816436061322,0.0899817256863075,0.0847256326119116,0.088429045984984,0.0994004303119433,0.0917827942483869,0.0285133652861964,0.127844395963117,0.00202988846308486,0.00560034642464989,0.00286756758864046,0.0629005546625693,0.0956202486727599,0.126012965467655,0.0444467215666072,0.0727981649324453,0.0169863877533514,0.0275769530608131,0.104986683740982,0.00289313047435676,0.0481205549585502,0.145770328603527,0.133555206322362,0.0946351447614877,0.0720154983960454,0.116946272402872,0.130122848451629,0.0647289390651099,0.0945681928064104,0.00896305694574611,0.0925242762300076,0.0705412573226119,0.0460662098565538,0.0247585146316412,0.0387237971312162,0.0906246249891322,0.0523497536356431,0.076808752521036,0.0990807174069263,0.0507527965667412,0.0877210484223402,0.0333349791796408,0.0521332851387167,0.0706996929983776,0.00121640887488298,0.12444086830673,0.138787511882632,0.0720633544155808,0.0463252588443709,0.0451013859885084
"Flavobacterium",0.0699954058231654,0.0661104705964016,0.0155048542773548,0.0822125268005529,0.0338941622354391,0.0177073011683038,0.00117094873514083,0.0640929441608293,0.0673619675688885,0.0220487380942771,0.0670466836009116,0.0437124316908678,0.00173486753515654,0.0475812812725601,0.027025446683614,0.100226321351825,0.0665612590291617,0.0733170484768217,0.0112184034908764,0.0565762664458184,0.002786010163248,0.0144558992593093,0.0498026123660461,0.0430346033142168,0.020221966582807,0.0581246059356526,0.00988533521934686,0.078443353337931,0.0100953965091527,0.109722252364393,0.0501128319346787,0.0237150282077495,0.0806155350473159,0.0405836520297492,0.0630057513127539,0.112312958344924,0.0328224636743761,0.123574209958496,0.0711911317635404,0.043648820582373,0.0541695478523824,0.0723903192319216,0.0653795918794754,0.0701270377973541,0.0101368681167704,0.0231768706779941,0.105739832141766,0.065248651201259,0.0171885088089939,0.0806520246043689,0.0549003528354758,0.0581950684670486,0.0376120446436881,0.0509062687295661,0.115831414311526,0.0224331274659752,0.0902603346265148,0.0333694483623221,1,0.0624279995287407,0.0019515184692771,0.000531409026426498,0.0103974489730739,0.0589891379212235,0.0886788242581746,0.0243928821263254,0.0235720513898822,0.0203806627738577,0.00630145995241263,0.058427054160148,0.0762123364018154,0.0534948535194462,0.0184144089120741,0.0464761974007556,0.0538187015941299,0.0367640948650162,0.0288356330864128,0.0297813078662392,0.0090882712108309,0.0287654795236498,0.101191246355883,0.0991126523800765,0.0218586450543046,0.0472766280375118,0.0582287728926606,0.0334391004823618,0.0532659632374224,0.0859571962453445,0.00980762083652056,0.0108059917936082,0.0866317486917589,0.00242388007415214,0.0223240836954309,0.0201375614958378,0.0286121800797831,0.0228399861482953,0.0522944168543311,0.0417064832090029,0.0412404905198938,0.0152958767391344,0.017561351223984,0.0277273487346538,0.0185315310904772,0.0887187014882834,0.0238333287671716,0.000581344480451217,0.00154201034379405,0.000849720722257471,0.0525479861259037,0.100734306453006,0.0627931594977541,0.0782803900807728,0.0710711483180966,0.0340764273334176,0.0726853393200934,0.0302437179320989,0.00145556778513992,0.0603618339283548,0.063312919626145,0.102933992963004,0.0311811346981567,0.0575116030085948,0.0271248029738445,0.065509245364878,0.00943092488926817,0.0196438230582262,0.00528174797531482,0.0425629744247964,0.0108613993378238,0.00746090963511153,0.00461272725991256,0.0791167271704097,0.0885899361615455,0.0646815345304922,0.0147994400799719,0.0692651683929442,0.106421885763342,0.0618266922620654,0.0729746573358937,0.0829833195717637,0.0750926101010025,0.000290512257690356,0.0688031290284323,0.0561095354813604,0.0249649796367674,0.0580201619673004,0.0747529892168973
"Fusicatenibacter",0.0793299781281647,0.15513970369776,0.0249700873121914,0.0548405520385627,0.0107323478025994,0.0820469462088005,0.00574803831758613,0.0282773153314102,0.11178717662103,0.0863736459298425,0.0312566871746444,0.0978130635515951,0.0103020630213334,0.0832639954472159,0.0990946508620406,0.0410258908215857,0.0727673715844194,0.0191973316596817,0.033910637862452,0.0227678755103478,0.0103243651896216,0.0101261530690574,0.0636668113584987,0.0976870352325876,0.038956915529278,0.115077067115168,0.00951630920903481,0.103516660633656,0.0667562768966473,0.0470438749301333,0.117692198047708,0.0899891324571447,0.135619466915214,0.10126564746825,0.144327921006006,0.0623370007924669,0.0750013181912799,0.0664530416402616,0.0475440329679703,0.107813316416249,0.0462579467780596,0.0593422839883692,0.101459964432401,0.0710518406782445,0.0148808332347941,0.0188712496065526,0.0807756632441508,0.101308766281874,0.0328356574500918,0.0828497680624273,0.0374426006039114,0.137041437277491,0.0570015275901909,0.105839689086363,0.145000031966701,0.0242709691845938,0.0315674605075096,0.0958138534236019,0.0624279995287407,1,0.00375214607883864,0.00255965920088681,0.0587147574641449,0.0609438195291888,0.0936453358748901,0.0929169824014457,0.0170825210288861,0.103662277791895,0.0374669455038846,0.0802489983941833,0.130791364992608,0.103191260855904,0.0467248979778038,0.0962968563993226,0.115021636848074,0.0889212444258364,0.0809977308036472,0.0956523089506526,0.00838318358355655,0.123724200479926,0.0438431603350986,0.13042659159437,0.0792490083611399,0.0206790915201657,0.0875404352456177,0.0673717464370017,0.0908896109549376,0.108882374529952,0.0475038978143079,0.00790358208039054,0.149025548964596,0.0103087337717416,0.0891087033159083,0.0375475981968772,0.0883859225794845,0.0921926151740241,0.135472095275924,0.101397039210837,0.0822255239071063,0.0763758852493771,0.0800303098599148,0.0936885464688047,0.076708228405991,0.0620947684292167,0.0916096233692351,0.0023925514026513,0.00551613743388213,0.00308139293341603,0.0864303512096733,0.134629824757489,0.129888021783978,0.0823936367606172,0.0879373186314423,0.0218447638993774,0.0439721297440119,0.08284488284691,0.00375512909710112,0.0640453723413831,0.122032558127499,0.163918461657778,0.0945753133352571,0.0944442807571702,0.0934005300438528,0.185363238644304,0.0603335953565927,0.0873271467210952,0.00964274791854277,0.109032378865309,0.0755376914095237,0.0470612716367887,0.0256468190041379,0.0525071502286354,0.12327995202277,0.0950822514771087,0.0806222925326438,0.123976836902593,0.0799800494061519,0.101799238735094,0.0692008077434899,0.0887818397575135,0.0914454506936838,0.00143317484131276,0.109815340944925,0.142405165493477,0.0810851646786133,0.0819852292618674,0.068385263951324
"Fusobacterium",0.00204190912317623,0.00652761120200062,0.00039939260706911,0.0018255011224005,0.000699979187007078,0.00384313873858706,0.0240259107833956,0.00159327469838146,0.00286974713232325,0.00803500996590463,0.00245242193816258,0.00310496283753731,0.0528165264855236,0.00336548477869452,0.00359011953263897,0.00186643352316894,0.00250574557472149,0.000886921339774243,0.0141431845096917,0.000661611009505157,0.00955894496173417,0.000835215680056181,0.00147330915422532,0.00639533491293929,0.00058806039399515,0.00329143887216482,0.00018340829004892,0.00351927215102995,0.0219491580508143,0.00244132552292914,0.00403232460241412,0.00718998219159899,0.00457189993769187,0.00646887543163955,0.00511179425185612,0.00300611062501572,0.00221810617538359,0.00258645141051207,0.00200518254113208,0.00426276024009189,0.000885462705938051,0.00222958023381614,0.00321125225019066,0.00203517876682915,0.000264490302623935,0.000459540663977575,0.00307680711998792,0.0019264241557013,0.000688255280975112,0.00196809069738618,0.00104268063986037,0.00464553510342415,0.000968504902290412,0.00249757482198914,0.00440434587929413,0.00464272223945585,0.00141276281628725,0.00320042445789021,0.0019515184692771,0.00375214607883864,1,0.0137103584766404,0.00942873311047754,0.00142480672590263,0.00342239419513327,0.0109325952028942,0.00437223806438696,0.00274432057216014,0.0174854808003735,0.00429422815910357,0.00464202128192162,0.00457353446288465,0.000625401722544369,0.0020656533770117,0.00600806783428556,0.00296295321231176,0.00271158395547776,0.0036023203974341,0.0596261122053627,0.00390331350801383,0.0014693837167759,0.00472440580935563,0.00600582147514272,0.000455878893922138,0.00218568272724766,0.00123619361686468,0.00270049015169121,0.0037611640026818,0.00282815498878138,0.000143043810019536,0.00514262875658118,0.0345103510389923,0.00248626969895314,0.000535938230021239,0.00732498926657352,0.0117488905721027,0.00427080497324541,0.00227869578781859,0.00243486645886452,0.012121205043141,0.0116623331173985,0.00394474975816626,0.00984666311700529,0.00125474786017458,0.00443759219097395,0.0591249597786363,0.121686500370836,0.0801756932289942,0.00215905109050035,0.0040756815910012,0.00662438849610259,0.00243546085694045,0.00505056861428771,0.000566651304062993,0.00116768610360962,0.00347677854616115,0.0101162325613505,0.00141991669206938,0.0051908968822205,0.00526848973681363,0.00399438326867917,0.00370217809215663,0.0117833742861463,0.00613290277776279,0.0184958652688648,0.00371790971155983,0.000441255817222555,0.00297164814991909,0.0164910311641946,0.035493668664043,0.00491425032436411,0.00152789553999564,0.00361967692554124,0.00266698550193387,0.0108405036131957,0.00432518769304879,0.00316689932142154,0.00397867593537128,0.00118430419420728,0.00256644693382644,0.00321056212261638,0.0264886890735169,0.00441651928925346,0.00545443487358116,0.00162125467989372,0.00197911284410894,0.0022472876127763
"Gemella",0.000675374702859016,0.0042432382751018,0.0002218753544493,0.000402737237871541,0.000262537842534922,0.00309433268041585,0.0679080492253231,0.000165369188398613,0.00103035902856365,0.00669087065610018,0.000198599818558007,0.00184403352855623,0.0191935914703912,0.00159371873358309,0.00324672734974898,0.000348808737179263,0.000771452769197169,0.000520840772311922,0.00974187300669728,0.000190513568058943,0.0484500523199045,0.00124823368110006,0.000419951193226722,0.00468138167120932,0.000249761546128089,0.00199707720888758,0.000279271169094866,0.00180714447779084,0.012618118478815,0.000357329725531265,0.00326870471486177,0.00340678943057851,0.00251533417335941,0.00480983802405991,0.00346958484794027,0.000494026129490181,0.00118520585754104,0.000510353141465289,0.000283862667210901,0.00289111757880006,0.000285185554996295,0.000366141486584508,0.00161112821303672,0.000535492131482053,0.00105987286774857,0.00015861937647071,0.000676367266188882,0.00093622968450684,0.000798178051979797,0.000665152680864946,0.000174139183074538,0.00352364326655622,0.000461427470215548,0.00116818207877551,0.00161641086713462,0.00192339664116456,0.00030068406005418,0.002304714863705,0.000531409026426498,0.00255965920088681,0.0137103584766404,1,0.0117468745358378,0.000436779570946984,0.00122501597383478,0.00777069489146361,0.000585960272486215,0.00234756176545124,0.0189716050743214,0.00198397483822726,0.00250628656721196,0.00306461821463381,0.00134380430954587,0.00104139025320879,0.00377561135463865,0.00243709419939326,0.00215000143369084,0.002598291414879,0.00600006133810714,0.0027629554621006,0.000296177835695027,0.00200799544295088,0.00308564807751649,0.00020179453680391,0.00062178730483875,0.000727184545648906,0.0014980885491153,0.00143884801560047,0.00143450504230176,0.000279104197603661,0.00276653484753718,0.0167636132020774,0.00169946477068986,0.000286095449071516,0.00599456484763259,0.00898146606778895,0.00298301994089152,0.00136314261342033,0.00128093381310474,0.00856398887215805,0.0087261670057477,0.00342997253068182,0.00645586323905139,0.000568815569720665,0.00392593484035441,0.0271746593619716,0.0135215715307744,0.0286713956384427,0.000786882346226652,0.00159652147418464,0.00423356865535491,0.000532916550834467,0.00204399195481496,0.000211087624650682,0.000323508742667396,0.00284931833758732,0.0524025042650542,0.00048991787500293,0.00350236548177823,0.00262153181881512,0.00368930118227765,0.00181496875885979,0.00995544193511726,0.00439876754919948,0.0111811715720356,0.00353337192318524,0.0137423311768831,0.00154843211059329,0.012986590150152,0.010877205367646,0.0411345211476194,0.000332471986520115,0.00185436608182177,0.00119821506378468,0.00831306966941991,0.00273841215600985,0.000612803167204688,0.00183480363712354,0.0007154674747308,0.000716774593568667,0.00136970460194141,0.0753360045810727,0.00212974651894124,0.00387046287941602,0.00131714643079243,0.00068610593650328,0.00059440230509804
"Haemophilus",0.0194444236472797,0.102015076623549,0.00523946046775805,0.00774415695450632,0.000890232186085057,0.0407279262996501,0.0125914016726911,0.00248453204729151,0.0298888108295366,0.103251897775036,0.00275453206535732,0.0363032600231315,0.0162711376063147,0.0342963790258513,0.0648272035058118,0.00593113428722952,0.0255298926174908,0.00104967036817296,0.0199412403977847,0.00162418843960404,0.0121875898728428,0.00132583226193903,0.00859927905702638,0.0808913408084774,0.00777151586635931,0.0420688218817562,0.0016620014972024,0.0527671487279108,0.059902645645909,0.00703735518314948,0.0639741548010039,0.0448026645127795,0.0731901648219516,0.0858097275577118,0.0847623933945428,0.0122843541757327,0.0300771649863768,0.014558156513905,0.00741336695046496,0.0631805959388068,0.00471582891434825,0.0103809978564884,0.0498047405674509,0.0168880267257068,0.00230254320332947,0.00224941351089362,0.0197302427255801,0.0223770900927709,0.00556225320796027,0.015945928768237,0.0037017977464698,0.064879536746372,0.00875074734609062,0.0300014140242301,0.0606439405057041,0.00413154469218031,0.00273761254698662,0.0584976792738171,0.0103974489730739,0.0587147574641449,0.00942873311047754,0.0117468745358378,1,0.011221559144552,0.0443135772658011,0.120689653612998,0.00322195937519351,0.0479587768978915,0.0303525238025817,0.0433014040806094,0.075640851071093,0.0769778903866389,0.0120593640169608,0.0248687697724464,0.0716814577649999,0.0476310337091478,0.0450732039376084,0.0525813289237032,0.00459772214914517,0.0390937007936497,0.00534745213645676,0.0578280137564499,0.0354221518883346,0.00136053321941364,0.0163718126230626,0.0215027286025333,0.0388726156919888,0.0482227623481791,0.0145489118088598,0.000963898028023032,0.0787604325241206,0.0173844577780789,0.0337977676346901,0.00782132596029499,0.092478052878347,0.113462317544647,0.0761246040821177,0.0316237793695592,0.0363566527970597,0.099593428680588,0.118656354083568,0.0653281392563833,0.0793268177229023,0.01007024140502,0.0844509728211994,0.00987411460095101,0.00976378699107636,0.00871428850223698,0.0181924654555956,0.0573620245223128,0.0890138006620078,0.0164478126330767,0.0465981836305615,0.00200703903400721,0.00493926068916006,0.0607736733303291,0.00852010320898834,0.015399913324978,0.0825721983713576,0.080296339080668,0.0734761539592312,0.0481288622532028,0.134833767504939,0.0922537260093367,0.0658451537838086,0.0748408988337378,0.00298620062062115,0.0404589839296821,0.0783466098857226,0.0377290564976308,0.018404638564562,0.00970813546124354,0.0568182389593793,0.0319644906989248,0.0441081895077969,0.063271052661227,0.0202464686483514,0.0473486194413185,0.00996415050048377,0.0195637276674207,0.0429043032740625,0.00805023969766281,0.0564905890359243,0.0810756604958227,0.0254393810413073,0.0145975159454167,0.0173236501327197
"Holdemanella",0.0676064147121089,0.0879277299570527,0.0174436324943582,0.0576188624385683,0.0343355213108069,0.0199964574691103,0.00133396024161794,0.0482080141335929,0.0603021270168997,0.0259086509407438,0.053078759470116,0.0448965355394024,0.00194815581594792,0.0385794121100482,0.0300244044161624,0.066534037521799,0.0857404936787162,0.0513170197302659,0.00998516349989989,0.0519752470180024,0.00220677234361776,0.0118359216464535,0.0434385823793082,0.0459508727677949,0.0224101472247333,0.0647576692381833,0.0101100837074025,0.10375726097986,0.0114107981332087,0.0697990754368659,0.0571827704657357,0.0246273522327013,0.0978847828071635,0.0442752636478737,0.0683602753098984,0.0781087689759063,0.0375619921186207,0.101945527225311,0.0645974683146568,0.0535519338380962,0.0512061132169867,0.065236676304461,0.0819594822096767,0.0827528653706075,0.0086046309051798,0.0201866333298873,0.0911917281326672,0.0698184853289647,0.0130744186527889,0.0606453189664822,0.0484487834608854,0.057368531750732,0.0360709796979373,0.0533528768286873,0.136303943716237,0.0157724874813107,0.0550493106250302,0.0438703516629164,0.0589891379212235,0.0609438195291888,0.00142480672590263,0.000436779570946984,0.011221559144552,1,0.122346166642649,0.030099138642962,0.0181231119102603,0.0248741124222551,0.00624881983464774,0.0576782328860016,0.0967585210819963,0.0761538889969094,0.0239177573820883,0.0540931202211645,0.0537485156588924,0.0379312932631746,0.0343355737348935,0.0369913598928815,0.00739539532186057,0.0306537474712757,0.059096890391676,0.101260248299157,0.0247952118105173,0.0417988711755023,0.0557098631105946,0.035932213594532,0.0663356511184896,0.0887020767016175,0.0093932156737226,0.0103480730673882,0.106953252066108,0.00216622301164039,0.0269497659846317,0.0215746241261695,0.0358112320565283,0.0289152526019745,0.0714026839186761,0.0472638113033675,0.0426416015472866,0.0168694553168591,0.020221799160838,0.0353200086405103,0.0205053818915526,0.0495050337519063,0.029742248595984,0.000459989788852934,0.00144623675236994,0.000690621267563801,0.057667032560553,0.110962297294216,0.0749629866075539,0.077011775672174,0.0758038295617447,0.0328707369607382,0.0498465387531003,0.0382918699076654,0.00148873849283749,0.0758592700029561,0.0744872447395675,0.119704138048674,0.0348630000502736,0.0637019529247445,0.0332966835537752,0.0725776475680398,0.0100565125821303,0.0258098755797703,0.00533328280681934,0.0458700252331401,0.0122990428655413,0.00755722057925156,0.00489305777194636,0.0606615465522689,0.0879959696110471,0.0580923257033085,0.0177931362151224,0.0809055362066065,0.100670963653934,0.0623500119899163,0.0708926963339237,0.0646118938446831,0.0870706030679465,0.000270291372413367,0.0848311570749194,0.0646741112671959,0.0240887091449982,0.0560103392811492,0.0670408898378211
"Hydrogenophaga",0.112754567431003,0.151440971092947,0.038676141150467,0.0768755044030745,0.0236075306384314,0.0781722771198426,0.00412631506598785,0.0497598984839343,0.0977567719604386,0.0649070037470813,0.0582417267256368,0.0965943123494993,0.00704868926600458,0.0891702571039414,0.0711344097173909,0.0745914168291012,0.14779164554434,0.0381464655731875,0.0357998988956588,0.0458245867997873,0.0060132663706394,0.0138672278394211,0.0741502013792291,0.0872316828446299,0.0477093499162619,0.103055549910002,0.0147440639841011,0.155653240730448,0.0474148972499443,0.069947720018088,0.0875601805625807,0.0787265286282558,0.156804000328632,0.0822202504096357,0.111515602843715,0.0994010408430216,0.0854814869882351,0.0932042187288083,0.0692654930573993,0.0888105764374719,0.0627850122503121,0.0977190800728246,0.121216177626394,0.122278754565491,0.0143821460163509,0.0293925442373814,0.112685837324828,0.100075514573947,0.028401420664102,0.097213690875321,0.0591685773714593,0.0899806366529689,0.0816513948256939,0.0890896360360427,0.204670577063015,0.0296711052691441,0.0519996455086646,0.0995666052609015,0.0886788242581746,0.0936453358748901,0.00342239419513327,0.00122501597383478,0.0443135772658011,0.122346166642649,1,0.0693990294398472,0.0236572123013761,0.0740041561662214,0.0231742078388601,0.106646062913648,0.151676498233228,0.120869791205823,0.0601202286275346,0.0868096989127696,0.0934560219738803,0.0885586118972008,0.0739446655121039,0.0807070414266206,0.00944565957739279,0.0724436171066635,0.0726337706581657,0.155554730202322,0.0831448055229148,0.035700892779021,0.107533997184133,0.0972896065543109,0.10353768910967,0.136642608365741,0.033141019905402,0.0117739454791835,0.18642968693769,0.0071855160848476,0.0786481458926239,0.0530618540331668,0.0887980236243949,0.0694113849698363,0.107498682915434,0.0728891260802018,0.0900895649111441,0.0541926794080301,0.056086901558859,0.0820293372718375,0.0682858353182614,0.0744186785762809,0.0745580570290508,0.00133123085988278,0.00460299316151384,0.00193848544426965,0.10540389870808,0.156950560250177,0.134605712899697,0.122209577403375,0.119717239164134,0.0397631241445872,0.0661102804092839,0.0979984415427688,0.00295250701870288,0.121210454627573,0.139680211673953,0.19193689064101,0.0902073611481706,0.120083258661451,0.0694106811883399,0.112496286209308,0.0430029101028204,0.0733422328760817,0.0091802908707039,0.084664768221708,0.0444937363311606,0.0301116160984096,0.016256583625544,0.102948573476017,0.132912215507678,0.109225685740206,0.060230867115811,0.122707827713431,0.109870336536492,0.116245123799123,0.085500909854601,0.117291582419789,0.128654679763409,0.00070591019933559,0.133092536155522,0.11261995191773,0.0690255390211591,0.0857699710250368,0.0978142569594808
"Kingella",0.0396173525700977,0.166094291174605,0.0255712628769647,0.0195780174364898,0.0033015630362827,0.139864373625435,0.0149276387779262,0.00836270020378036,0.0587877363512444,0.165541236426411,0.00976826482958316,0.0723062623618087,0.0324215942069586,0.0685447323875413,0.117374588834175,0.0128276778400038,0.0530118375555369,0.00342400980641208,0.0546621607196479,0.00705292943988311,0.0199543743072545,0.00522604504146388,0.0301006428422992,0.121056341587707,0.0340398764175923,0.0695812924017718,0.00974678793292645,0.0808544377091437,0.150145846929969,0.0146906486109953,0.10378865930513,0.112516324941909,0.1186412953121,0.126213287174521,0.139156454767473,0.0239755564337031,0.0745907253882877,0.0243351574116277,0.0174627521756454,0.101943824628785,0.0183789066067716,0.023249576419259,0.0819536287397561,0.0367519393551704,0.0119287972808327,0.0120185039877288,0.0351972810234951,0.0462053589365695,0.0288479496181739,0.037620687365271,0.0155958061223589,0.107017073344896,0.0341562845376792,0.0665708683628386,0.0989101336372316,0.0147123887078469,0.00946337917240135,0.107993321902145,0.0243928821263254,0.0929169824014457,0.0109325952028942,0.00777069489146361,0.120689653612998,0.030099138642962,0.0693990294398472,1,0.01015935331263,0.117441900784493,0.0831236250420827,0.0681250075565626,0.124104373702822,0.12284449642572,0.0434642303397355,0.0573437202960352,0.110693359198546,0.0857773033756416,0.0884429886110084,0.101110754882921,0.00947595490582547,0.101495358791654,0.0142319063556708,0.0879410892309015,0.0901651377035601,0.00553139413234357,0.0383722984059891,0.060578082278776,0.0718043257991541,0.0746355840769713,0.0802968103668773,0.00507743203919125,0.128259797385787,0.0256335555662161,0.0887123433081962,0.0354733103055164,0.143545667571775,0.175627405373312,0.127750338928408,0.070938869563336,0.0776266163471686,0.19207393687854,0.202203724651,0.132582051104082,0.166731200337275,0.0279324394633446,0.142880174265686,0.00875497407936922,0.0171499928203242,0.00945851553271643,0.045557387988878,0.0934140806063239,0.13974087096161,0.0324232349722345,0.0741685609172342,0.00898319622091348,0.0150548360922002,0.104370291342263,0.00627099171370965,0.0375381857835958,0.130982200179454,0.13001235182343,0.117400291336,0.0803576590676594,0.190027979020868,0.148717971579433,0.159774195836987,0.144496142639694,0.00724993529330451,0.0825271915293491,0.152151851003225,0.12889980687582,0.0563278024937482,0.0253867863560126,0.0886702283939807,0.0574942987102366,0.114658507061968,0.104806385699051,0.033598789326141,0.080595602514715,0.026041391670373,0.039259194432948,0.0723938026944578,0.00494203426743406,0.0916979289993459,0.122801542258124,0.069581088762119,0.0354475326532526,0.0375323931218016
"Klebsiella",0.0214924004427137,0.0189855877904462,0.00934092830777414,0.0242148121579318,0.0163095566681706,0.00559067055518781,0.000768217087549999,0.0232681300556939,0.0184790149923952,0.0115136923674227,0.0176070169835365,0.0218692974881078,0.00110757921272801,0.0171165760814276,0.0117991558180781,0.0326030545549209,0.0183478819216189,0.0308092947580607,0.00245686192066741,0.0110215100498841,0.000642433283297096,0.0112031760970241,0.0257859431922249,0.0161866262255105,0.00928331276123043,0.0164231316517797,0.00656344983339628,0.0202832327394006,0.00325730118423382,0.0365891827005405,0.0150720151607004,0.00782016699822986,0.0213325538263937,0.0173988227021968,0.018075360691677,0.0282279836723597,0.0124020644082922,0.0344599066356312,0.0288748984881935,0.0190975699037501,0.0152638479675977,0.0265049474920028,0.018112041267767,0.0200332657762689,0.00276454943458005,0.012362589547029,0.0248764639848515,0.0166481550281359,0.00160034770570233,0.0211396506728221,0.0168899174979746,0.0141265995128843,0.0177768691114323,0.0177564874969137,0.0251365254178818,0.00974528249862664,0.0322657087662881,0.016767465797594,0.0235720513898822,0.0170825210288861,0.00437223806438696,0.000585960272486215,0.00322195937519351,0.0181231119102603,0.0236572123013761,0.01015935331263,1,0.0085591849680822,0.00174109435958659,0.0200021674877935,0.0201388323992782,0.0164761911783449,0.00354239870410845,0.0125937219479608,0.0195496392220694,0.0154009777167061,0.0154728415035151,0.0119267139289016,0.00184408050785201,0.0076858094123268,0.032205427564587,0.024818545770097,0.0122909199358314,0.0174690919944175,0.021619911082893,0.00925548428456324,0.0140034267193909,0.0211548691271723,0.00160512797699384,0.00677254346201503,0.0213918699486571,0.00322278476648938,0.010035202413761,0.00723571469447067,0.0126141345871117,0.00964923287313098,0.0137978783710356,0.0164817809371745,0.0156068450705888,0.00837240282436428,0.0086282263816587,0.0120848832081745,0.00720041705809951,0.0177399336912881,0.0120837139824961,0.00119128342974482,0.00171092872443435,0.001789605662802,0.0150563475624924,0.0230275264753909,0.0164646102497947,0.0274889668347673,0.0193094659762491,0.0143718590640851,0.0271971290749058,0.0171986766253844,0.00060372460764932,0.0166845707723867,0.0187169914606729,0.0212534156023289,0.0133965526372278,0.0154009549256837,0.0115931451208459,0.0167788733984462,0.00377392256405053,0.00859909372140813,0.00251677704847372,0.0168498041320413,0.00542481752499593,0.00341527015172064,0.00180986377855421,0.0228398949354864,0.0175956557830665,0.0184994765191203,0.00491465527000125,0.0140281574114706,0.0298828720971333,0.0155239138402246,0.014821701815491,0.0182272400153062,0.0165598047477686,0.000480703705980944,0.0225591301141314,0.0166033669266841,0.0104470615745467,0.0172612180871952,0.0235283787183909
"Kocuria",0.0369066503717611,0.16140649903985,0.027157067316929,0.0166193402029361,0.00452349701036627,0.0585241930084425,0.00434579794112234,0.00881596352030656,0.0555821008104449,0.121469028329986,0.00953069204847495,0.0535533247650383,0.00779692955363621,0.0502540599259977,0.0788096709134373,0.0123673698443772,0.0441811824673507,0.0043427461415149,0.0200109017247439,0.00827158533984181,0.00707534525495584,0.006601502479668,0.0322146548378737,0.104620850603369,0.0340895117155782,0.0653005776496667,0.014524505921886,0.0863519433926621,0.0559526853550812,0.0153447280948258,0.10299397686375,0.0601415556315776,0.122382457763226,0.116827229481112,0.13633078787893,0.024343183728012,0.0460125470477031,0.0293573050486145,0.0175381360682036,0.0946973597791891,0.0188942598533827,0.0215845873045669,0.104775058295179,0.035415718229458,0.0133506349152146,0.0140607342458412,0.0378085908044862,0.0426748689233623,0.0223311375804678,0.0310163232805375,0.0151739882592593,0.117738896541843,0.0299571548116124,0.0541807359711581,0.121218076299463,0.0112946430832144,0.0104968262294948,0.0902236518493905,0.0203806627738577,0.103662277791895,0.00274432057216014,0.00234756176545124,0.0479587768978915,0.0248741124222551,0.0740041561662214,0.117441900784493,0.0085591849680822,1,0.028388771547737,0.0554976237391952,0.131704384550474,0.110910071948751,0.0490018632962006,0.0463259064208946,0.0938612961263301,0.0563889184272139,0.0616382329230542,0.0826607145792859,0.00410584957972286,0.0575054593902653,0.0122000703898678,0.0937862467699869,0.0467008946714782,0.0071114360694911,0.0336546524420127,0.0459693513999062,0.0663722380652178,0.0962665943037928,0.0349446311819371,0.00917067381739539,0.126972032503761,0.00740150442449357,0.0533939485812962,0.0309760389238301,0.0923646367693788,0.110051957975022,0.14056105655291,0.0584801852566541,0.0593114663333458,0.0898494622248301,0.102876213412064,0.0859733857911776,0.0693363790625493,0.0218651150184626,0.123555656263726,0.00180435460287211,0.00473071824513463,0.00226150752476127,0.0344247973003836,0.11663873149348,0.139105297562135,0.0336463201369926,0.0775226760105593,0.012100574559615,0.0163654809077479,0.0867535439218688,0.00281917675212804,0.031990400754211,0.112568376254249,0.160227583885172,0.0827600034968965,0.101721787658734,0.128225129600565,0.164262624011132,0.0517478187604836,0.099239202001547,0.00874925713175145,0.0754976575841404,0.0576751498255519,0.0374283826471371,0.0243859765687124,0.020781510273542,0.111191098235952,0.0488960385598343,0.0448365461350488,0.121746084348445,0.0398843950450749,0.0754119784829782,0.0218701050695008,0.0354281075710731,0.0887734890721839,0.00125743389108652,0.0827273183953094,0.118565503049417,0.0462340852706983,0.0305789516372681,0.0415552069597056
"Lachnoanaerobaculum",0.0104992611549961,0.0629289212612219,0.00308718066107252,0.00548109782782263,0.000457013746139056,0.02801563122324,0.02960524216514,0.001511817167182,0.0211207167973484,0.0676962707114563,0.0017468440606045,0.0256502314005402,0.0271160503117417,0.0232572277061587,0.0436835438423925,0.00333678725760409,0.013538771076465,0.000648053513166858,0.0392667221011237,0.000942894683602191,0.0627156718329611,0.00109259122587878,0.00547465415947549,0.0598148985238101,0.00493581358640827,0.0295943767698761,0.000899725960691814,0.0275340969194781,0.0777386454803782,0.00441201385442402,0.0437092464945201,0.0362174471158792,0.0458326041220663,0.0574578220590215,0.0604479066551014,0.00760368805309596,0.0198459803331869,0.00898688490422907,0.00464250117599223,0.0446373265832718,0.00231385792941885,0.00580568666358254,0.0287704469744097,0.00972628434450248,0.00168735797137574,0.00135868961520527,0.0126090029088396,0.0137469006539454,0.00516531632622223,0.010689802971972,0.00247087519233651,0.0430689878687305,0.00493712868866317,0.0192982720844336,0.0328193354548891,0.00290777790981064,0.00176173473842899,0.0384331879511858,0.00630145995241263,0.0374669455038846,0.0174854808003735,0.0189716050743214,0.0303525238025817,0.00624881983464774,0.0231742078388601,0.0831236250420827,0.00174109435958659,0.028388771547737,1,0.0283867284426849,0.0410908034156761,0.0449075554349904,0.00398674420251744,0.0163358768391825,0.0519861790622233,0.0301939509271372,0.0289686679565339,0.0433665382596222,0.0166383884833776,0.0307652539328566,0.00305153505635847,0.0333863844622236,0.0316359105335843,0.000780655886817269,0.00929968145275032,0.0123008124561655,0.0226577059911636,0.0239640701410758,0.0132848516715124,0.000553065110944724,0.0488337398606762,0.0119485834740713,0.0278856286611029,0.00487928437095239,0.0695139836965188,0.0954301511318021,0.0439267318417773,0.0217603748174779,0.0251629827925124,0.0776551342425247,0.0918980832815556,0.0408939368029624,0.0739800119995826,0.00533566363746775,0.0562096186164647,0.0175336987768973,0.0203141938727532,0.0374703801261784,0.0135618415477591,0.0295096971033521,0.0536914342495352,0.00948187720508456,0.0287607539631175,0.00105832439754901,0.00294923448570585,0.0335305871204203,0.0111343528783004,0.00755251099794225,0.0529007952343154,0.042445411811388,0.0405265957939777,0.0248978804953171,0.116285433897366,0.0590726657970347,0.0867823355394605,0.0456880941100118,0.00174077535962477,0.0315759895662623,0.0973348890134379,0.0393748594583729,0.0168379376389473,0.00543967345750538,0.0302402519537566,0.0167069022399713,0.0660325682006336,0.0391955944657686,0.0131175153454891,0.031273774086971,0.00567783327586885,0.0128117806074024,0.0221012127507522,0.0188462771609607,0.0400802694948714,0.0560705111007108,0.0174784532242399,0.00921304265692147,0.00953216148430417
"Lachnoclostridium",0.0715549531717111,0.129385547267944,0.0270826313982553,0.0577220892376037,0.0141536748101698,0.057932740727382,0.00571249864900986,0.0338362945205558,0.0745888347867826,0.0671130269949871,0.036167558718782,0.0923845838261597,0.0104765757337846,0.105661763165879,0.0782991656045528,0.0467949121205998,0.0772010739427471,0.0230816226338107,0.0713217830497847,0.0288068638660207,0.00847145190579203,0.0104643649905558,0.0533742372784063,0.10903888866556,0.0369921614080761,0.0773340141756849,0.0112834505606531,0.106598262611688,0.0392034663201872,0.0508463131272938,0.0798531554049035,0.0720528837290983,0.113414454325176,0.103309561784894,0.0899085400017125,0.0702794641587283,0.0773182671717531,0.0635594034010684,0.0485265004905601,0.094494988595269,0.040882509377158,0.0577467557793016,0.0740336853289261,0.0713380118817641,0.0124832799741698,0.0245735389662526,0.0770637110429919,0.0672559832949879,0.024191763804099,0.0565909479713849,0.0403204132795466,0.0807904436853946,0.0586003112875937,0.0746521653390914,0.128876721840821,0.0237062646956463,0.0362724712137515,0.0685208395992808,0.058427054160148,0.0802489983941833,0.00429422815910357,0.00198397483822726,0.0433014040806094,0.0576782328860016,0.106646062913648,0.0681250075565626,0.0200021674877935,0.0554976237391952,0.0283867284426849,1,0.127840417867815,0.109769498891929,0.0376459939970963,0.0680979347396165,0.123180885906746,0.110236512972555,0.0905816638259758,0.0680551059579107,0.00860690945043511,0.0545820690240014,0.0502258459428901,0.156292538293966,0.0862649493841385,0.021874659213488,0.0648985246850137,0.0705962826142964,0.0905080811015656,0.112792968939977,0.0359748216419068,0.00826391850406474,0.128748843591871,0.0109996450987356,0.0678755749768707,0.0380082767100899,0.0790880062950205,0.0623613834874504,0.0871882702047939,0.0630422337329036,0.0689838582836922,0.0602654171215222,0.0598393722019064,0.0718670281559524,0.0601315930320004,0.0612757251586216,0.0633348300077582,0.00261560270906854,0.00610768007266946,0.00422777637303617,0.0736476468854966,0.118623153385497,0.113115274409488,0.0644859377208062,0.116154330998768,0.0231402488945975,0.0435972855910703,0.0822130655064315,0.00311443415333837,0.0600883352255372,0.125457691594569,0.139206339280203,0.096600620620349,0.0768432207675405,0.0809333096490622,0.102917915451762,0.0448700138925886,0.0709730409863168,0.00795834885854452,0.0669984768030507,0.0523255783550943,0.035450912002511,0.0170043538659862,0.0657918599483787,0.0976851918626292,0.0907943271573955,0.0592627709962732,0.0907855656430332,0.0717496191932904,0.0924603180509655,0.0528874946195349,0.072587379694095,0.0953614273215249,0.00205082310134353,0.124917117649863,0.100793557625172,0.0895376134704222,0.0647633311860226,0.0692920260172957
"Lachnospira",0.0962656765693408,0.187006035246498,0.0433783465531766,0.06986567734825,0.014703343905148,0.100444430201437,0.00634520301499333,0.0354505492272289,0.108741588086698,0.116917047084882,0.0402591832166996,0.126390611020922,0.0125910102713115,0.130111260600958,0.10235921260433,0.0526495211951343,0.134183486094991,0.02143565698667,0.0515055240699685,0.0307899610439729,0.00970427265431765,0.0109750263411597,0.074744686091236,0.132544210502613,0.0723114437762534,0.117538827238867,0.016999716321045,0.152160065295025,0.085244151400518,0.0599007805881558,0.143435276708035,0.119818347398969,0.160200976719911,0.131417370600443,0.153853021022819,0.0855035218505055,0.12997328733841,0.0853256489498556,0.0631145133169787,0.113462593416349,0.0578457156883415,0.0805866953298524,0.156250563637479,0.112367388760955,0.0191055478577701,0.0282308159842679,0.111176718923054,0.119958392829459,0.0515542260249783,0.0855227845640462,0.0506421684317135,0.148395751048839,0.0811853401677067,0.131441982118324,0.183691878547573,0.0269001746717028,0.0405271371777366,0.117827476630997,0.0762123364018154,0.130791364992608,0.00464202128192162,0.00250628656721196,0.075640851071093,0.0967585210819963,0.151676498233228,0.124104373702822,0.0201388323992782,0.131704384550474,0.0410908034156761,0.127840417867815,1,0.178838620338111,0.0994745773451946,0.13464678125875,0.11670089658355,0.104801560117725,0.104107060518086,0.113690319116055,0.0101316595439736,0.118950774494492,0.05635456464593,0.139801817463012,0.109661200017687,0.0242151051338622,0.115079453318497,0.107588093960872,0.143374542612943,0.165651593398642,0.0549015156702427,0.0111885071441524,0.155867027707261,0.010714004390248,0.0967167038840802,0.0633257800711253,0.115684724279688,0.124614468543122,0.178377115282122,0.123852041472407,0.117188003388727,0.104703439813101,0.10840310645981,0.144646266257083,0.107394573868178,0.0901547243817507,0.116173290515173,0.00244465242549312,0.00737334281382078,0.00348721224393381,0.101744898824113,0.19975399420166,0.168406433173767,0.105037922023915,0.163642475509952,0.0293518054893638,0.0555431444977851,0.119938710271957,0.00425774379572013,0.101089080133506,0.151041794067877,0.232309374278264,0.123691196262962,0.181375448019899,0.119421702758357,0.15202365422858,0.0836513751093909,0.132677297317874,0.0110016896039078,0.133264491206571,0.0856077763993936,0.0576639349240868,0.030895641756207,0.0783289821047307,0.194881392614182,0.13456389038197,0.0849407431876601,0.186425392950831,0.107785902111621,0.130391149300916,0.0888681960142827,0.106763638696093,0.203390188930457,0.00148887581344487,0.13409637864891,0.120176236996003,0.0893769330857584,0.0952190147351212,0.115135767688102
"Lachnospiraceae_NK3A20_group",0.0785194866696554,0.195688484606863,0.0333928991774564,0.0479938219391385,0.0111802875130264,0.0978260361918603,0.00691856807767608,0.025897123081836,0.0868291610330711,0.117058999938258,0.0288507662389315,0.105253894144718,0.0141197500879731,0.106037836795927,0.101613716379023,0.0391435106396507,0.113173248623562,0.0152839335910843,0.0486553881370642,0.023073310055286,0.0109622494615563,0.0089731763741134,0.0531065792158259,0.120469621915921,0.0543435396568513,0.101592209686802,0.0125832055210242,0.120661269096003,0.0878987713461209,0.0425698570681651,0.13092151519523,0.114182033461062,0.145665574012771,0.128369512589155,0.137069677038415,0.0611183318126708,0.11337820188984,0.0613662716138282,0.0469266535754045,0.111371185065027,0.0430043778992925,0.056829265341399,0.121916377298615,0.0815142976895037,0.0151166538292766,0.0215167382333196,0.0791087611261785,0.082476208354869,0.0365752623240779,0.0611944441675392,0.0366810457726503,0.122552599426745,0.0668289158007293,0.103414169583259,0.149355143855958,0.0209022117179771,0.0287439421216907,0.11269288775832,0.0534948535194462,0.103191260855904,0.00457353446288465,0.00306461821463381,0.0769778903866389,0.0761538889969094,0.120869791205823,0.12284449642572,0.0164761911783449,0.110910071948751,0.0449075554349904,0.109769498891929,0.178838620338111,1,0.0793674741303101,0.106872743453775,0.114076901918915,0.106297862086116,0.10878997702875,0.111846729929998,0.00827686447695521,0.0997787852223453,0.041307035404421,0.126064127357033,0.0991988509052456,0.0168921171963971,0.0803958003400782,0.0810290475548014,0.140390329203829,0.115472515659841,0.0499980583975949,0.00849601644644279,0.144756346178044,0.0118728916554173,0.0975974778740427,0.0484444879684353,0.117640110504277,0.123120267533096,0.148105128956087,0.111147236475003,0.0985644989890094,0.108656124807839,0.11193908332744,0.138632819205464,0.109515967613858,0.0658352004178477,0.114515259172015,0.00282451144611828,0.00743842890496643,0.00371380435867406,0.0772682582981204,0.160757008484407,0.164166497826354,0.0712514897638143,0.134524144325608,0.0217825202037506,0.0393419166577444,0.116870730920572,0.00419523644068152,0.0864480551525681,0.137864412340196,0.190673756208621,0.117230346765203,0.128295703057032,0.120624951380543,0.145775032669648,0.08922245647533,0.130624494550898,0.010189439681557,0.114136069472647,0.0908687516929828,0.0641958706642521,0.0321422252112445,0.0591673444560503,0.131104530986445,0.103508205076968,0.0887207759443156,0.139271516332524,0.0744185217197778,0.106914920010683,0.0628970785028305,0.0729687312280155,0.150049713532752,0.0017262851138971,0.114925365328818,0.108723108780933,0.0871454908184343,0.0698505184135317,0.0867793138574709
"Lactobacillus",0.0299571361389863,0.0937383312206407,0.00781272265690043,0.0142306610120298,0.00414134096633112,0.0207835673189246,0.000986188041572487,0.00665216642177864,0.0307287643133061,0.0407057756723628,0.00639269687821253,0.0333903052571282,0.0011696656248594,0.0327197712233858,0.0274782668415309,0.0163637458314821,0.0389065442064368,0.00552855050072892,0.00402071075852226,0.00685198414492574,0.00161963121446695,0.0027891336964333,0.0146620921770414,0.0479585288400264,0.0130506384264767,0.0357746561495672,0.0041170698815524,0.0595307697306895,0.0145136032445865,0.017427566312634,0.0501872484836649,0.0268362455496344,0.0694726645404227,0.0506142819696262,0.0640313436863508,0.0250305006080858,0.0282366880427827,0.0292313038065097,0.0171064185102222,0.0407485478390414,0.0165346467013628,0.0210137167834075,0.0614095674310964,0.0340001217516578,0.00280829266561127,0.00477743375467204,0.0345659068521307,0.0294731473965581,0.0062147799718328,0.0215626957074106,0.00775852049394465,0.0551454885454814,0.0149224011931782,0.0384777537498742,0.0856786810828156,0.00417633355013897,0.00946720581413633,0.03554519077607,0.0184144089120741,0.0467248979778038,0.000625401722544369,0.00134380430954587,0.0120593640169608,0.0239177573820883,0.0601202286275346,0.0434642303397355,0.00354239870410845,0.0490018632962006,0.00398674420251744,0.0376459939970963,0.0994745773451946,0.0793674741303101,1,0.0327354296881778,0.0424792711570582,0.02912392946701,0.0277848772196634,0.0348141692042782,0.00111228175075876,0.0257100794550485,0.0139572189032083,0.0630468324423855,0.0213451224963493,0.00579405680912086,0.0290510950845773,0.0207807443758742,0.0471023079557521,0.0679077747544634,0.00468113129541397,0.00306213950145492,0.0718762105696187,0.00187950217183058,0.0208920752737836,0.0106739010049489,0.0353338059651965,0.0405872667837352,0.0765990546021413,0.0355147250197557,0.0306060399296019,0.0276993711397342,0.0329630349751106,0.0410543452300171,0.0251447657286014,0.0216215502030241,0.0408827900511895,0.000708281640641207,0.000783982381033961,0.000575376346816344,0.0224179484311517,0.0992094909060398,0.0799792641166808,0.0315543485600414,0.0607327528677964,0.0069091918309871,0.0132467176329842,0.0369902712200823,0.0014697097023494,0.0292050050962681,0.0662869862495376,0.116334571013883,0.0374020609892935,0.0708805582422272,0.0462427100711643,0.073779762918205,0.0143472629623546,0.0441550279041685,0.0104739594771738,0.0369064507196355,0.0172200214894144,0.00658357355110076,0.00679529326621,0.0188199985193727,0.0860515096822488,0.0384845214218596,0.0137373507110704,0.0812720292556418,0.0349616723999853,0.0453441856492217,0.0193910072312651,0.0261936409701508,0.0837809418677389,0.000787896497053909,0.0504858785769654,0.0473373690097649,0.0170413525316867,0.0231860566257388,0.0377414206680851
"Lactococcus",0.0488803024502562,0.140093767469865,0.0174676964340531,0.0617146647089487,0.0154705394736439,0.0299828404780489,0.00248667986287169,0.0380147314881503,0.0696347909861665,0.0488675954366214,0.0398458994153779,0.0587061880674182,0.00509088356332877,0.0609514144384523,0.0467916936058623,0.0416325692798171,0.062433153131309,0.0251220698802731,0.0184263801806855,0.0309380118179778,0.00477404235443625,0.00678221851010979,0.0406007146758169,0.0713417354742697,0.035062558731694,0.0916522830833625,0.00912966463653352,0.0934943661346382,0.0272703872823291,0.0501921221392088,0.084417213511497,0.054597254388416,0.104673204376069,0.0780489858937405,0.107627040266027,0.0553018177655541,0.05832408652293,0.0764500280510212,0.047822387143022,0.0760413148143228,0.0375330525390495,0.0480375908712884,0.0976379831857358,0.0628465305894298,0.00999983877198662,0.0188225850492582,0.0729972898863275,0.0814489832290927,0.0242834258835429,0.0549403643018398,0.0427763741276984,0.107513522428954,0.0404365216564642,0.0636126736184153,0.124186492695977,0.0152604945978415,0.0334361701103054,0.054155183712275,0.0464761974007556,0.0962968563993226,0.0020656533770117,0.00104139025320879,0.0248687697724464,0.0540931202211645,0.0868096989127696,0.0573437202960352,0.0125937219479608,0.0463259064208946,0.0163358768391825,0.0680979347396165,0.13464678125875,0.106872743453775,0.0327354296881778,1,0.0752078065259235,0.0455061219909019,0.0503047828785679,0.059866394771335,0.00639610001019976,0.0674457616815102,0.0451849188481228,0.106782863422556,0.0371180392306728,0.0248618893785532,0.0557988364823267,0.035870577123598,0.0904129546972739,0.0918460594511317,0.0187681464550584,0.0077238893549733,0.101611129398769,0.0043168391679831,0.040838458537084,0.0248180021508973,0.047071254173308,0.0541379260725299,0.122762313321877,0.0756228313796122,0.0539329034997968,0.0363011740754061,0.0434410933092082,0.069409495038037,0.0353781327600544,0.0602301276984675,0.0489220138538326,0.00104604112005918,0.00276258278538968,0.00137175756375142,0.0523409084805721,0.155133268853881,0.115063362195025,0.0595492569370901,0.108882356673967,0.0187593349437048,0.0381439490896153,0.0446583845254894,0.00202545130140944,0.0465831610195234,0.0853448809559695,0.156245481269922,0.0476675340802169,0.08196532471309,0.0609065677636175,0.12924958610573,0.0266362610604805,0.048809037806076,0.00531911132944594,0.0743191362242603,0.028328622232159,0.020131527266413,0.0107206893982406,0.0460110724623721,0.123440949891911,0.0717979276473081,0.0324649004964679,0.105784723638207,0.100361296065243,0.0703451805513395,0.0658670921391756,0.0548749418496793,0.113277080928194,0.00069250443034559,0.0832450490548863,0.081263843163273,0.0425591774926203,0.0540033665139775,0.0563513074328431
"Lacunisphaera",0.0776038783549283,0.149997727677528,0.0383695774997976,0.0475124984445061,0.00973950484749053,0.106088108085019,0.00913380228367714,0.0250172662956856,0.0974761953079219,0.118106691853559,0.0261172781077143,0.114815114362315,0.0195969310476781,0.110429384964746,0.127163819359432,0.0346305954746489,0.0837006106074829,0.0139322540613232,0.065015948645838,0.0196294883642772,0.0142155626101609,0.010344643403374,0.0597133706100637,0.140466071819252,0.0454125664629941,0.110034365463078,0.0144699805006945,0.105148044894177,0.0851394057229342,0.0383405044766392,0.121377715230763,0.103363335007261,0.129291816501443,0.136231125392313,0.119808155110132,0.053953190366668,0.105593945302411,0.0541970469628367,0.0430002823882452,0.13953581209225,0.0373174999967548,0.0525450579409083,0.0913662421069124,0.0641490775705363,0.0162460012773129,0.0257479754256703,0.0697316520145872,0.0783776551266254,0.0292669776795904,0.0649723031242304,0.0355892155428695,0.112770710088085,0.0643578776847162,0.094087969664772,0.123127134681554,0.0225785489038308,0.0266355518637601,0.121508876913227,0.0538187015941299,0.115021636848074,0.00600806783428556,0.00377561135463865,0.0716814577649999,0.0537485156588924,0.0934560219738803,0.110693359198546,0.0195496392220694,0.0938612961263301,0.0519861790622233,0.123180885906746,0.11670089658355,0.114076901918915,0.0424792711570582,0.0752078065259235,1,0.139139635306061,0.123651579880733,0.125627880358637,0.00922296094187788,0.095590807454293,0.0359276415676336,0.144615487099507,0.113215791161397,0.01519769545378,0.0682578890371956,0.0810365425877264,0.108257478907999,0.102943741622942,0.0608670656799836,0.00969829466568391,0.146271991606482,0.0166003449766294,0.137549891410476,0.055855507456966,0.126418873870656,0.109260259192167,0.103237256449198,0.0935143914888279,0.102864143007533,0.107300829588459,0.102268640896974,0.105563742711567,0.101304849934195,0.0492560502998665,0.112372426673466,0.00429807953971837,0.00937516220107482,0.00542628993579286,0.0872799958092443,0.0989553488388412,0.13609153254887,0.0612420888210434,0.105730038050069,0.0217737135615603,0.0359723570798159,0.117499551957327,0.00443136833263224,0.062110145247454,0.144809300843406,0.135351823882815,0.128277958178556,0.0945667540778616,0.113187080734219,0.140059481843753,0.0883069714402064,0.107981177131696,0.00972664006859336,0.103292438455935,0.106491283388711,0.0725949031707119,0.0311956551494924,0.0566080555870122,0.0921013981537612,0.0901333580432854,0.115575446310137,0.100475371650282,0.0615286278286035,0.121242076797673,0.0489494327619679,0.0773997941584019,0.0823137592145896,0.00253085322209165,0.12847514224434,0.134069794425883,0.116856692954487,0.071719488527464,0.0653979702740452
"Laribacter",0.0761200426487271,0.135242732140979,0.0221642738733665,0.0300440938590491,0.00840276881734885,0.0662352463261404,0.00531831526699294,0.0194359276988897,0.071227339109703,0.0857019041587798,0.0187792117061472,0.0744152138724729,0.00875356538163949,0.0636601686604892,0.0913614963959857,0.0310854933790427,0.0489463920650096,0.0136784505771586,0.0475235429751081,0.0166798115085466,0.00932749475116627,0.00950867416758812,0.0335139883008913,0.113538587159268,0.0273593378810259,0.0710832148397647,0.00956998410535503,0.0903753196659231,0.0413100338731899,0.0260529600844772,0.0975384778399662,0.0542283326859784,0.108986907657242,0.106191627597986,0.099009225591812,0.040912561069216,0.063195503964436,0.0423433561297504,0.0279750498055744,0.114891663124424,0.0306321475143295,0.0397022159879899,0.068270670851465,0.0462864189880386,0.0111826606077115,0.0193650021710867,0.0529576437165144,0.0427080508129819,0.0174417651094735,0.0444475197318094,0.0240353750963579,0.0818380212282431,0.0410276709769934,0.0615942076034422,0.0989490137099689,0.0206190342118951,0.019592771467244,0.0791147908794226,0.0367640948650162,0.0889212444258364,0.00296295321231176,0.00243709419939326,0.0476310337091478,0.0379312932631746,0.0885586118972008,0.0857773033756416,0.0154009777167061,0.0563889184272139,0.0301939509271372,0.110236512972555,0.104801560117725,0.106297862086116,0.02912392946701,0.0455061219909019,0.139139635306061,1,0.112502030286609,0.073606544510083,0.00489395472228327,0.0513430854092055,0.0303310302314196,0.124416321712202,0.0743627978679779,0.0128922978507662,0.0474762682603652,0.0571702599256581,0.0792972584038357,0.0833921773699349,0.0391977493490122,0.00707447022156817,0.119994683622379,0.011957342415226,0.0682569621494767,0.0297538566166996,0.107997091369299,0.0769713232406996,0.0913953682402082,0.0610079735667748,0.0603881991925644,0.0637158849536827,0.0735464079258611,0.0708877172983457,0.0642877361942723,0.0431564807498808,0.0815556319103096,0.00217971352489848,0.00431364384984505,0.00293813706272863,0.0550232480987845,0.0864778108347554,0.104004166929915,0.0473928120025788,0.0816246315787572,0.017218931619553,0.026968743374269,0.0877750428591818,0.0031905305100561,0.0561983991716654,0.129471286206586,0.106035265675933,0.0994245984163681,0.06010862206269,0.10389728536355,0.112843706719158,0.0464305958215204,0.081370445052029,0.00833655051493977,0.0676335522767326,0.0564852068888624,0.03620436013583,0.0195548940891415,0.0445494740063873,0.0759291564882102,0.0696714613089413,0.0634703215374514,0.0797460874226895,0.0473916331782713,0.083381828050151,0.035038490886542,0.0490030183723016,0.0649785083741927,0.00147829889240205,0.119977649099767,0.115397519364607,0.0803833135285489,0.0410320001179104,0.0432056430086748
"Lawsonella",0.0575696745325686,0.137655975819181,0.0237106019645953,0.0280154903344305,0.00852112136077865,0.0585837529629635,0.00461086910098441,0.0196381039721119,0.0616748645370672,0.0945714851081629,0.0173236231760953,0.0661929617990152,0.0081613104493301,0.0581405323322515,0.0980545525448614,0.0276685848759541,0.0466302568391471,0.0128622218237112,0.0354490262221537,0.0164271637525101,0.00734441127169573,0.0087491241716843,0.0348626473036379,0.112534387459184,0.0340547008396239,0.0705879013105652,0.0117989558444688,0.0828598845072308,0.0416193652067613,0.0267124722518397,0.102167118074986,0.0527960126860483,0.0981091059123418,0.10769970311305,0.103168135365779,0.0331644752081774,0.0709326868875171,0.0410788674479465,0.0300757158745078,0.124218448575744,0.0306930349472486,0.0348272771722668,0.0779215269151231,0.0378123851740818,0.0112420153994295,0.020952341802924,0.0448240881648273,0.0403402988294198,0.01827041923461,0.0420194158932424,0.024166313856279,0.0846679211364009,0.0384090964391929,0.0643927035988365,0.085376142296757,0.0177094000956397,0.0191141613353906,0.0792048811224613,0.0288356330864128,0.0809977308036472,0.00271158395547776,0.00215000143369084,0.0450732039376084,0.0343355737348935,0.0739446655121039,0.0884429886110084,0.0154728415035151,0.0616382329230542,0.0289686679565339,0.0905816638259758,0.104107060518086,0.10878997702875,0.0277848772196634,0.0503047828785679,0.123651579880733,0.112502030286609,1,0.0743748689353881,0.00521095132099778,0.0565727514318061,0.0261647164881686,0.103455145580326,0.0686820419088308,0.0132449904287602,0.0420245779596501,0.0467373098044448,0.078982455979433,0.0711211701084898,0.037122161492693,0.0081793097082474,0.103421762820532,0.0109343162298235,0.0610427719045369,0.0281208508649954,0.0967166512993866,0.0797923748692741,0.096012898477336,0.0811962643681191,0.0753433501016738,0.0677316815869725,0.0767600115046509,0.0809949486169833,0.0600370845785018,0.0390788632177686,0.0844884640190407,0.00188150637593385,0.00401057324865369,0.00251062911388232,0.0498541346627714,0.0865172931249865,0.10492558357221,0.0408394498611539,0.0786417323034242,0.014879196423022,0.0271976937700473,0.0847842881093403,0.00301719878805618,0.0440883012758411,0.110821645130851,0.103754025668773,0.0847495237701755,0.0647659647843415,0.105414406630719,0.115190838185026,0.046070413101636,0.0811816860346143,0.00718132860312276,0.0715858914285955,0.056548700120809,0.035949187215452,0.0210665613319234,0.0353505233986582,0.0731407085722514,0.0630837061920575,0.054941489718864,0.0808049679404437,0.0458457671010652,0.0790086051169902,0.032076822490279,0.0388826272454971,0.0657223235669438,0.00119271336331535,0.103358842182602,0.103855775133239,0.0741859384376164,0.0422860165950646,0.0427664614143941
"Legionella",0.0451385740980382,0.14943571351941,0.0480107145335753,0.0275177724061448,0.00685016658984346,0.078174704531959,0.00626211877506556,0.0161823661362594,0.0674758534790339,0.0924506833566124,0.0178186563845186,0.0779128575075429,0.0134161341699465,0.0722981257065804,0.0941028951048456,0.0179188887479208,0.0528609141658071,0.00661969754355953,0.0315548088338243,0.0132455005656599,0.0104262349283214,0.00658626468447868,0.0390488869678897,0.116107244689108,0.0548875598274013,0.0729743298546282,0.0225464585964908,0.083519274511734,0.058163767289668,0.0203651430744422,0.109360539485278,0.0854717990433898,0.130902405139203,0.130170468049009,0.140825239446383,0.0329123539037134,0.0687298784524285,0.0343873887673934,0.0274068242429295,0.112813292231478,0.0215540606767084,0.0315066067590484,0.0887287523049321,0.0440215232842878,0.0171903762632098,0.02668767054347,0.0433257864163871,0.0490289714444566,0.023161361137506,0.0417621203506408,0.0232357780793224,0.104116365581022,0.0447376848855403,0.0606729407335726,0.113331355559525,0.0143612067990567,0.0137616661474337,0.111377867199778,0.0297813078662392,0.0956523089506526,0.0036023203974341,0.002598291414879,0.0525813289237032,0.0369913598928815,0.0807070414266206,0.101110754882921,0.0119267139289016,0.0826607145792859,0.0433665382596222,0.0680551059579107,0.113690319116055,0.111846729929998,0.0348141692042782,0.059866394771335,0.125627880358637,0.073606544510083,0.0743748689353881,1,0.00555117452245259,0.0698193739357544,0.0183763830526163,0.105484420330992,0.0746114012294691,0.0112995647386705,0.0387042819777304,0.0658648986516995,0.0756381519479621,0.0830782914972119,0.0416985856751533,0.0135033816421063,0.138502968328636,0.0114482267532686,0.138536449489525,0.0622476471408588,0.0892912997061756,0.0947959869434684,0.113058353974539,0.0678888101371154,0.0739861108775255,0.0762001235696372,0.0827476994218114,0.0812331077025412,0.0830563012811804,0.0279671056735982,0.120081225104466,0.0026019055914004,0.00620631285579758,0.00355226009689918,0.0537950124521156,0.0940466442669597,0.125472508337462,0.0382185352218338,0.080460004454834,0.0174890516726449,0.0233818429871535,0.0805393470179106,0.00298343967594217,0.0419737222310725,0.125166555487434,0.125219193739686,0.0763626911713689,0.0686559191961269,0.112485606182916,0.141972008487622,0.0633985941309173,0.0899940738974853,0.00727413374446945,0.100463411244264,0.0728206033849349,0.0487960888000785,0.0214505761391382,0.0314982310661981,0.0857967768546566,0.0522071646702784,0.0784877826672003,0.0971199089335085,0.0448456932101991,0.0929529525521119,0.0293300303861427,0.0468448590230149,0.0696886742017673,0.00161159647436684,0.119860225628375,0.132003021002287,0.0714377986298937,0.0373587788539746,0.0457151550691118
"Leptotrichia",0.00669819673069101,0.0107005583199495,0.00129855430317572,0.0089002997688979,0.00298289102865208,0.00414396471529278,0.011943818667415,0.0063823413794769,0.00847788812558957,0.00737219855339087,0.00621564684593569,0.0070496308467765,0.0201588149903047,0.00700799987896825,0.00536872056307334,0.0113339338579108,0.00928716816316965,0.00431583638991848,0.0102435142145837,0.00407973235085915,0.00786092865377537,0.00104807258181551,0.00847208321700158,0.00857258861113048,0.00239552427891881,0.00951915712445769,0.000795671787595352,0.00918705312050867,0.0192872152977177,0.0148617698140113,0.00721865478664742,0.00646565060591957,0.00995480635174905,0.00840610107853786,0.00936427723715823,0.0138053708549354,0.00550152691454752,0.015755791735359,0.0137463660179712,0.00856497244635111,0.00440322546730527,0.00840007897708503,0.00929586737303571,0.00782436791736921,0.000542064916549794,0.00161131681071651,0.0146773966006917,0.00814813687485542,0.0014542204148648,0.0083247007999482,0.00534882575832052,0.00798315333468057,0.00285679164003432,0.00895963922765687,0.0128128689700347,0.00277719718198024,0.00789490605460368,0.00593695499803944,0.0090882712108309,0.00838318358355655,0.0596261122053627,0.00600006133810714,0.00459772214914517,0.00739539532186057,0.00944565957739279,0.00947595490582547,0.00184408050785201,0.00410584957972286,0.0166383884833776,0.00860690945043511,0.0101316595439736,0.00827686447695521,0.00111228175075876,0.00639610001019976,0.00922296094187788,0.00489395472228327,0.00521095132099778,0.00555117452245259,1,0.00672269169595576,0.00868735577750594,0.0123413644398714,0.00995275653423529,0.00230940713583927,0.00709075248031065,0.00284766627629459,0.00723432424611005,0.0105698162694046,0.00213673571199224,0.000565164880616588,0.0110489768853958,0.00869570307402212,0.00405995994647343,0.00170006326976042,0.00752856230257212,0.0119375802601144,0.00775384096919665,0.00767132008075784,0.00719234291424013,0.00834369560417114,0.00910245533778026,0.00553389789536564,0.00733955629784203,0.00655186118786547,0.00539257652774453,0.0174005280960475,0.0557254019837079,0.0373360906629093,0.007916129964163,0.0119423716296529,0.010000352581019,0.0085597966361259,0.00989383855156819,0.00161226851800843,0.00653026549819383,0.0050680959316344,0.00440547489338188,0.00583199179017495,0.00905850283444946,0.0121597103341672,0.00521624591982407,0.00772544531390311,0.0124090429301124,0.0100160434350335,0.0159330374797262,0.004407336967898,0.000441648529104532,0.00680504437465805,0.0168964055127019,0.0134695936834502,0.00287751850391857,0.00666733259066248,0.00946158795311931,0.00704114021233863,0.0116346714954129,0.00985061622399076,0.0139239771023824,0.00838496444857736,0.00684763278240779,0.00824883422565114,0.00934464960919389,0.0161447074523355,0.0101630750794186,0.00912771833797503,0.00341727696496523,0.0123219221666313,0.0112233800401775
"Ligilactobacillus",0.0398118836456054,0.147955318206258,0.0121178053578383,0.0277494126039397,0.0048636207413099,0.0453094939234063,0.00505877997690593,0.0129034843158838,0.0729453359725404,0.078020920950161,0.0153693652712819,0.058905407262862,0.00936956581049213,0.053040734927798,0.0665885352629334,0.0196408951134775,0.0468784782974434,0.00868394108061419,0.0198908712084056,0.0110238542595717,0.00855253603503228,0.00457966114823304,0.0318482705358906,0.090921576825558,0.0218764086061688,0.10470178724949,0.00452119560958849,0.0918627451054276,0.050996440769075,0.0265838117524906,0.108371184551188,0.0602492326319217,0.113714395666229,0.0926587492838803,0.135456777464238,0.033350483413098,0.049927544459018,0.0489344899022033,0.0249375604310414,0.0997057260610651,0.0253494061143919,0.0268689490321488,0.100050511758376,0.0382675806871157,0.00707224049624829,0.00872770190142007,0.0543190984921352,0.0663565826130437,0.0200259238712564,0.0457077504715843,0.0188994237472146,0.125034601997762,0.0260886978746316,0.0665854158581509,0.118477445172201,0.0124768415094713,0.0152795956619095,0.071328717039455,0.0287654795236498,0.123724200479926,0.00390331350801383,0.0027629554621006,0.0390937007936497,0.0306537474712757,0.0724436171066635,0.101495358791654,0.0076858094123268,0.0575054593902653,0.0307652539328566,0.0545820690240014,0.118950774494492,0.0997787852223453,0.0257100794550485,0.0674457616815102,0.095590807454293,0.0513430854092055,0.0565727514318061,0.0698193739357544,0.00672269169595576,1,0.0213178217542894,0.10453328423768,0.0420097340981763,0.00934597006322835,0.0430923566288774,0.0300875010191142,0.070063388849819,0.0879816329349973,0.0298264007974892,0.00350660217692133,0.1192774027104,0.00796731095684782,0.0440728257997286,0.018647942926084,0.0751339776255995,0.0906985697570888,0.123710797073596,0.0785404298395957,0.062467778297365,0.0650487256447943,0.0826585972062837,0.0730132274611222,0.0602162605932979,0.0346803433009317,0.0722796755540776,0.00264220944360915,0.00512774025362704,0.00320156364311514,0.048301837903702,0.12572088781564,0.123611999683021,0.0435016117288296,0.0803918275833725,0.0091559852445861,0.0209476817198087,0.0547739703142584,0.00348661626293692,0.0293345229580338,0.104184990337314,0.152591380252846,0.0597182331357298,0.0805081475718766,0.106539040096268,0.166232653172,0.0465787674014921,0.061034272289164,0.00420664341804253,0.0799462054571278,0.0526938899833425,0.0396846494247824,0.0201036000242589,0.0245396808342606,0.117084202010924,0.0577405847318776,0.0503833549449257,0.123985975213978,0.06282447871929,0.0831169066287255,0.0399952214753216,0.0495985652079077,0.0853549084000089,0.00193851831581191,0.0859852190390213,0.11021278882998,0.0389976295867002,0.0492269068325376,0.0412457388515977
"Macellibacteroides",0.0612067065445053,0.0465808435395289,0.0135908042959501,0.0843553619403264,0.0381758224745221,0.00829197286072805,0.000671642665077708,0.0696557564138168,0.0565038936838749,0.0130983095698731,0.0682344371964823,0.0353022498979503,0.000919556686867031,0.0371951600384555,0.0204203205141687,0.112070973859101,0.0653075760235075,0.0890403852712508,0.00775058271121138,0.061361298910703,0.00152276275273729,0.0139842779460307,0.038266879795624,0.0279322085860353,0.0166420675710521,0.045544252348642,0.0113089873114943,0.059718377059201,0.00456322505958675,0.126670589246258,0.0334803342269589,0.014927428399038,0.0508373323497739,0.0260853801371317,0.0390453709984869,0.106839772740815,0.0304477385843717,0.135876686379564,0.0781032723104839,0.030488955988011,0.0584421327841832,0.069699709787872,0.0464062836925835,0.0591192729861614,0.00844244872008347,0.0214671106977349,0.0972694892005996,0.0546926926184529,0.0131613768007917,0.0649071319842408,0.0480492064912473,0.0386048597890225,0.0333527014702925,0.045726402817689,0.0784059002988152,0.0186572267929094,0.0795228786749513,0.0220642633663306,0.101191246355883,0.0438431603350986,0.0014693837167759,0.000296177835695027,0.00534745213645676,0.059096890391676,0.0726337706581657,0.0142319063556708,0.032205427564587,0.0122000703898678,0.00305153505635847,0.0502258459428901,0.05635456464593,0.041307035404421,0.0139572189032083,0.0451849188481228,0.0359276415676336,0.0303310302314196,0.0261647164881686,0.0183763830526163,0.00868735577750594,0.0213178217542894,1,0.0719427882489029,0.0142785270651423,0.0668230690139884,0.0572807049242775,0.0205459802200554,0.0456299949839074,0.0583151420961565,0.00550700569097115,0.0116429441418297,0.0553518408919799,0.00175133691267384,0.013852400596957,0.0146502682738637,0.0171703216158523,0.013100771780513,0.0367469818167816,0.0396304899150396,0.0322812163267398,0.00897373111505388,0.0104651562327559,0.0236519627008559,0.0102265278693238,0.100767652455264,0.0138317430605612,0.000409783549628822,0.000924774890529778,0.000637473803943791,0.0493537578652114,0.0792341933228059,0.0401785539274748,0.073635268093065,0.0611530483422371,0.0284895443008961,0.071815420618181,0.0198093666741271,0.00121934987529995,0.051359408818328,0.0381195202614739,0.0660066167913423,0.0208147818082777,0.0385572549719271,0.0154868260509976,0.0406767501018167,0.00442519359409426,0.0133888391309411,0.00501364635370616,0.0320922981560947,0.00615456331933905,0.00356310629114628,0.00277102214224491,0.0847452787946701,0.0590061384919212,0.0638671155800268,0.00725069845841756,0.0447266357119955,0.109061009006261,0.044846788987927,0.0639747254743883,0.0634760826690867,0.0638835359826488,0.000199993701814633,0.051839846321844,0.0354592014767209,0.0155315798486582,0.052239570341969,0.0687797100953383
"Megamonas",0.11248839197885,0.145037976708153,0.0410676672729924,0.0877732913941192,0.0192585276050934,0.0887377960408969,0.00584565211508085,0.0476144180691732,0.121487619678492,0.0865447874534927,0.0541940864216531,0.126448362142953,0.0119256976909916,0.146358068312597,0.104488082529183,0.0673488231378126,0.13332826173266,0.0319704056223253,0.0616400512424072,0.0400592275589625,0.0105016121846127,0.0151040592938618,0.103081229478895,0.127532983366618,0.0542701350588597,0.144570948654894,0.0145729071890716,0.167013167286493,0.0631793668338273,0.0768220887188604,0.11463728517798,0.11576327364508,0.140918927378831,0.121918975955982,0.111959722901223,0.105952162259549,0.110114969706893,0.10451875763779,0.0777994383718494,0.124175418851451,0.069317825160392,0.093748863990613,0.128334986165402,0.112393835208408,0.0167360957832815,0.0297700500303797,0.128958957437935,0.132308558931217,0.0367462230449537,0.100581833278346,0.0592461398106721,0.125174972827287,0.0895239708130919,0.109083632071787,0.179409625377444,0.0335214039883774,0.0545126703133557,0.112179664072786,0.0991126523800765,0.13042659159437,0.00472440580935563,0.00200799544295088,0.0578280137564499,0.101260248299157,0.155554730202322,0.0879410892309015,0.024818545770097,0.0937862467699869,0.0333863844622236,0.156292538293966,0.139801817463012,0.126064127357033,0.0630468324423855,0.106782863422556,0.144615487099507,0.124416321712202,0.103455145580326,0.105484420330992,0.0123413644398714,0.10453328423768,0.0719427882489029,1,0.109391469457519,0.0327430911108566,0.112698890461657,0.107734428025855,0.141404005298859,0.177198164587854,0.048556291345158,0.0116887495708985,0.167909638455376,0.0120074540486353,0.105522644034291,0.0619387457052861,0.106983252731456,0.0877898074844288,0.118151368054359,0.0920618300490113,0.113261930205296,0.0731123735837848,0.0738689289654473,0.095583649311703,0.0805662416695269,0.0906715425668128,0.0890247820700498,0.00231667369793054,0.00697840234423365,0.00323213645097022,0.127784428463568,0.145529400607241,0.143092361270646,0.111858572685477,0.148711409130023,0.0353420451898374,0.0738731504371689,0.116216125361415,0.00390769409664733,0.101410220830419,0.147798177786485,0.18752335974704,0.129055709526346,0.142533287513255,0.0888394221409943,0.129298027533333,0.0586829983398765,0.0874468687121882,0.0109407829517742,0.0998017590623713,0.0696131356002945,0.0461372005954613,0.0222562858896931,0.0960211680317501,0.14850343193418,0.142377444067451,0.0889654998536916,0.143358629910925,0.112153447665117,0.159678076506248,0.0956413837584226,0.142095424980741,0.139285118226102,0.00141224125057319,0.142798763468287,0.13591236621961,0.115263278091464,0.127346782977117,0.117883257623268
"Megasphaera",0.0393409444725148,0.128241452969583,0.0139441141061214,0.0198446705387439,0.00456984583938675,0.0455650483038669,0.00992186108140372,0.0111459243714422,0.0544150887801287,0.0800323058429163,0.0109675720309841,0.0942986987229487,0.0141978440117026,0.059771034225244,0.0640583612832503,0.0163845216675112,0.0495639756033908,0.00604511895065495,0.0483974544564757,0.00886443451260326,0.00846837773580887,0.00456588554267909,0.025618315516412,0.108669945628658,0.0197959212909899,0.0656462023506595,0.00528262863697797,0.0850692423429808,0.0462077250894895,0.0205630629966042,0.084297852355943,0.052266253764122,0.102430671638603,0.101062489554513,0.0974020304741589,0.0330040737313571,0.0502737868197059,0.0385976066352597,0.0231499716290736,0.111280027340537,0.0183674118390569,0.0264097906335654,0.0664471753634067,0.0402262285356939,0.00645691594171437,0.0109818768164717,0.0498293287527067,0.043278344381575,0.011814335713206,0.0334863934610476,0.0150541428331466,0.0773163362876845,0.0344664328331531,0.0747043408423384,0.100636949383528,0.0142967470320041,0.0115665401708948,0.0796069068890268,0.0218586450543046,0.0792490083611399,0.00600582147514272,0.00308564807751649,0.0354221518883346,0.0247952118105173,0.0831448055229148,0.0901651377035601,0.0122909199358314,0.0467008946714782,0.0316359105335843,0.0862649493841385,0.109661200017687,0.0991988509052456,0.0213451224963493,0.0371180392306728,0.113215791161397,0.0743627978679779,0.0686820419088308,0.0746114012294691,0.00995275653423529,0.0420097340981763,0.0142785270651423,0.109391469457519,1,0.00696871894184603,0.0357480893103691,0.0302451904667932,0.0620433467097367,0.0809988577159453,0.0244373005299853,0.00400195824624172,0.124119194793988,0.0104749670438857,0.055975626123518,0.0189347835945839,0.0924453743898162,0.0948671930354598,0.0867742097090449,0.0599621084540278,0.058487730477522,0.0638131969806904,0.0796396239178779,0.0674178052896905,0.0609110794977948,0.0203626978615648,0.0761832137563364,0.00367451082287193,0.00893737431293201,0.00730974930081616,0.0406339480974451,0.0903691257104719,0.100313717627316,0.0409328217442722,0.0811603468774461,0.010185039719165,0.0174283566629331,0.0763083925065355,0.00483070225614203,0.0283819887817224,0.130633143739624,0.111373428486413,0.069726183023531,0.0640465988321982,0.110533634348529,0.105764811157335,0.0489047116527491,0.0652124316723444,0.00495549426840063,0.0697707897474871,0.063864740663849,0.0347673491612868,0.015693750552745,0.0215578565495837,0.077207802768076,0.0520669447927812,0.0599647048871428,0.084442912066935,0.0462268094354877,0.0767373092539281,0.0218243090479458,0.0363908256773752,0.0678264873326033,0.0036267358093256,0.128321326120678,0.105069442745746,0.0429098276396111,0.0317542448383908,0.0415757900772669
"Methanobrevibacter",0.0336446385917037,0.018777680488973,0.0235566456731573,0.0598815503744949,0.0369793470702528,0.00376914924009395,0.000290390056919242,0.051587545550763,0.0296262163580484,0.00556082039189063,0.0375689256073604,0.0194174201686726,0.000243663026739386,0.0179161797958975,0.0100234857189552,0.0588255079162523,0.0323237690784371,0.0567979864378695,0.00156006861971598,0.0368800187468994,0.000497251893458753,0.0113629308713578,0.0289461464938018,0.0111451702481572,0.0249330693829906,0.0223744313406137,0.0238658114320301,0.0281289787945188,0.00146344435995544,0.0754992629627148,0.0150261844668107,0.0062414473184041,0.0246836576604499,0.0111251524866966,0.0186990319634929,0.0593015694909106,0.0156970057515924,0.0813092255977341,0.0595802298895356,0.0151928914028322,0.0262230308149708,0.0457541717033557,0.0255432893179953,0.0351210720941968,0.00945642061937912,0.0229594616292975,0.0503538251418917,0.0319151341584197,0.00519595618267532,0.0369032809616892,0.0232869449828565,0.016768029888722,0.0204141514562011,0.0230031629774416,0.0385331685551013,0.00747905741857576,0.0398142950873079,0.0127434616397813,0.0472766280375118,0.0206790915201657,0.000455878893922138,0.00020179453680391,0.00136053321941364,0.0417988711755023,0.035700892779021,0.00553139413234357,0.0174690919944175,0.0071114360694911,0.000780655886817269,0.021874659213488,0.0242151051338622,0.0168921171963971,0.00579405680912086,0.0248618893785532,0.01519769545378,0.0128922978507662,0.0132449904287602,0.0112995647386705,0.00230940713583927,0.00934597006322835,0.0668230690139884,0.0327430911108566,0.00696871894184603,1,0.0293079940209422,0.0189686582225592,0.0215408325647877,0.0294889126799385,0.00170450460315113,0.0242033318423837,0.0255082216553144,0.000707509743832327,0.00934804216473075,0.0168396923095086,0.00728217684783986,0.00513864235142814,0.016737076468105,0.0217571875847514,0.0191893885131312,0.00330211838525119,0.00396569455247362,0.0102437277461544,0.00415335845370381,0.0410457711593842,0.00792166660398352,0.000192187759505254,0.000259758225988232,0.000344150339499092,0.0305435740514083,0.0359002238836539,0.0155544944369406,0.0504807727107912,0.0246096483941459,0.0168179105442655,0.0766617304588591,0.010942562998066,0.000531931037082842,0.0320202244218243,0.0161136596004201,0.028505527693595,0.00961153524422927,0.0182707859592104,0.0061138162946222,0.0175435183501142,0.00157990853269421,0.00607823101488545,0.00681996328380294,0.0173288154635814,0.00223803798042911,0.000770796779083747,0.000889025504593531,0.0418692909130662,0.0256815642767446,0.0286196091400286,0.00300667723401655,0.0193412170243575,0.0613057809351943,0.0210904275454786,0.03606654468843,0.0350074906619077,0.0277099243238856,0.000150090154360151,0.0245561695205497,0.0163121258086697,0.0114743506366682,0.0317025194851187,0.0455653973237706
"Methanosaeta",0.0737894097599252,0.101491542815994,0.0166540281469868,0.0504894825575269,0.0198392827648602,0.0241703443014763,0.0017600680678508,0.0433503221809484,0.0666073497539205,0.038061308086508,0.0434939134833776,0.0575259306645766,0.00288592719153845,0.0509765895443855,0.0344642571869427,0.0603383742313723,0.0647926381833488,0.0376663542156221,0.0167752088621549,0.0346539702071984,0.0027597354880372,0.0111835971714587,0.0422843173402907,0.0635774983224543,0.0246535344365897,0.078723945435404,0.00888481796375826,0.0994990048325487,0.0179685730557409,0.0571021127605561,0.0659481551103339,0.0331758956683837,0.0963004335406951,0.0621729264164072,0.082000007383347,0.0695342978743456,0.0446117809933026,0.0791255946263802,0.0524485570041736,0.0643415132464769,0.0534770412015987,0.0774452991398691,0.0820132769723553,0.0695051900070659,0.00962185764590683,0.0211062839726634,0.0833191105460838,0.0684141541031684,0.0201315966072734,0.0621973602075896,0.0463545660293669,0.0707605785814036,0.0629600350571873,0.0701851613573499,0.131691159450489,0.0186389835199547,0.0425889009356544,0.0421411059721894,0.0582287728926606,0.0875404352456177,0.00218568272724766,0.00062178730483875,0.0163718126230626,0.0557098631105946,0.107533997184133,0.0383722984059891,0.021619911082893,0.0336546524420127,0.00929968145275032,0.0648985246850137,0.115079453318497,0.0803958003400782,0.0290510950845773,0.0557988364823267,0.0682578890371956,0.0474762682603652,0.0420245779596501,0.0387042819777304,0.00709075248031065,0.0430923566288774,0.0572807049242775,0.112698890461657,0.0357480893103691,0.0293079940209422,1,0.0356342113177778,0.0654963816750316,0.0971966022899381,0.0148709118587559,0.00887768383682338,0.102373106839126,0.00310654983458604,0.0290803554813305,0.0201288814642444,0.0419657218229208,0.0361989214264878,0.0810439297238759,0.0574016337378219,0.0481252718642387,0.0241653590942147,0.0268722973161709,0.0393939179829431,0.0232755175038958,0.0570013653120262,0.0339851111978744,0.000735277905579188,0.00199368166918749,0.00110467925996,0.0512620773121137,0.141815099242498,0.0943793264809348,0.105088947594558,0.0938987884254976,0.0356928083381814,0.0459696544618868,0.0467089429007781,0.0015659010871762,0.0567103195370077,0.0822186418345602,0.142777366523549,0.0434036060327263,0.0887104754211165,0.0434017356659417,0.0931695276973595,0.0159393849989188,0.0324133114378156,0.00695288994353906,0.0561300296007626,0.0191883142564003,0.0117013197704909,0.00759360085989171,0.0566017877934239,0.116053054037699,0.0854433244035733,0.0233177825952558,0.0929677545280498,0.0902477873363609,0.0662374941971509,0.0648748396800419,0.0767274594042512,0.0927409333286519,0.000419498410209141,0.0827236577538284,0.0698568258715394,0.035951879350026,0.0618247977180717,0.0611005666892078
"Methylobacterium.Methylorubrum",0.0503208635750708,0.0985500884840101,0.085893461099115,0.0258218649561719,0.00991146032073083,0.0344782492919723,0.0017054132585534,0.0187344009457548,0.0558823763782823,0.0588745554334411,0.0200939448166366,0.0473397025885113,0.00341349284846273,0.0496040546445784,0.0570906201840601,0.0234817325553754,0.0520524460566474,0.00988647524623455,0.0165204842524489,0.0170378098593287,0.003175563172116,0.00651870868597187,0.0296096439324464,0.0723630229646861,0.0599301602138666,0.0561988151945385,0.0521064699715549,0.0945041127870873,0.01838314011796,0.0247959700899001,0.0669887264446254,0.0325045180243087,0.128161865149857,0.0750574598057387,0.0965554470915536,0.0420767285334271,0.0419871661203183,0.0446134975119791,0.0285408303733428,0.0684371312339801,0.0198386490269554,0.0386834340092175,0.0812481871480431,0.0477834056317398,0.027373990595551,0.0393079683360042,0.0546397122797479,0.0471223443647631,0.0237214490318984,0.0358863103342807,0.021617620894606,0.0624642096743152,0.0295458352659999,0.043302005439842,0.13887798967064,0.0104836329427425,0.0147651656938828,0.0736122770239413,0.0334391004823618,0.0673717464370017,0.00123619361686468,0.000727184545648906,0.0215027286025333,0.035932213594532,0.0972896065543109,0.060578082278776,0.00925548428456324,0.0459693513999062,0.0123008124561655,0.0705962826142964,0.107588093960872,0.0810290475548014,0.0207807443758742,0.035870577123598,0.0810365425877264,0.0571702599256581,0.0467373098044448,0.0658648986516995,0.00284766627629459,0.0300875010191142,0.0205459802200554,0.107734428025855,0.0302451904667932,0.0189686582225592,0.0356342113177778,1,0.0548257656527815,0.105690636751826,0.0226590685662497,0.0291061873955422,0.121425853884328,0.00418927147370632,0.0541406459131201,0.0860000884534197,0.0700727263230563,0.054388163587539,0.0792698026867073,0.0360463583918161,0.0532012528511773,0.0419427238700668,0.04929896042377,0.0478887673659937,0.0405830551971993,0.0216173214393702,0.0748693202749795,0.000678128672818079,0.00194500521885258,0.000933531526250517,0.040260521694941,0.0972373796295928,0.0908845975218324,0.0462581959805243,0.0633503652022407,0.0197060159725442,0.0268039530239457,0.071343684142524,0.00109973735756113,0.0490891027539309,0.102244455003905,0.129183467883076,0.0783098996232666,0.0707649052472563,0.0693880024105751,0.0874806066395482,0.0200588269201392,0.0563838769905581,0.00642377782265373,0.0526578312428295,0.0261298228006263,0.0133708720968,0.00774987065666749,0.0366638531079367,0.0907045234372794,0.0510981256605585,0.0253241631963738,0.0826813587355028,0.0516289808364132,0.0688560463834634,0.0259680794887332,0.062781382825891,0.0711173250270056,0.000396159086824655,0.0868494649019276,0.0871400706903817,0.0457361814447125,0.0338029483330492,0.042901172622344
"Microbacterium",0.072132609830116,0.16800268994528,0.0242345678786148,0.0533657014824937,0.0148495711687314,0.0498513759729178,0.00364663393448751,0.034075650417262,0.0752486428895499,0.0642180944216421,0.0337393833349257,0.0719231064504665,0.00753885224381591,0.0836206743458119,0.0681696963107807,0.043301145657241,0.0785627379650966,0.022212810513297,0.0335383777106466,0.0299630088521428,0.00733736904781182,0.0089425788620172,0.0494138576707209,0.0942462474722474,0.0410454920233353,0.0833967456218012,0.0108868786657264,0.104173132613079,0.0452720665610928,0.0484938958351021,0.0978830385295415,0.0801860994558329,0.115116399982649,0.103110492458466,0.105777087879779,0.0624510159453461,0.0832723009833793,0.0653372859759696,0.0541021176111496,0.0894431495691362,0.0426481144463953,0.058603913522089,0.0937152336787069,0.0689769062945532,0.0107066903251359,0.0211828675711946,0.0756188632506362,0.0698391381666764,0.023392197863317,0.0499777865355992,0.0397705197858082,0.103924352691946,0.0553605532320519,0.0708137003217122,0.130325075436191,0.0183525459307074,0.0338235055578044,0.0636178203426966,0.0532659632374224,0.0908896109549376,0.00270049015169121,0.0014980885491153,0.0388726156919888,0.0663356511184896,0.10353768910967,0.0718043257991541,0.0140034267193909,0.0663722380652178,0.0226577059911636,0.0905080811015656,0.143374542612943,0.140390329203829,0.0471023079557521,0.0904129546972739,0.108257478907999,0.0792972584038357,0.078982455979433,0.0756381519479621,0.00723432424611005,0.070063388849819,0.0456299949839074,0.141404005298859,0.0620433467097367,0.0215408325647877,0.0654963816750316,0.0548257656527815,1,0.109306807500718,0.029223984148611,0.00896837297644216,0.123637514066391,0.00693765337278622,0.0674383263889682,0.0345049225454596,0.0649567123430112,0.0680436992169068,0.128550003707122,0.0769057509242791,0.0668230684422498,0.0523749468257384,0.0537311208277914,0.0780678578479462,0.0539295857418297,0.0651898631036733,0.0623968786479709,0.00144487735199952,0.00415937559063804,0.00188496399167829,0.0697267536718224,0.142896996632379,0.140684265758647,0.0605515386444768,0.120029676639197,0.0242140019124855,0.0445650196498614,0.0661980378399769,0.00311931327040397,0.0759872910017051,0.108311473048527,0.16310834461949,0.0734666060488765,0.0871582692850287,0.0790825841953649,0.135084462977701,0.0425473588139002,0.0711147000086336,0.00722011862746654,0.0759001878331685,0.0486040103003234,0.032828785310071,0.0159553153871693,0.0528868114135342,0.112874191457264,0.0921881207195222,0.0552360109711339,0.116106262527927,0.0673191519691771,0.0943700470148561,0.0608825325269997,0.0661335682473852,0.116173961738041,0.000924463445814068,0.102875977533622,0.0999840654251836,0.0706098948688352,0.0659923269641272,0.0828487895416379
"Monoglobus",0.0954980589145302,0.148637494874081,0.0469418874800703,0.0716813917883016,0.0180118696379763,0.0730709960728076,0.00392250279550444,0.0420585621959211,0.0980743948867256,0.072151411090841,0.0486230089135644,0.0965597585126179,0.00808983982348256,0.116761172179555,0.0749882521850337,0.0559442241329482,0.113707026757883,0.025821187340078,0.0393534199963185,0.0356127780088289,0.00725834671171977,0.0131639399026149,0.0966959068772327,0.0953575667010881,0.0584112955833447,0.11145847257807,0.0187247532903568,0.14743008211507,0.0521270890207906,0.0643649254797059,0.0979022389359149,0.0948827376282797,0.161147155595707,0.0965741914656378,0.12009897544502,0.0927397822582108,0.0870628964462749,0.0882236934337418,0.0690232204877838,0.09054169375471,0.0633965227449529,0.0793983657225971,0.129728323391188,0.100277277540158,0.017287589832621,0.0285884534571773,0.111526452417348,0.116340108654844,0.0352619801257833,0.0842492934507719,0.0498166024788793,0.108937001704237,0.0728322527489719,0.0912081202319117,0.211254986851096,0.0283726742695176,0.0466218704704388,0.0957912029578556,0.0859571962453445,0.108882374529952,0.0037611640026818,0.00143884801560047,0.0482227623481791,0.0887020767016175,0.136642608365741,0.0746355840769713,0.0211548691271723,0.0962665943037928,0.0239640701410758,0.112792968939977,0.165651593398642,0.115472515659841,0.0679077747544634,0.0918460594511317,0.102943741622942,0.0833921773699349,0.0711211701084898,0.0830782914972119,0.0105698162694046,0.0879816329349973,0.0583151420961565,0.177198164587854,0.0809988577159453,0.0294889126799385,0.0971966022899381,0.105690636751826,0.109306807500718,1,0.0387317668405123,0.0131863122836752,0.171964011489162,0.00826132475403002,0.079123042992621,0.066254198800842,0.0858111132178655,0.0750148503561365,0.115934877891945,0.0759987831971002,0.0935737131756044,0.0592260794933467,0.061162783043792,0.0804102541053275,0.0671216435694187,0.0755971473565136,0.0784537512140731,0.00149781189830716,0.00564553147971924,0.00217304791199663,0.102084611981868,0.175477897653227,0.146600826694172,0.0966802404295065,0.119985026477161,0.032222634834173,0.0686358413302053,0.102758662979571,0.00290993534546444,0.0954519313469883,0.139101686399867,0.228630033415995,0.106106372543601,0.146944547380577,0.0741188961094819,0.134452971659507,0.0465708461468441,0.0740432793254619,0.0099476089393251,0.0874919160592469,0.0503452662980879,0.0327432909043086,0.0181341286610841,0.0787961582299528,0.162447264686351,0.111475261102376,0.0625028129580069,0.145148951928023,0.096573210818539,0.122449328670938,0.0814436863964584,0.123262570178457,0.140868146009453,0.000900422376651917,0.110875021371565,0.107358849923936,0.083093399415758,0.108014234746401,0.111383047306075
"Moraxella",0.0179781713569173,0.0699710771024937,0.0146570228921163,0.00823789423925966,0.00102721367470615,0.0485733068282528,0.00236549149469799,0.00349068347162716,0.0266079126841638,0.0740461622962495,0.00291882088379837,0.0291515930018892,0.00696008089156741,0.0261437570625334,0.0531459283881795,0.00641442990245506,0.0204888253623505,0.00123579429719039,0.0105112475361656,0.0020884265842674,0.00438915961424191,0.00205462040460104,0.00849664864318079,0.0652177638885123,0.0130764171977526,0.0331452500918403,0.0091880607301886,0.0394718113589982,0.0328247242364575,0.00764860995034464,0.0469635057953773,0.0262354717472319,0.0566835585632502,0.0599252579328502,0.0636528478472878,0.0108089536605124,0.0293779121303885,0.0138013489243121,0.00851670368476222,0.0551586000310874,0.00486688897215236,0.0101358422098137,0.0395070454313293,0.0158910912383114,0.00984966136932418,0.00667317727428053,0.0171689101922217,0.0194640479902698,0.0126944129442301,0.0164825594588484,0.00653973026082659,0.0472428999066611,0.00741850036353302,0.0275928488361047,0.0493911558890338,0.00204406995833023,0.00351911536231433,0.0465161877379481,0.00980762083652056,0.0475038978143079,0.00282815498878138,0.00143450504230176,0.0145489118088598,0.0093932156737226,0.033141019905402,0.0802968103668773,0.00160512797699384,0.0349446311819371,0.0132848516715124,0.0359748216419068,0.0549015156702427,0.0499980583975949,0.00468113129541397,0.0187681464550584,0.0608670656799836,0.0391977493490122,0.037122161492693,0.0416985856751533,0.00213673571199224,0.0298264007974892,0.00550700569097115,0.048556291345158,0.0244373005299853,0.00170450460315113,0.0148709118587559,0.0226590685662497,0.029223984148611,0.0387317668405123,1,0.00478484219346149,0.0640738665849625,0.0044758957335146,0.0342494391425202,0.0185319857110103,0.0571185026642061,0.0644272867522984,0.0538662315033393,0.02655838997696,0.0365792719928674,0.0641447868058607,0.0732164136361675,0.0443865317689864,0.0473763488145027,0.00886959070447353,0.0612507153527288,0.00347185435081805,0.00389698732086994,0.00303239980129785,0.0195223068256335,0.0422578970687559,0.0605532454815701,0.0147383527272584,0.0351641655512978,0.00189639875438564,0.00518008228910836,0.0407919327021325,0.000940193114160399,0.0131717618995532,0.0671229538785823,0.059525233322371,0.0540019373012984,0.0383264542986511,0.0802494592332158,0.0674098954056187,0.0429149185117042,0.0568807880549426,0.00159902841487347,0.0329366016596991,0.0476205575412795,0.0180790630525409,0.00572687912350564,0.00980725637952625,0.0431713362623763,0.0243205415310545,0.0311410920462354,0.0481233709629386,0.0182580704657007,0.0427135073882079,0.00867739478371893,0.0181286404519267,0.0310155814594081,0.00159492857203041,0.048209961116536,0.0633790324012829,0.0237412015470243,0.0149931407745016,0.0148132116510615
"Mycobacterium",0.0115124834171314,0.00946564950387595,0.0989852030195755,0.0120993682255497,0.017183424209198,0.00415094105497703,0.000119340250329812,0.0260424888859081,0.00957190551138602,0.00610841739945732,0.0119218119270419,0.00810884632208544,0.000184196661567003,0.00822153268105745,0.00732108345714981,0.0134551885218002,0.0104181872498114,0.00957163491816921,0.00061555254179685,0.0133144559754163,0.000352092362885596,0.0138062096956317,0.0122174441059775,0.00776599007096322,0.0641623471060036,0.00801870799049937,0.156562097525517,0.0107722657621685,0.00114374337015405,0.0157452819987002,0.00835603723031151,0.00337259937714466,0.0137679509420289,0.00943807659166252,0.0110988204617237,0.0135363013789158,0.0108922702402299,0.0163084109678545,0.025617758449286,0.00993285967613099,0.00928920680423685,0.0168542183018839,0.0118793889188976,0.0113793188461697,0.0343062294106419,0.0657531288542566,0.01157041018434,0.0102704055085055,0.00819991938078263,0.00972554281303729,0.0171655157677531,0.00655225886150729,0.0152466385082145,0.00814517208519688,0.0144588763291876,0.00185299673542649,0.0105328263027028,0.0153081403336051,0.0108059917936082,0.00790358208039054,0.000143043810019536,0.000279104197603661,0.000963898028023032,0.0103480730673882,0.0117739454791835,0.00507743203919125,0.00677254346201503,0.00917067381739539,0.000553065110944724,0.00826391850406474,0.0111885071441524,0.00849601644644279,0.00306213950145492,0.0077238893549733,0.00969829466568391,0.00707447022156817,0.0081793097082474,0.0135033816421063,0.000565164880616588,0.00350660217692133,0.0116429441418297,0.0116887495708985,0.00400195824624172,0.0242033318423837,0.00887768383682338,0.0291061873955422,0.00896837297644216,0.0131863122836752,0.00478484219346149,1,0.0117536590316339,0.000274771713248611,0.0178506135934267,0.0670903839772035,0.00591045589906937,0.00442121836864394,0.00895292674258183,0.00828439115761821,0.0121742584483338,0.00321256422845015,0.00369437845938401,0.00602697423554382,0.00318663303872727,0.00732782704331488,0.0133509303038561,7.63535981993111e-05,0.00014468542826733,0.000110015806147399,0.00770496849796446,0.0115089011327319,0.00868967768237242,0.0119411011591155,0.00776959047733036,0.0180571591279914,0.0212627553292761,0.0115598039767641,0.000466678864989141,0.0131212661974524,0.00998116514455926,0.0117045231020288,0.00748564257350656,0.00888868108257401,0.00548529096631587,0.00855349225964418,0.00153350843582316,0.00791160479220845,0.0138499054423315,0.0106579779297459,0.00206526664821305,0.000586424526608688,0.000495513472425278,0.0132282676993207,0.00967145243194099,0.00810574938117915,0.00224113926822447,0.00772146454438261,0.0127684840784394,0.00826580507553877,0.00893379404729511,0.0103293217841561,0.00853484049058994,0.000146143152516269,0.0105516678497132,0.00875183355690415,0.0110082882268466,0.00898802439614464,0.0140021965258345
"NK4A214_group",0.1076689845595,0.169183830812547,0.0498331702123469,0.0741935842028781,0.0153426566237044,0.1405982560879,0.00817705562126878,0.0367214239987282,0.128625029005761,0.119250432017722,0.0441910848431374,0.135758907943875,0.0143655663628484,0.118224994279095,0.128745251680674,0.0550397935564827,0.157443325903986,0.0227901152474181,0.0503986050068162,0.0319399933025726,0.0121504187136233,0.0129917546622119,0.0914690276596053,0.140629844227371,0.0617814877931715,0.139386793015091,0.0172272631250254,0.182714689155181,0.0921596373464433,0.0608130173092406,0.134821603113099,0.118382131390879,0.179647012496371,0.128335308083345,0.155436557727099,0.0885541038796119,0.116987804269846,0.0912403662491859,0.0626674113661319,0.143133437344344,0.0552575433322242,0.0826294935642089,0.159183948143527,0.119728960759216,0.0179394066559868,0.0285535221824661,0.116938645806001,0.122561075545008,0.0373377430679154,0.111831764738752,0.0532639846455541,0.144529640792631,0.0795708125732469,0.118507979148293,0.200884337445495,0.030591024046956,0.0422632628495638,0.164386939250703,0.0866317486917589,0.149025548964596,0.00514262875658118,0.00276653484753718,0.0787604325241206,0.106953252066108,0.18642968693769,0.128259797385787,0.0213918699486571,0.126972032503761,0.0488337398606762,0.128748843591871,0.155867027707261,0.144756346178044,0.0718762105696187,0.101611129398769,0.146271991606482,0.119994683622379,0.103421762820532,0.138502968328636,0.0110489768853958,0.1192774027104,0.0553518408919799,0.167909638455376,0.124119194793988,0.0255082216553144,0.102373106839126,0.121425853884328,0.123637514066391,0.171964011489162,0.0640738665849625,0.0117536590316339,1,0.0130886271802373,0.136501111915375,0.074194201461329,0.141022175440359,0.127030089495877,0.149977439391466,0.100880137301897,0.137673105108224,0.106012517189607,0.110640257360843,0.12744494237517,0.123929583085923,0.0686510917135278,0.137866191133679,0.00289604576662681,0.00831590749357379,0.00397179640375485,0.133816911022398,0.150722414257312,0.160942994642311,0.113858887452067,0.138706262519153,0.0307128150331046,0.0585256068967465,0.134647736724337,0.00470235177282935,0.106870288813976,0.183938439291354,0.197402087789582,0.135935640518966,0.155416323322337,0.124516058337321,0.152908038014483,0.0856772817046774,0.122399095963598,0.0106825072378828,0.126170655269593,0.0925662551570581,0.0618856609902158,0.0310557183979004,0.0895068717882055,0.161225646203564,0.117868378362116,0.109417058483672,0.170899351925176,0.112776775635382,0.173367331320223,0.0808604292841632,0.129225626631748,0.147257205350186,0.00161368623633819,0.175187588504393,0.177521149777428,0.0996184943696397,0.100742751057161,0.103367656487592
"Neisseria",0.00441940892454092,0.0159469150844795,0.00130127693504442,0.00193395222622013,0.000496046763777024,0.00933295995209153,0.0127685480979799,0.00122762336179303,0.00615742744674525,0.0190818008753928,0.00124079548840162,0.00873125702352233,0.0310612122083968,0.00924239703289378,0.0133541461602601,0.00208651611087935,0.00393989610051564,0.00107835455045643,0.0086884344963532,0.00083080477023113,0.00697806105299531,0.000858117859650766,0.00224535540045376,0.0160696085371663,0.00168052051976394,0.00802949409090333,0.00052323162122276,0.0092252806873246,0.0161348830663864,0.00204348641219336,0.0117068912536515,0.0135823558640437,0.0117666050004403,0.0161748104486456,0.0133856100395039,0.00369771110591158,0.0060795203422862,0.0031820694664646,0.00199318600247332,0.0141590103666653,0.00185981430228642,0.0025316361708729,0.0071466183442863,0.00316223530170397,0.000654053572499077,0.000943914129766738,0.00408907039557518,0.00398906802717692,0.000968129136120366,0.00391408773166588,0.000959196367327522,0.0114103030868445,0.00238542260132271,0.00610787858887478,0.0086930637221663,0.012179737250675,0.000984856027315458,0.0106970328730664,0.00242388007415214,0.0103087337717416,0.0345103510389923,0.0167636132020774,0.0173844577780789,0.00216622301164039,0.0071855160848476,0.0256335555662161,0.00322278476648938,0.00740150442449357,0.0119485834740713,0.0109996450987356,0.010714004390248,0.0118728916554173,0.00187950217183058,0.0043168391679831,0.0166003449766294,0.011957342415226,0.0109343162298235,0.0114482267532686,0.00869570307402212,0.00796731095684782,0.00175133691267384,0.0120074540486353,0.0104749670438857,0.000707509743832327,0.00310654983458604,0.00418927147370632,0.00693765337278622,0.00826132475403002,0.0044758957335146,0.000274771713248611,0.0130886271802373,1,0.00767565064508599,0.00166382287272934,0.0215124889791539,0.0219144156924401,0.0106023151891503,0.00614887723615399,0.00758631477483592,0.0230714561363915,0.0267129994456816,0.0113527276019297,0.0193941947271827,0.00250010933625817,0.0142054841171483,0.0341442461657457,0.0212384653060064,0.0159256918849247,0.00377465026432309,0.00745837290141352,0.0138351572295418,0.00346111054630833,0.00864480836686475,0.000518381044884236,0.00156844518040158,0.0119004920827037,0.00478149490789644,0.00267188577969925,0.0154824653027377,0.0109174083098151,0.0143555905025054,0.00665737142420495,0.0259553440304521,0.0151638544869352,0.0177830907703452,0.0117634286376126,0.000928869027778441,0.00728498815227433,0.018702235563158,0.0330571355879594,0.0105488220654182,0.00232370114271141,0.00758633744532036,0.00675589929662719,0.017388274123659,0.00889130613554934,0.00406648404777921,0.0099336127683257,0.00195466014628044,0.00426363108640694,0.00581551366930613,0.0127504539769253,0.0115794334306051,0.0149379171112951,0.00643013530541367,0.00316998005959506,0.00338043568090858
"Nesterenkonia",0.0370590426867377,0.130390506363114,0.0545216038936297,0.021350103837314,0.00703714476828487,0.0595045668951136,0.00439728703829589,0.015079440956543,0.0605542474449584,0.0873277234062692,0.015031224202012,0.0721531122211493,0.0106331563257489,0.0574912216488294,0.0819052188705529,0.0141112897836957,0.0497850898786036,0.00574823810997546,0.0243227231019092,0.0114783569739295,0.00680917832618642,0.00553352355956022,0.029476327278885,0.115015660141657,0.0455329477566785,0.0730381169879502,0.0299460085482531,0.0825498392534662,0.0391707209411596,0.0168599020977213,0.0957363997640673,0.0542105896951775,0.12673714397459,0.129623007023754,0.122430676863858,0.0277142680359536,0.0540454444588944,0.0323781009200324,0.0226606601542997,0.118255867459043,0.0157448377284805,0.0255001558149415,0.078284991175227,0.0364408547096697,0.0189997365955125,0.0306367305299817,0.0400162522948424,0.0420493476980391,0.0174132186711445,0.0316119734625414,0.0211038511388467,0.0891750261919128,0.0363306020231069,0.0517914095162107,0.107798665574825,0.00992931710392953,0.0109974882698586,0.115946104903307,0.0223240836954309,0.0891087033159083,0.00248626969895314,0.00169946477068986,0.0337977676346901,0.0269497659846317,0.0786481458926239,0.0887123433081962,0.010035202413761,0.0533939485812962,0.0278856286611029,0.0678755749768707,0.0967167038840802,0.0975974778740427,0.0208920752737836,0.040838458537084,0.137549891410476,0.0682569621494767,0.0610427719045369,0.138536449489525,0.00405995994647343,0.0440728257997286,0.013852400596957,0.105522644034291,0.055975626123518,0.00934804216473075,0.0290803554813305,0.0541406459131201,0.0674383263889682,0.079123042992621,0.0342494391425202,0.0178506135934267,0.136501111915375,0.00767565064508599,1,0.0672378606907178,0.0876835488839009,0.0823231575188235,0.0936883283113273,0.0517566243975608,0.0632118668558394,0.0641674658340448,0.0702434658368249,0.0680877852732525,0.0596945819068917,0.0177018440144044,0.110829462952377,0.00170782382185258,0.00459243308934535,0.00239215530674201,0.0405666463685808,0.0772421394853771,0.117818492887121,0.0328512184568564,0.0739462480884917,0.0157632079798667,0.0174082203055046,0.0783248902462291,0.00194668296108822,0.0302976305244678,0.125569174761975,0.107953709376862,0.0755582887246415,0.0617396869507775,0.0993325029519687,0.122986615357566,0.0434679145149478,0.0723715783676434,0.00617156112383196,0.0876889307858583,0.0517421827121174,0.0330459524735778,0.0143699741485821,0.0249257543273012,0.0724643822905646,0.0437103934786447,0.0603397129780241,0.0814147146400323,0.0416487577995695,0.0850723373241113,0.0211325886302225,0.0387963315472867,0.0563815379872079,0.00108453764312346,0.121235101165859,0.13166774270152,0.0574655212454777,0.0274464711274589,0.0344872908540905
"Nevskia",0.0266251566961838,0.0588521248625603,0.167313124182299,0.0203845954346278,0.013687839498839,0.021788741870787,0.000670045315224074,0.0176374400164757,0.0328418456736778,0.0351854122858908,0.0141094985597293,0.0316804286611521,0.00196045314344667,0.0349579707653596,0.0363601500682324,0.017128247597309,0.0354526550590611,0.00583910956130516,0.00565365635594073,0.0146348942159489,0.00126350132136155,0.00616560386654279,0.0223242474187562,0.0464505084912795,0.105957942038745,0.0360624884509799,0.124965043919549,0.0561808617641809,0.00921418072965961,0.018676802361823,0.0405149732856977,0.0208730180778815,0.0804464123209855,0.0525720089089064,0.0631745541249949,0.0240010526968903,0.0424873418527486,0.0281566444770529,0.0301305912352197,0.0494320117164552,0.0115321243932128,0.0247275581498584,0.0542521634875354,0.0302737349403196,0.0420580100693861,0.0805077363698214,0.0297943920094571,0.0313323785806617,0.0235872338137095,0.0233777349042693,0.0236562341035334,0.0364254799951026,0.0195926571133038,0.0260265447118304,0.0807452884666397,0.00460666961604785,0.00985237952993179,0.0709009535990768,0.0201375614958378,0.0375475981968772,0.000535938230021239,0.000286095449071516,0.00782132596029499,0.0215746241261695,0.0530618540331668,0.0354733103055164,0.00723571469447067,0.0309760389238301,0.00487928437095239,0.0380082767100899,0.0633257800711253,0.0484444879684353,0.0106739010049489,0.0248180021508973,0.055855507456966,0.0297538566166996,0.0281208508649954,0.0622476471408588,0.00170006326976042,0.018647942926084,0.0146502682738637,0.0619387457052861,0.0189347835945839,0.0168396923095086,0.0201288814642444,0.0860000884534197,0.0345049225454596,0.066254198800842,0.0185319857110103,0.0670903839772035,0.074194201461329,0.00166382287272934,0.0672378606907178,1,0.0374419426357197,0.0317021007856963,0.0472861347886188,0.0244386559450724,0.0472107812971375,0.0231581170530372,0.0264278641490376,0.0326004318008225,0.0241052123760847,0.0130040181315416,0.0594048597996053,0.00029909477333626,0.00105201856424739,0.000403391431547746,0.0268630259671726,0.0555654640705587,0.0568891082764636,0.0236587299179377,0.0381882871903292,0.021799176778484,0.018668997502321,0.0452334245776477,0.000468722250441631,0.0290674211446329,0.0662093010522145,0.0743806606721168,0.0410814261638853,0.0427538058502903,0.0385627752066918,0.0503569222021182,0.0114945028310317,0.0368196881546448,0.00607652534287417,0.0416760590361696,0.0148422192602145,0.00563292173544245,0.00309974421671238,0.0313903599681749,0.0530738659645564,0.0263955200154504,0.0151626264420352,0.0474151251014643,0.0323218123372245,0.0435584574743894,0.0163580310369329,0.0324268303568308,0.0406584823356519,0.000171825501183153,0.0550279049774034,0.052223584593764,0.0291347019250368,0.0217264190369531,0.0285278250108823
"Oceanivirga",0.0499205144957024,0.153311506317947,0.0286895073522564,0.0216873288224867,0.00438665449692806,0.110282104636133,0.0120615050058599,0.0110265114246557,0.0577312576406795,0.129817869751581,0.012667060242092,0.0748620252183872,0.0224288576409526,0.0646577006017234,0.100509799478349,0.0170517849156183,0.0571111256264797,0.00530270343961387,0.0544728978961132,0.00912505996374618,0.018907619060846,0.00663351652077635,0.0333571542690058,0.123149941442144,0.0307353127535503,0.0714918541258935,0.0100616177396408,0.102438947507973,0.101330834231754,0.0166639364772361,0.103763238995438,0.0866060001380434,0.130885569973583,0.121997547431041,0.125183693909387,0.0289098306084407,0.067394250661749,0.0271400029576015,0.0198727662203311,0.116241553838563,0.0218946268558738,0.0279958706980894,0.0817871549054724,0.0407230540144285,0.0124543050245698,0.0146340257905436,0.0384692651521882,0.0476967710749891,0.0220878285056748,0.042883042502219,0.0175407192705849,0.0912769560827265,0.039930331236508,0.0620915659828299,0.11416540926831,0.0171758881346127,0.0115635613186427,0.103777814252948,0.0286121800797831,0.0883859225794845,0.00732498926657352,0.00599456484763259,0.092478052878347,0.0358112320565283,0.0887980236243949,0.143545667571775,0.0126141345871117,0.0923646367693788,0.0695139836965188,0.0790880062950205,0.115684724279688,0.117640110504277,0.0353338059651965,0.047071254173308,0.126418873870656,0.107997091369299,0.0967166512993866,0.0892912997061756,0.00752856230257212,0.0751339776255995,0.0171703216158523,0.106983252731456,0.0924453743898162,0.00728217684783986,0.0419657218229208,0.0700727263230563,0.0649567123430112,0.0858111132178655,0.0571185026642061,0.00591045589906937,0.141022175440359,0.0215124889791539,0.0876835488839009,0.0374419426357197,1,0.128651274622867,0.105648557713407,0.0622386908669978,0.0715917609213495,0.136839790256705,0.138762818880491,0.0966114635759595,0.132279605497739,0.0275038857805378,0.115611635978291,0.00552989657759806,0.0110403492721365,0.0069974129823655,0.0485655892077166,0.0889214862294803,0.130559647205595,0.0385586519170807,0.0737047218906993,0.0113271646328066,0.0186818504688005,0.123602788339592,0.00500299609689973,0.0449020399912238,0.148326478918756,0.127596162147178,0.114948529173206,0.0740964378565379,0.167615730696947,0.127955823398325,0.109917356528945,0.113761946780563,0.00894807000394842,0.0709992514846922,0.110657474630821,0.0847133650076174,0.0383247089380111,0.0321087898298867,0.0872495654364352,0.0548023322816074,0.108810566821657,0.0988102854448738,0.0366172555083087,0.0771338413176359,0.0294207786678037,0.0457682244842232,0.0676650670282819,0.00355739912334374,0.108424274794625,0.125853047904284,0.0814744242095272,0.0391346862750126,0.0364953834947745
"Oribacterium",0.0365095285645296,0.166934078754087,0.0219826356423118,0.0185386551055634,0.00313433328379026,0.108205712659995,0.01878683544369,0.00783482776164666,0.0537042362976761,0.142289460725692,0.00918683973063852,0.0686691533114654,0.0328042427200448,0.0641255211544868,0.105279527683982,0.0119584067942306,0.0500599586025716,0.00326359852395791,0.0610501184448304,0.00658090141391791,0.0230323523640477,0.00477985064410575,0.0286489308524929,0.117884274540306,0.0310388380770323,0.0655846470283985,0.00795174956448416,0.0807219065736424,0.172533763209518,0.013716443019123,0.103465776560581,0.108007365787333,0.117591394218857,0.123713928173731,0.137911059051633,0.0225269666406221,0.0697329619512567,0.0228306757387774,0.0164717541251967,0.100366990869216,0.016720497652736,0.0217226042606401,0.081727982706781,0.0347207037826141,0.010788063647693,0.0105552101340029,0.0331338193533491,0.0444095529894721,0.0266441697006751,0.0348087580052211,0.0149384597265919,0.107000036557242,0.0321311281458351,0.0611856658105214,0.0993486662013468,0.01413344471794,0.00897612994266822,0.0995455831378003,0.0228399861482953,0.0921926151740241,0.0117488905721027,0.00898146606778895,0.113462317544647,0.0289152526019745,0.0694113849698363,0.175627405373312,0.00964923287313098,0.110051957975022,0.0954301511318021,0.0623613834874504,0.124614468543122,0.123120267533096,0.0405872667837352,0.0541379260725299,0.109260259192167,0.0769713232406996,0.0797923748692741,0.0947959869434684,0.0119375802601144,0.0906985697570888,0.013100771780513,0.0877898074844288,0.0948671930354598,0.00513864235142814,0.0361989214264878,0.054388163587539,0.0680436992169068,0.0750148503561365,0.0644272867522984,0.00442121836864394,0.127030089495877,0.0219144156924401,0.0823231575188235,0.0317021007856963,0.128651274622867,1,0.128360318961631,0.0659261618965697,0.0716580985394389,0.163393285252711,0.179435843949559,0.122308672685146,0.151317476343194,0.0256768645926883,0.128256408430775,0.00888743070496738,0.0184131181800863,0.0114287304902406,0.0426584445928591,0.0944528182304237,0.13996883452744,0.0304512470318697,0.0744329514747337,0.00849717256317213,0.0141354671002927,0.0929058442763249,0.00790334147430831,0.0349333288218627,0.129206887948173,0.131321293183589,0.104532063828764,0.074613163216262,0.19316443876302,0.149125374892498,0.168607501780029,0.129671413922232,0.00682537334562842,0.0776665909798181,0.167419831225028,0.118150115832426,0.0548043541960516,0.0236828932024651,0.0889672515305554,0.0537728918839923,0.11936725488546,0.106553445772094,0.0316649212767062,0.0743183980108238,0.0248274266492063,0.0367729881368328,0.0731969040220908,0.00624363358457186,0.0914236881283288,0.120474892656819,0.0622689426785358,0.033090469838401,0.0355712446531786
"Paludibacter",0.0786358560314604,0.207112406501888,0.0325739622248417,0.0507554170137992,0.0105360400008745,0.095127142699153,0.00714668298836148,0.0248873467502023,0.100536194914062,0.117077729851187,0.0273726140915895,0.0974061839988472,0.0125495390623317,0.0903698780567826,0.103114166325219,0.03546373520276,0.0933744678643119,0.0142189826708813,0.0373788816906708,0.0220898379394437,0.0109055134781388,0.00837079456918861,0.0533626323401733,0.110854172618346,0.0559207734504597,0.100871515469797,0.0131819506894637,0.109652865769348,0.0952215392229137,0.0393874160646169,0.136172693952717,0.110873878536553,0.142218168946512,0.114136314453797,0.153793677716795,0.0566718353503438,0.106536373163372,0.0585069451472077,0.0447847234864665,0.104058869804509,0.0400591536749494,0.057266071387346,0.127834272687925,0.0833259096853527,0.0147215351942555,0.021108596353393,0.0767038085312972,0.0921874217618711,0.0371753589606949,0.0670501016766629,0.0382706201111877,0.156285419286505,0.0594050131540897,0.10375099623312,0.152869032849544,0.020191697249302,0.0267940935672913,0.107192450424033,0.0522944168543311,0.135472095275924,0.00427080497324541,0.00298301994089152,0.0761246040821177,0.0714026839186761,0.107498682915434,0.127750338928408,0.0137978783710356,0.14056105655291,0.0439267318417773,0.0871882702047939,0.178377115282122,0.148105128956087,0.0765990546021413,0.122762313321877,0.103237256449198,0.0913953682402082,0.096012898477336,0.113058353974539,0.00775384096919665,0.123710797073596,0.0367469818167816,0.118151368054359,0.0867742097090449,0.016737076468105,0.0810439297238759,0.0792698026867073,0.128550003707122,0.115934877891945,0.0538662315033393,0.00895292674258183,0.149977439391466,0.0106023151891503,0.0936883283113273,0.0472861347886188,0.105648557713407,0.128360318961631,1,0.111323194185948,0.0939027863196468,0.108425627355843,0.11376233346022,0.143752078520147,0.105050654955196,0.0635892443328732,0.117672358951157,0.00273921607781315,0.00711019559297958,0.00339129468747299,0.0835584067554395,0.169578553487651,0.161670749537496,0.0725452262159424,0.121511014121771,0.0224725433418695,0.037066259854149,0.0963340413556226,0.00475406702690806,0.0830772635277824,0.129445732742659,0.202964718143434,0.104000046087263,0.131735225494405,0.118455513783194,0.188095665923156,0.0875363161840092,0.134426886499251,0.00911922634193563,0.122524864906558,0.0920003135975724,0.0614781156139089,0.0330709995276442,0.0535304470983169,0.142806186271186,0.101281293195621,0.0861682784096903,0.154003322670456,0.0759328597390985,0.110447076051682,0.0655763821743162,0.0748798859744143,0.146690862546858,0.00166867767502612,0.105737821998345,0.123166480403986,0.0744427300129284,0.0678308921655326,0.0829133007064953
"Parabacteroides",0.0515029572975467,0.136513818472,0.0184976823506584,0.0443621187633014,0.0135723152439523,0.0471343933645886,0.00299511965257389,0.0324996700552169,0.0731237179116966,0.0661567875733623,0.0295705623815889,0.0719627868178652,0.005678468569903,0.0553715535505567,0.0635455441635692,0.0411183433801027,0.0562593235519915,0.0245979634213682,0.0197038176450839,0.0256674424369622,0.00530337852098684,0.00843867140650095,0.0458179932644766,0.08562123106591,0.0380661294456701,0.0809454393906015,0.0093917150442892,0.079243007515879,0.0332931433171768,0.0526769479758741,0.113193254349817,0.0493971137755877,0.106570358452997,0.08460782113934,0.126937061143748,0.0460541196442803,0.0687742716579604,0.0712645279111549,0.0509485550182426,0.111983790439967,0.0486420993785864,0.0469018280160997,0.094554977889183,0.0482720715573339,0.0116475389142733,0.0200098025612933,0.0658862595444893,0.0606297620933661,0.0235336250514539,0.0580096702617234,0.0336696334674584,0.0992749751058757,0.0406033793566644,0.102457049914811,0.103200217469193,0.0173807955521995,0.0339606036942193,0.0687816436061322,0.0417064832090029,0.101397039210837,0.00227869578781859,0.00136314261342033,0.0316237793695592,0.0472638113033675,0.0728891260802018,0.070938869563336,0.0164817809371745,0.0584801852566541,0.0217603748174779,0.0630422337329036,0.123852041472407,0.111147236475003,0.0355147250197557,0.0756228313796122,0.0935143914888279,0.0610079735667748,0.0811962643681191,0.0678888101371154,0.00767132008075784,0.0785404298395957,0.0396304899150396,0.0920618300490113,0.0599621084540278,0.0217571875847514,0.0574016337378219,0.0360463583918161,0.0769057509242791,0.0759987831971002,0.02655838997696,0.00828439115761821,0.100880137301897,0.00614887723615399,0.0517566243975608,0.0244386559450724,0.0622386908669978,0.0659261618965697,0.111323194185948,1,0.0744252385194184,0.0442591259943522,0.052904316135276,0.0738763610436082,0.0453165915529284,0.0537700728354844,0.0625717542434717,0.00128862374611727,0.00300906643629852,0.00205242811745758,0.0561493105064788,0.122979146514662,0.101307231519603,0.0577298463238462,0.0797713224812261,0.0181759797944346,0.0417198389787051,0.0566248418924851,0.00282370937962137,0.0462912309200036,0.0973429187623482,0.128045683977676,0.0531799108578244,0.0744665772856672,0.0764704680938644,0.131620758495531,0.0339630968751723,0.0579766990060473,0.0067067078011517,0.0953209668308494,0.0406999243210508,0.0274107506423135,0.0152177222263846,0.0366368368519665,0.0991924170838881,0.0602153429694823,0.0446683847444939,0.103334772294563,0.0768269836806541,0.0731345836499421,0.0537969072433052,0.0469827974986351,0.0881028683117392,0.00078001064118727,0.09739661510072,0.0893521244336178,0.0552645375112702,0.0647032389756083,0.0574129207702526
"Paracoccus",0.0486570538585758,0.130751171285363,0.0384791070122598,0.0427331234650863,0.0124396626510599,0.0637460712349259,0.0034331969600314,0.027044499522081,0.0658193492615728,0.0737082683492216,0.0249662072514194,0.0670659805184444,0.00661323262011312,0.0683143256759001,0.0774536861750474,0.0347035710862471,0.0618101124908038,0.0178959147198585,0.0233442291911006,0.0218479665460925,0.00558627479461059,0.00936544011824929,0.0583103352427091,0.0945980088163459,0.0622852467415276,0.0762074450912855,0.020335228982041,0.0998777942937569,0.037646276304742,0.0408966472967106,0.0843580517922646,0.0494204537451996,0.122245648777565,0.0858069792981236,0.131253270666148,0.0417940642353774,0.0994759109960775,0.0569266643576524,0.0446824947005114,0.109684928087381,0.0349468351321456,0.0436027705457675,0.104514429255029,0.0474776973210915,0.0127654382697229,0.0286464197127685,0.0590851345224596,0.0561476653616492,0.0230765962307592,0.0607103899969316,0.0390016511946739,0.0800127298595612,0.03917056125846,0.0652071052363296,0.128363096990487,0.0178266836725359,0.0295650395073771,0.0899817256863075,0.0412404905198938,0.0822255239071063,0.00243486645886452,0.00128093381310474,0.0363566527970597,0.0426416015472866,0.0900895649111441,0.0776266163471686,0.0156068450705888,0.0593114663333458,0.0251629827925124,0.0689838582836922,0.117188003388727,0.0985644989890094,0.0306060399296019,0.0539329034997968,0.102864143007533,0.0603881991925644,0.0753433501016738,0.0739861108775255,0.00719234291424013,0.062467778297365,0.0322812163267398,0.113261930205296,0.058487730477522,0.0191893885131312,0.0481252718642387,0.0532012528511773,0.0668230684422498,0.0935737131756044,0.0365792719928674,0.0121742584483338,0.137673105108224,0.00758631477483592,0.0632118668558394,0.0472107812971375,0.0715917609213495,0.0716580985394389,0.0939027863196468,0.0744252385194184,1,0.0514028498844094,0.0601166234952858,0.0706739557014681,0.0585406322393846,0.041313120161279,0.0778795216896263,0.00146617776268721,0.00364920588616093,0.00211884136030313,0.0654722392936848,0.114102422673821,0.108268994240337,0.0506654726093169,0.0770442553467247,0.0188068850750307,0.0389946300347908,0.0639965919050706,0.00237774047011072,0.0450173508218187,0.12330725023707,0.137195756811546,0.0656826952424285,0.0794477501762705,0.0849427129939877,0.109402892009532,0.0393515261102356,0.0604004396403616,0.00577026250215288,0.0786193491337871,0.0427068495581054,0.0288031970970317,0.0153217472262743,0.0398710949841083,0.104027979304176,0.0599981456184829,0.0466731992685872,0.100338326772173,0.0643885190860082,0.0972136782221583,0.0403064996650822,0.0554583187577127,0.0768699420598286,0.000767555455200369,0.109238041190998,0.100293297889775,0.060276528269204,0.0595985969793205,0.0533769843133632
"Parvimonas",0.0237203488430386,0.146064627735856,0.0172289216626262,0.0123447453251104,0.00225520944997924,0.0965408585016787,0.014750628219585,0.00542343557049728,0.0380435562278181,0.190677181000715,0.00609447778653692,0.047953525899585,0.0329038705214855,0.0496778152797228,0.0935349995250441,0.00820667691428706,0.0341259589552887,0.00229217927326998,0.0494322245430863,0.00438871260252392,0.018796906363971,0.00354256340994839,0.0177756264130072,0.132844076070907,0.0210367028076885,0.0519393913470834,0.00661954407617754,0.0659166897977846,0.125485903096051,0.00922974454801264,0.0904128353519084,0.0878215827726472,0.0982985597438677,0.136560966219972,0.120326319718699,0.0142654809208904,0.0528279368661435,0.0159372776341527,0.0104269094975956,0.091602221631238,0.0103405801485196,0.0143644957221106,0.0671487819538498,0.0223408748647149,0.00869302608136762,0.00798650915933961,0.0224341082465264,0.0268091075182913,0.0206040868445285,0.0223699620449153,0.0102197752394212,0.0954515848739818,0.0238312486474278,0.0407021524537522,0.0754671737710017,0.0109952760350509,0.00615998959291843,0.0847256326119116,0.0152958767391344,0.0763758852493771,0.012121205043141,0.00856398887215805,0.099593428680588,0.0168694553168591,0.0541926794080301,0.19207393687854,0.00837240282436428,0.0898494622248301,0.0776551342425247,0.0602654171215222,0.104703439813101,0.108656124807839,0.0276993711397342,0.0363011740754061,0.107300829588459,0.0637158849536827,0.0677316815869725,0.0762001235696372,0.00834369560417114,0.0650487256447943,0.00897373111505388,0.0731123735837848,0.0638131969806904,0.00330211838525119,0.0241653590942147,0.0419427238700668,0.0523749468257384,0.0592260794933467,0.0641447868058607,0.00321256422845015,0.106012517189607,0.0230714561363915,0.0641674658340448,0.0231581170530372,0.136839790256705,0.163393285252711,0.108425627355843,0.0442591259943522,0.0514028498844094,1,0.204175307411627,0.10497562994456,0.148888897451524,0.0169510093052386,0.133373306494705,0.00988663522895146,0.0182273196644303,0.0104995570241032,0.0262125411812322,0.072268815086788,0.134255107140049,0.0182580795032566,0.0713246235288858,0.00571368710767371,0.00841043201630355,0.084659647690304,0.00535253537641643,0.0217384989718024,0.1152673511575,0.106321180269557,0.0995526433624011,0.0716945707525065,0.203597367496308,0.129725178687334,0.135062041247665,0.115079093210248,0.00538671547517459,0.0558617640928474,0.130326896545619,0.124150901817975,0.0543980164807062,0.0170148369406038,0.0715091667239115,0.0381758780001945,0.0846601753676105,0.0855699087173828,0.0238739933478332,0.0635243351303415,0.0145220264124343,0.0224320767165808,0.0593461129681099,0.00552744897853889,0.0767383627210217,0.111832123096146,0.0522825246039935,0.0204101766535334,0.022288579208434
"Peptococcus",0.0284135190968108,0.151508682969722,0.0194568766233358,0.0140620976114014,0.00242362549661339,0.113718398154806,0.0157947354583772,0.00600837298717835,0.043147612899978,0.169851429443865,0.00693491813337404,0.0555518942762629,0.0337988117007029,0.0570896022061649,0.10632772042265,0.00924497799473694,0.0375859988940749,0.00249336005418753,0.058261814388956,0.0050955746826053,0.0221500913450192,0.00411325086464156,0.0211441740309484,0.122431839751837,0.0250574806293791,0.0539126700827414,0.0075244511720327,0.0672032401016843,0.145759575628937,0.0104471308458897,0.0934153069109164,0.110013085612467,0.102258197148471,0.126326574470866,0.127116023793534,0.017288117635569,0.0582522623962324,0.0168879426068736,0.0117895806605625,0.0921584277415693,0.0127195852340217,0.015913343064743,0.068849093715681,0.0265790871535064,0.00985294936678714,0.00894304276764969,0.02440721760868,0.032193422877574,0.0239202499635975,0.0271823012788608,0.0112588890307918,0.0987566242340403,0.0255584324789515,0.0487502653123494,0.0786569028353634,0.0136902319441789,0.00681446376017538,0.088429045984984,0.017561351223984,0.0800303098599148,0.0116623331173985,0.0087261670057477,0.118656354083568,0.020221799160838,0.056086901558859,0.202203724651,0.0086282263816587,0.102876213412064,0.0918980832815556,0.0598393722019064,0.10840310645981,0.11193908332744,0.0329630349751106,0.0434410933092082,0.102268640896974,0.0735464079258611,0.0767600115046509,0.0827476994218114,0.00910245533778026,0.0826585972062837,0.0104651562327559,0.0738689289654473,0.0796396239178779,0.00396569455247362,0.0268722973161709,0.04929896042377,0.0537311208277914,0.061162783043792,0.0732164136361675,0.00369437845938401,0.110640257360843,0.0267129994456816,0.0702434658368249,0.0264278641490376,0.138762818880491,0.179435843949559,0.11376233346022,0.052904316135276,0.0601166234952858,0.204175307411627,1,0.118820233004665,0.180382143408654,0.0208391588404737,0.135085260254714,0.00965433923708362,0.0181275214404354,0.010601122305328,0.0320109241524382,0.0750100108784129,0.128547730320968,0.0218780013268549,0.0670399229815184,0.00633651090657461,0.010256326477269,0.0903143946746781,0.0061898860059362,0.026087441882252,0.119006541376244,0.108874337234141,0.105594058667567,0.0656326457739394,0.216699258931504,0.134836552632453,0.16268329729432,0.134275009904001,0.00611791318981284,0.062354854462152,0.153640562856583,0.134194271373073,0.0571439230879559,0.0190686285266377,0.0737997394631056,0.0433776195767956,0.104102944471307,0.0902581356521262,0.0251354000040439,0.0661388637772664,0.0177022636807348,0.0270959010082873,0.0612883738143477,0.00558851782930315,0.079264097978228,0.114307959269101,0.0588951468898271,0.0243657310313182,0.0264841658830189
"Peptoniphilus",0.0394980847183869,0.181916123811049,0.0235114501771514,0.0293632671729524,0.00581678351342059,0.0772317254017122,0.00708952862140738,0.0137958831863177,0.0546196775148373,0.114099766894027,0.0147279358714394,0.0707931247420354,0.0131651776728467,0.0648218076136827,0.0890514612447861,0.0198329735189272,0.0568391881995233,0.00819260412483159,0.0340993543803622,0.011673777403662,0.00956086375415642,0.00553955576871969,0.0320241700396945,0.107899431440443,0.0371208809430522,0.0705604407808801,0.0103876050674987,0.0900079359083549,0.0741496652023861,0.0235750629087574,0.103728087908242,0.0766877338219943,0.118792847288678,0.11350553690475,0.135054189809734,0.0297339298401163,0.0773731549415668,0.0358093098636694,0.0237016587942117,0.106306384883083,0.021460799198361,0.0268254976754259,0.0911853139807527,0.0408101376804659,0.0111183172650844,0.0150143658520825,0.04041437995549,0.0479948912891844,0.0261609482387287,0.039340105464138,0.0208923539567923,0.118139160621429,0.0366484860573386,0.0629946635553391,0.106752539082769,0.0140253671164537,0.0153747541017413,0.0994004303119433,0.0277273487346538,0.0936885464688047,0.00394474975816626,0.00342997253068182,0.0653281392563833,0.0353200086405103,0.0820293372718375,0.132582051104082,0.0120848832081745,0.0859733857911776,0.0408939368029624,0.0718670281559524,0.144646266257083,0.138632819205464,0.0410543452300171,0.069409495038037,0.105563742711567,0.0708877172983457,0.0809949486169833,0.0812331077025412,0.00553389789536564,0.0730132274611222,0.0236519627008559,0.095583649311703,0.0674178052896905,0.0102437277461544,0.0393939179829431,0.0478887673659937,0.0780678578479462,0.0804102541053275,0.0443865317689864,0.00602697423554382,0.12744494237517,0.0113527276019297,0.0680877852732525,0.0326004318008225,0.0966114635759595,0.122308672685146,0.143752078520147,0.0738763610436082,0.0706739557014681,0.10497562994456,0.118820233004665,1,0.0942573862341965,0.0383281790624008,0.108234194928535,0.00295573888199172,0.00661919584524317,0.0036302671452479,0.0473751082921674,0.117545942928552,0.138022056155619,0.0348154287330242,0.0942346291898783,0.0112815518859178,0.020947919528638,0.0735038851664587,0.00380084336210202,0.0380921943440206,0.125535059607002,0.141907539093386,0.0835301234890821,0.0762272464954591,0.136050506192877,0.149200747203156,0.0814924579874028,0.108540791313026,0.00659411927438153,0.077921829802659,0.0795923892627606,0.0587895743776613,0.032954843720381,0.0326396930697777,0.0965547201078953,0.0577311781933968,0.0653177967227285,0.109498866971544,0.0485330228221619,0.0769517118057927,0.0332512544292511,0.0361059521496152,0.0981060096981933,0.00193093743392447,0.102103781932897,0.113304821579668,0.0540266370099242,0.0359566531341519,0.0417964135758423
"Peptostreptococcus",0.0287510345908789,0.147367156508878,0.0165591663839966,0.0140347920452026,0.00280725190550865,0.0868956452926646,0.0128094994063244,0.00632385823566492,0.0460813569868142,0.140711396807206,0.00745757063198515,0.0515631005532463,0.0245585167834187,0.0485283448022898,0.0848127704200975,0.010490020034374,0.0397672763186358,0.00320746461637733,0.0395469521135385,0.0055729894487918,0.0187563141498187,0.00360033683847112,0.0200660926974962,0.1134690788584,0.0218328622714184,0.0560933467485126,0.00589676883953522,0.0752907691670576,0.0967502624461465,0.0108199184156976,0.0918175335633104,0.0879587157508377,0.116035119519236,0.113250227652266,0.131672526824486,0.0188528804879464,0.0466025240587888,0.0216666829261685,0.0118902945815816,0.092782996525455,0.0115661905100388,0.0159267726081465,0.0775763735446342,0.0287799378131123,0.00733746006449578,0.00848175833961633,0.0300710294690479,0.0301561394182336,0.016590304171791,0.0283672267799874,0.0118984266434502,0.094087232729987,0.0211899882629923,0.043059204828863,0.0962985492035638,0.0142897150493658,0.00764959460493508,0.0917827942483869,0.0185315310904772,0.076708228405991,0.00984666311700529,0.00645586323905139,0.0793268177229023,0.0205053818915526,0.0682858353182614,0.166731200337275,0.00720041705809951,0.0693363790625493,0.0739800119995826,0.0601315930320004,0.107394573868178,0.109515967613858,0.0251447657286014,0.0353781327600544,0.101304849934195,0.0642877361942723,0.0600370845785018,0.0830563012811804,0.00733955629784203,0.0602162605932979,0.0102265278693238,0.0805662416695269,0.0609110794977948,0.00415335845370381,0.0232755175038958,0.0405830551971993,0.0539295857418297,0.0671216435694187,0.0473763488145027,0.00318663303872727,0.123929583085923,0.0193941947271827,0.0596945819068917,0.0241052123760847,0.132279605497739,0.151317476343194,0.105050654955196,0.0453165915529284,0.0585406322393846,0.148888897451524,0.180382143408654,0.0942573862341965,1,0.0178754021659573,0.121770605147894,0.00823112585432993,0.0147873198408144,0.00901159856316887,0.0302176369592254,0.0813022689303593,0.123598630385715,0.0240368166434874,0.0686384451603425,0.0063745577438077,0.0104066793297472,0.0782283423194178,0.00480489525214318,0.0267121489712451,0.127874390517597,0.115804620209768,0.0860831894966325,0.0661053670970498,0.190649816318461,0.125269256051131,0.106898791657556,0.10019678832365,0.00415727063114794,0.0644901657123865,0.0975619596630176,0.0990113989900782,0.0349575987984193,0.0195839638978178,0.0811422902810029,0.038207714662331,0.0767915467003378,0.0926848687267521,0.0320341759341225,0.0718640841348382,0.0165080292830301,0.0273582563597228,0.0645387071361689,0.00432060511761579,0.0909397022066865,0.113570232141668,0.0437682646968558,0.0216643201822139,0.0257969716944649
"Phascolarctobacterium",0.0612005001561302,0.0781103930361783,0.00992479731522225,0.0625615181992401,0.0222463618244537,0.0128005543851368,0.00100327812527781,0.0440283325962304,0.0578493734264124,0.0238883895676482,0.0431505933553587,0.046309043971211,0.00147450902004869,0.0527168236765984,0.0300760682366235,0.0821126493415109,0.0563312967323439,0.0558277758391555,0.0104496157147177,0.0443751921392791,0.00259336155874255,0.0108350796035805,0.0346747655284274,0.0444159711018138,0.0172865692628443,0.0590172087284218,0.00681637781549758,0.0730973871562421,0.00905396066309299,0.0904548404405195,0.0547624458150456,0.0251127506785121,0.0645759522935239,0.0425867198734127,0.0605790779528109,0.0906214373091694,0.0404077716869172,0.111559420573904,0.0577023548806905,0.0443245807217713,0.0560234121277527,0.0555553549163219,0.0598969026248481,0.0558271658535518,0.00745123716977985,0.0146693499912779,0.0892066296357247,0.0652470114917519,0.0184697680012697,0.0626950345925041,0.0348931648175056,0.0625234896527124,0.0302909465919509,0.0577782143468401,0.0923789173595974,0.0192394239271749,0.0571279826898117,0.0285133652861964,0.0887187014882834,0.0620947684292167,0.00125474786017458,0.000568815569720665,0.01007024140502,0.0495050337519063,0.0744186785762809,0.0279324394633446,0.0177399336912881,0.0218651150184626,0.00533566363746775,0.0612757251586216,0.0901547243817507,0.0658352004178477,0.0216215502030241,0.0602301276984675,0.0492560502998665,0.0431564807498808,0.0390788632177686,0.0279671056735982,0.00655186118786547,0.0346803433009317,0.100767652455264,0.0906715425668128,0.0203626978615648,0.0410457711593842,0.0570013653120262,0.0216173214393702,0.0651898631036733,0.0755971473565136,0.00886959070447353,0.00732782704331488,0.0686510917135278,0.00250010933625817,0.0177018440144044,0.0130040181315416,0.0275038857805378,0.0256768645926883,0.0635892443328732,0.0537700728354844,0.041313120161279,0.0169510093052386,0.0208391588404737,0.0383281790624008,0.0178754021659573,1,0.0229740378089849,0.000500259312976962,0.00110859607704117,0.00065680017688462,0.0453303186971963,0.116727048204763,0.0647483563624247,0.0678825117833695,0.079110044698026,0.0200362541821311,0.055268678225814,0.0284109739152846,0.00140448662054151,0.0480594084496484,0.0579207464997407,0.106227292034745,0.0320179911199643,0.0560041190031447,0.03007949012356,0.0703215660342145,0.0087804378513206,0.0253823448131674,0.00532965416628846,0.0441012205291995,0.0116571292563748,0.00685667948742541,0.00498340189256022,0.0580560623401353,0.0950083374620831,0.0873613129244375,0.0120634506709607,0.0732205489124893,0.0944257224378692,0.0577117418799014,0.0750401156063859,0.0621500288802986,0.0889099526567037,0.000322882615176099,0.0601257360225212,0.0469742479185096,0.0212232849707998,0.0548140036754972,0.0701644527641921
"Phreatobacter",0.0402898136762127,0.153506949053,0.0493779072919784,0.0198424554435698,0.00511103038643776,0.107959827044919,0.00769405452429188,0.0108838128942116,0.0604292757220005,0.137966821046906,0.0119483832398354,0.0708569197627459,0.0155580125734001,0.066196557748179,0.123884120550797,0.0129750624265981,0.0511780815623276,0.00386125679043074,0.0378339164124833,0.00871774119723046,0.0121234899981766,0.00754235359399145,0.0362696294955406,0.120891142305187,0.0539601084282895,0.0635258684539234,0.0253102494520436,0.0811338768507932,0.0865835229491742,0.014722602996268,0.102342937602464,0.088970068027464,0.130708093853466,0.1364616994568,0.146757908174537,0.025306509295849,0.066445256530974,0.024487459876522,0.0198531574628608,0.105740119236883,0.0175226753766938,0.0239516471239968,0.0879801017628649,0.0361107890541467,0.0200372859689423,0.0236384994721878,0.0335604423414609,0.0410487623348121,0.0269685402414743,0.0368227391225687,0.0177921571604345,0.0980395301836644,0.0374508227030296,0.056929342259314,0.106303057492623,0.0144620396894508,0.0100172458538946,0.127844395963117,0.0238333287671716,0.0916096233692351,0.00443759219097395,0.00392593484035441,0.0844509728211994,0.029742248595984,0.0745580570290508,0.142880174265686,0.0120837139824961,0.123555656263726,0.0562096186164647,0.0633348300077582,0.116173290515173,0.114515259172015,0.0408827900511895,0.0489220138538326,0.112372426673466,0.0815556319103096,0.0844884640190407,0.120081225104466,0.00539257652774453,0.0722796755540776,0.0138317430605612,0.0890247820700498,0.0761832137563364,0.00792166660398352,0.0339851111978744,0.0748693202749795,0.0623968786479709,0.0784537512140731,0.0612507153527288,0.0133509303038561,0.137866191133679,0.0142054841171483,0.110829462952377,0.0594048597996053,0.115611635978291,0.128256408430775,0.117672358951157,0.0625717542434717,0.0778795216896263,0.133373306494705,0.135085260254714,0.108234194928535,0.121770605147894,0.0229740378089849,1,0.00332419511516527,0.00779542914322412,0.00431036585019762,0.0461855465050985,0.0863609891579397,0.13002392763031,0.0322967803611819,0.0688464712134107,0.0133367876619406,0.0179045054200471,0.110344134119047,0.00366648812464367,0.0379646997926113,0.127468681832527,0.121858791498288,0.109969944799569,0.0724404265999206,0.15687056691138,0.140668167646988,0.0941943033353333,0.135294769681161,0.00967787361053809,0.093348765160211,0.103090612133949,0.0679899529890013,0.0377022941749017,0.0267925664296488,0.0833820294556496,0.0501355925590995,0.0804996948842084,0.0951620195945261,0.0341043384741673,0.0800092728318177,0.0221311530800301,0.039572251389085,0.064930150160392,0.00203909501527146,0.102505629446239,0.137083332873436,0.0748478318176822,0.0314892188480383,0.038092371291242
"Porphyromonas",0.000792521835275511,0.00414248381960067,0.000206504088367298,0.000726152021420198,0.000247077194972934,0.00316452270992484,0.0341761261660459,0.000344145912260135,0.00150476281219725,0.006241595899706,0.000417764119958039,0.00172928732386057,0.0367684216944297,0.00179370013008005,0.00304490888339938,0.000475451845660824,0.000923569585103753,0.000455832942855272,0.0155432727457641,0.000192965288199284,0.0168231202837955,0.000603358603473336,0.00046435439195746,0.00478524574325479,0.000272450735805419,0.0017429796608348,0.000111577595705474,0.00157462566992997,0.0145963802894137,0.000641229351867611,0.00270338961015274,0.0044688348649376,0.00247421051815249,0.00436486648859273,0.00340855359591151,0.000719993440633694,0.00138204586171385,0.000733164733170453,0.000483583841090158,0.00285066771943959,0.000265425820662614,0.000668839627360117,0.00154389833544378,0.000808373189207005,0.000185891637059689,0.000180029609304156,0.000996288261024977,0.000847230214709872,0.000534558719465326,0.000751578633747086,0.000356180638645154,0.00320020692530268,0.00035326674556928,0.00125651327634709,0.00178369017393719,0.00221157120169949,0.000548047752049186,0.00202988846308486,0.000581344480451217,0.0023925514026513,0.0591249597786363,0.0271746593619716,0.00987411460095101,0.000459989788852934,0.00133123085988278,0.00875497407936922,0.00119128342974482,0.00180435460287211,0.0175336987768973,0.00261560270906854,0.00244465242549312,0.00282451144611828,0.000708281640641207,0.00104604112005918,0.00429807953971837,0.00217971352489848,0.00188150637593385,0.0026019055914004,0.0174005280960475,0.00264220944360915,0.000409783549628822,0.00231667369793054,0.00367451082287193,0.000192187759505254,0.000735277905579188,0.000678128672818079,0.00144487735199952,0.00149781189830716,0.00347185435081805,7.63535981993111e-05,0.00289604576662681,0.0341442461657457,0.00170782382185258,0.00029909477333626,0.00552989657759806,0.00888743070496738,0.00273921607781315,0.00128862374611727,0.00146617776268721,0.00988663522895146,0.00965433923708362,0.00295573888199172,0.00823112585432993,0.000500259312976962,0.00332419511516527,1,0.0506117169541018,0.0739964076490235,0.00109950221383835,0.00165756135086946,0.0039835280021133,0.000769044533955087,0.00260373678777151,0.000227528768975848,0.000288503995073387,0.00197674996043557,0.0171631602923079,0.00051506788111482,0.00339844304024765,0.00252698297047975,0.00306452347196424,0.00182108392727512,0.00925550098646121,0.00418748422048309,0.0140706938867861,0.00298273339210178,0.000796367020985191,0.00163992802649037,0.0128227424900295,0.0317005695460015,0.00786647090848402,0.000504305763423202,0.00170405970651293,0.00124279353249333,0.00873774517715544,0.00242190080236047,0.000974656830688998,0.00255316379627151,0.000410767577785234,0.000890219169463504,0.00137184613713443,0.0531580109926745,0.00251532258152126,0.0037685114215926,0.00111518323626045,0.000697507086585189,0.000709772899770367
"Prevotella",0.00209047281491204,0.0105864256893724,0.000749852648683729,0.00148115091081141,0.000625052563119791,0.00622087518564792,0.0264506429105672,0.000790547342193211,0.00347373312223914,0.0127557632451532,0.00107148732392896,0.00430681788971038,0.08862597087301,0.00472643766042685,0.00578495374499812,0.00112488473922976,0.00306288227358165,0.000365990149569112,0.0154557997543711,0.000461221706129157,0.0121368086098754,0.000559068299225038,0.00172360118284175,0.0100949593067456,0.000993631513886504,0.00454666092265892,0.000307980907147034,0.0051003415843254,0.0288645598320744,0.00153049146847447,0.00632834897578331,0.0105247426745173,0.00735804816492774,0.0104779199572194,0.00818525333800006,0.00248613406914614,0.00334035437013617,0.0021317377431506,0.00158922010312733,0.00697146171643085,0.000650395613626725,0.00155973096804941,0.00487053764403011,0.00238615647952921,0.000465609203833581,0.00045247978024326,0.00322631278054292,0.00240386085979564,0.00115239634119564,0.00185930343939679,0.000944766262086961,0.00739261905042865,0.00103438276034203,0.00331564085002482,0.00649665730347834,0.00198332500471212,0.000857090177882745,0.00560034642464989,0.00154201034379405,0.00551613743388213,0.121686500370836,0.0135215715307744,0.00976378699107636,0.00144623675236994,0.00460299316151384,0.0171499928203242,0.00171092872443435,0.00473071824513463,0.0203141938727532,0.00610768007266946,0.00737334281382078,0.00743842890496643,0.000783982381033961,0.00276258278538968,0.00937516220107482,0.00431364384984505,0.00401057324865369,0.00620631285579758,0.0557254019837079,0.00512774025362704,0.000924774890529778,0.00697840234423365,0.00893737431293201,0.000259758225988232,0.00199368166918749,0.00194500521885258,0.00415937559063804,0.00564553147971924,0.00389698732086994,0.00014468542826733,0.00831590749357379,0.0212384653060064,0.00459243308934535,0.00105201856424739,0.0110403492721365,0.0184131181800863,0.00711019559297958,0.00300906643629852,0.00364920588616093,0.0182273196644303,0.0181275214404354,0.00661919584524317,0.0147873198408144,0.00110859607704117,0.00779542914322412,0.0506117169541018,1,0.067995993359687,0.00274563075569976,0.00555646514050783,0.0105381045199922,0.00203189522382038,0.00713467151854788,0.000434242885773151,0.000851633224612748,0.00533360407157983,0.00864649312468709,0.00156357367531551,0.00864260441211806,0.00818324549393013,0.00619041186826571,0.00525847057762099,0.0186558371244003,0.00984082134968655,0.0268830407674176,0.0064230346160278,0.000437483300101968,0.0044034319155896,0.0237508193181307,0.0424193262394299,0.00474753979605039,0.00140033009151142,0.0052030305499892,0.00313628736269495,0.0157225943860524,0.00674730923551473,0.00286078223697625,0.00578310125838926,0.00105152523543757,0.00254354933175226,0.0047185422330297,0.0296719340143755,0.00695798199681415,0.00881942705826146,0.00239580537088256,0.00207518160483952,0.00268839996020669
"Prevotella_7",0.0010211815970511,0.00524460861620475,0.00028779117044193,0.0010953139053048,0.000269637152550877,0.00405428263297352,0.0496526054097188,0.000644938401663874,0.00198756567705726,0.00704809494460188,0.000723354691446644,0.0032721259049944,0.0362307958421663,0.00250435234367692,0.00369095509032223,0.000694283079394918,0.00141875077719641,0.000499990931565539,0.029288371269169,0.000251956078374337,0.0221878274006614,0.000552754083628918,0.000840797950456842,0.00614669231161686,0.000434014401323147,0.0024710848052283,0.000140997820391673,0.00212629389460353,0.0186268536700783,0.00116386145474676,0.00351299540573999,0.004670960478938,0.00347443517542639,0.00544631106430833,0.00477719322360666,0.00123802360085889,0.0018751153238877,0.00134948275421016,0.000932042117886071,0.00391466915011501,0.000407784045255039,0.000865957742812257,0.00206340571928509,0.00102701751586946,0.000261836893999515,0.00021835232406157,0.00177666904701354,0.00126364792863319,0.000662782244163426,0.0010353588223589,0.000478051702311811,0.00367026862700742,0.000542792080654263,0.00230861343286952,0.00255016135176903,0.0014375205358593,0.000823255844548402,0.00286756758864046,0.000849720722257471,0.00308139293341603,0.0801756932289942,0.0286713956384427,0.00871428850223698,0.000690621267563801,0.00193848544426965,0.00945851553271643,0.001789605662802,0.00226150752476127,0.0374703801261784,0.00422777637303617,0.00348721224393381,0.00371380435867406,0.000575376346816344,0.00137175756375142,0.00542628993579286,0.00293813706272863,0.00251062911388232,0.00355226009689918,0.0373360906629093,0.00320156364311514,0.000637473803943791,0.00323213645097022,0.00730974930081616,0.000344150339499092,0.00110467925996,0.000933531526250517,0.00188496399167829,0.00217304791199663,0.00303239980129785,0.000110015806147399,0.00397179640375485,0.0159256918849247,0.00239215530674201,0.000403391431547746,0.0069974129823655,0.0114287304902406,0.00339129468747299,0.00205242811745758,0.00211884136030313,0.0104995570241032,0.010601122305328,0.0036302671452479,0.00901159856316887,0.00065680017688462,0.00431036585019762,0.0739964076490235,0.067995993359687,1,0.0018423857629723,0.0024000406542311,0.00474069846251116,0.00123585425928279,0.00338198863251895,0.000221690873584463,0.000590716129673036,0.00274227012143252,0.0254852898367591,0.000657024467587433,0.00463505332748853,0.00330366163530667,0.00402528491095433,0.00227266220086371,0.0123872959677438,0.0049030066711327,0.0189914487631403,0.00374205334805782,0.00100644357867892,0.00276839509588787,0.0176606483874044,0.0234889040327218,0.00674526600645055,0.000646990326868534,0.0022482258474274,0.00165835602377342,0.0114762562665816,0.00329641776820826,0.00155905686364623,0.0030001489345137,0.000615589253858654,0.00136519306523093,0.00191361868213023,0.0701739581757861,0.00401241477096693,0.00488910403649713,0.00156342771976596,0.00118115572929354,0.00126644003260444
"Prevotella_9",0.0635222651373443,0.109201835861309,0.0186128511691611,0.0761117009208338,0.0166110496750356,0.0326781526094452,0.00275670825397572,0.0367722845278134,0.0891887655040211,0.0394865516184205,0.0404418225598186,0.0644010324458924,0.00383393363052016,0.0505213492068574,0.0539470769930324,0.0466841299953022,0.0741129123153991,0.032622513502242,0.0213840378681342,0.033657460285491,0.00408225950837112,0.0122092495820548,0.0505841706071346,0.068389550335753,0.0282543780982423,0.0803346656102338,0.00882143371474822,0.0988993474206385,0.0197080881760055,0.0628284934811726,0.0691304551676381,0.0340284256012657,0.109803462214453,0.0605458743557847,0.0934374203718527,0.0666538166123876,0.0511552390029581,0.0991740865150387,0.0531654158106169,0.0812591639972626,0.0388755611918203,0.0524235510467772,0.0870146482505064,0.0623587426493307,0.00765682316012855,0.0198141833811957,0.0948729807369716,0.0661649171267811,0.0143067577691238,0.0587956998790345,0.0411596160597375,0.0771438910793661,0.033494623100162,0.0617989187665809,0.141461723296759,0.0184103999855518,0.0432029464853331,0.0629005546625693,0.0525479861259037,0.0864303512096733,0.00215905109050035,0.000786882346226652,0.0181924654555956,0.057667032560553,0.10540389870808,0.045557387988878,0.0150563475624924,0.0344247973003836,0.0135618415477591,0.0736476468854966,0.101744898824113,0.0772682582981204,0.0224179484311517,0.0523409084805721,0.0872799958092443,0.0550232480987845,0.0498541346627714,0.0537950124521156,0.007916129964163,0.048301837903702,0.0493537578652114,0.127784428463568,0.0406339480974451,0.0305435740514083,0.0512620773121137,0.040260521694941,0.0697267536718224,0.102084611981868,0.0195223068256335,0.00770496849796446,0.133816911022398,0.00377465026432309,0.0405666463685808,0.0268630259671726,0.0485655892077166,0.0426584445928591,0.0835584067554395,0.0561493105064788,0.0654722392936848,0.0262125411812322,0.0320109241524382,0.0473751082921674,0.0302176369592254,0.0453303186971963,0.0461855465050985,0.00109950221383835,0.00274563075569976,0.0018423857629723,1,0.111962663652946,0.0866568257955788,0.0712379069223242,0.0796272970843068,0.0225725843263547,0.051075306371274,0.0440149713115869,0.00305314030184067,0.0500433534852218,0.0979604719112726,0.128081240453982,0.0502939489473662,0.0667848484834616,0.0508379255003255,0.101701768465266,0.018054852028793,0.0373006704976217,0.00445234863504071,0.0660030457075622,0.0222362707061378,0.0135814412474433,0.007476845212094,0.055721055660725,0.0925192655726825,0.0633906142097814,0.0307891799030679,0.0947838550087543,0.09947963916887,0.0948268961276414,0.0530404872090558,0.07311660730457,0.0800078606932419,0.000751888884514617,0.11368550836615,0.0977017792178283,0.0381390301265395,0.0599048175385999,0.0657764906531931
"Propionivibrio",0.106735224963139,0.173611350866706,0.0362983668165297,0.0942314241064845,0.0210403809908734,0.076052359570364,0.00440921011525625,0.0517906176567747,0.120679742980031,0.0864979135521568,0.0576500631238303,0.119409382036871,0.00832639974433187,0.130810188895469,0.0796384073438298,0.0738350521639736,0.141154249075819,0.036388079068676,0.0398198377932212,0.04364545915439,0.00765674187795074,0.012769328660244,0.0890837530486241,0.112465038690128,0.0702645961686012,0.130221190008905,0.0143399280597142,0.159121749183427,0.0661490509830753,0.0855716975512191,0.127824651982868,0.111249430978086,0.151916342430385,0.11007494943464,0.144729007992673,0.109486574986984,0.126005921350848,0.112797245688935,0.0836354076233647,0.0971791186029391,0.0751827657942276,0.104064026301312,0.160774867828926,0.126590563692022,0.0176174352537037,0.0293295778357903,0.136751735225701,0.146868460978053,0.0529402733146739,0.105798414783155,0.0653402217386139,0.144056620111787,0.0908371401017323,0.131262089330926,0.19425164274469,0.0308181599661475,0.057644037703545,0.0956202486727599,0.100734306453006,0.134629824757489,0.0040756815910012,0.00159652147418464,0.0573620245223128,0.110962297294216,0.156950560250177,0.0934140806063239,0.0230275264753909,0.11663873149348,0.0295096971033521,0.118623153385497,0.19975399420166,0.160757008484407,0.0992094909060398,0.155133268853881,0.0989553488388412,0.0864778108347554,0.0865172931249865,0.0940466442669597,0.0119423716296529,0.12572088781564,0.0792341933228059,0.145529400607241,0.0903691257104719,0.0359002238836539,0.141815099242498,0.0972373796295928,0.142896996632379,0.175477897653227,0.0422578970687559,0.0115089011327319,0.150722414257312,0.00745837290141352,0.0772421394853771,0.0555654640705587,0.0889214862294803,0.0944528182304237,0.169578553487651,0.122979146514662,0.114102422673821,0.072268815086788,0.0750100108784129,0.117545942928552,0.0813022689303593,0.116727048204763,0.0863609891579397,0.00165756135086946,0.00555646514050783,0.0024000406542311,0.111962663652946,1,0.162400756383097,0.132058075028409,0.168528148904114,0.0369775524739129,0.0752745311684446,0.0986744482506454,0.00376844468068029,0.108338672044858,0.136626583861136,0.246523195908533,0.0995912391754742,0.19245112205097,0.0905570518978711,0.145380727096672,0.0587166473055482,0.100738632357795,0.0108806658372013,0.127159761447263,0.0592977708391636,0.0396647952034668,0.0225501158959026,0.0914461405825911,0.219521423611448,0.151616157532844,0.0658130811491721,0.191364392346252,0.135394919524819,0.130401387597849,0.118948497705971,0.130613223666176,0.213373835830134,0.00094662653255977,0.122247913962362,0.107647331862873,0.080489359614693,0.118218009941435,0.12986145750467
"Proteiniclasticum",0.0815169909992777,0.193057474180433,0.0384334021330186,0.0530848387763807,0.0101354890996935,0.110351846215133,0.00938511113618474,0.0256426399135196,0.0943951310803937,0.144544374054889,0.0295088814486757,0.105255698321935,0.019123641649944,0.12033867019964,0.115275391389332,0.0387686612371796,0.124719507562329,0.0135674128671683,0.0541818471653442,0.0212505434415077,0.012987158049507,0.00916164918413807,0.0651179357052422,0.147515246769421,0.0533283175608417,0.128550825572026,0.0133652479937786,0.150496418761644,0.120252841303221,0.042895007755281,0.138588641258336,0.145759534312997,0.151414215837551,0.159248675337783,0.140814217871753,0.0609866817741709,0.116620856473427,0.0614741785296231,0.0467400932848853,0.124320328190955,0.0423173267459184,0.0631573643127767,0.151659440708327,0.0879731342954191,0.0163932431444183,0.0214829483670508,0.0810582150141188,0.103594881192799,0.0412973681658684,0.0734901263372207,0.0406500479640057,0.154389196918903,0.0761842199200853,0.0956550198124733,0.169226800843343,0.0229868061075533,0.0289283809110847,0.126012965467655,0.0627931594977541,0.129888021783978,0.00662438849610259,0.00423356865535491,0.0890138006620078,0.0749629866075539,0.134605712899697,0.13974087096161,0.0164646102497947,0.139105297562135,0.0536914342495352,0.113115274409488,0.168406433173767,0.164166497826354,0.0799792641166808,0.115063362195025,0.13609153254887,0.104004166929915,0.10492558357221,0.125472508337462,0.010000352581019,0.123611999683021,0.0401785539274748,0.143092361270646,0.100313717627316,0.0155544944369406,0.0943793264809348,0.0908845975218324,0.140684265758647,0.146600826694172,0.0605532454815701,0.00868967768237242,0.160942994642311,0.0138351572295418,0.117818492887121,0.0568891082764636,0.130559647205595,0.13996883452744,0.161670749537496,0.101307231519603,0.108268994240337,0.134255107140049,0.128547730320968,0.138022056155619,0.123598630385715,0.0647483563624247,0.13002392763031,0.0039835280021133,0.0105381045199922,0.00474069846251116,0.0866568257955788,0.162400756383097,1,0.0789119976202691,0.158365848285373,0.0225109530486701,0.0385707128113378,0.132170792338703,0.00471083405972189,0.0829324050483957,0.144751291292202,0.213642245178742,0.132998291123228,0.175160926575423,0.137000220131026,0.164391625683347,0.110436099509647,0.132083275802712,0.0107371679314917,0.112487929404168,0.116255039727283,0.081618487041035,0.0410440349074,0.0658153413788687,0.161065847646848,0.113327080851864,0.10256347004431,0.164909175155217,0.0815609124559207,0.132808813733767,0.066823942019071,0.0906641963604805,0.15671799708912,0.00244302824486257,0.119277833829032,0.136672693752383,0.0960531873371231,0.0826581352352534,0.0896788059127458
"Proteocatella",0.0952362014185011,0.0912708043041163,0.0191931758726103,0.0750592429545439,0.0297362215727844,0.0297774005296797,0.0017642728747501,0.0663007471124665,0.0793068259810953,0.0299288894607147,0.0621450604156264,0.0566019547401266,0.00246525701621068,0.0483062302772625,0.0341829692751161,0.0790479637761314,0.0756376500593647,0.0604875877397905,0.0163248659663873,0.0515814166407788,0.00269935606748578,0.0145503194571187,0.059050455311071,0.052479813924124,0.0299911507304271,0.0707508859912607,0.010889928673873,0.0990556705458698,0.0155214869072275,0.0817851663795892,0.0592169995345556,0.0330369022769519,0.104556196755919,0.0491317967985344,0.0825435772435464,0.0892059816892694,0.0439546561981988,0.105732332867972,0.0732082520741288,0.059875987138008,0.0647404848583362,0.111176133909109,0.0867614071840194,0.0862272112752713,0.0112418813728275,0.0280761683756872,0.103754560635321,0.0689799216368386,0.0183770951811168,0.0867695489083257,0.055403596383398,0.0631899732348952,0.0594601087527481,0.0696616273022384,0.145312599491145,0.0284907482522688,0.0566172302400366,0.0444467215666072,0.0782803900807728,0.0823936367606172,0.00243546085694045,0.000532916550834467,0.0164478126330767,0.077011775672174,0.122209577403375,0.0324232349722345,0.0274889668347673,0.0336463201369926,0.00948187720508456,0.0644859377208062,0.105037922023915,0.0712514897638143,0.0315543485600414,0.0595492569370901,0.0612420888210434,0.0473928120025788,0.0408394498611539,0.0382185352218338,0.0085597966361259,0.0435016117288296,0.073635268093065,0.111858572685477,0.0409328217442722,0.0504807727107912,0.105088947594558,0.0462581959805243,0.0605515386444768,0.0966802404295065,0.0147383527272584,0.0119411011591155,0.113858887452067,0.00346111054630833,0.0328512184568564,0.0236587299179377,0.0385586519170807,0.0304512470318697,0.0725452262159424,0.0577298463238462,0.0506654726093169,0.0182580795032566,0.0218780013268549,0.0348154287330242,0.0240368166434874,0.0678825117833695,0.0322967803611819,0.000769044533955087,0.00203189522382038,0.00123585425928279,0.0712379069223242,0.132058075028409,0.0789119976202691,1,0.0819431792933678,0.0415278262863999,0.0700125846463618,0.0432653290522192,0.00200909062137003,0.0809153124210495,0.0798491861597116,0.129995619916656,0.0396887837046628,0.0779441892109367,0.0355480435050227,0.082616883651135,0.0136464252303276,0.0275480856735282,0.00725852971762043,0.0585534338386402,0.0163833251078276,0.0102374483328729,0.00675127996988709,0.0710491625259183,0.104988886708721,0.082150047432145,0.0234556262186777,0.08224422876022,0.117760052105434,0.073082986673932,0.0729271918541938,0.0889814330912968,0.0852792844891014,0.000357406007490859,0.0943881505517407,0.0739605382672816,0.0389167588100307,0.0693100659210487,0.0744111723501242
"Pseudarcobacter",0.0739720404113501,0.166933181309124,0.024930378104722,0.0713358887531248,0.0168571082665492,0.057923905483814,0.00559015303460696,0.0401416353893649,0.0789095154530565,0.0778351730428788,0.0435116296063223,0.0935686499439342,0.0119112563398625,0.114036908422783,0.0715359183028326,0.0574617585301575,0.1112314489833,0.0279750427864949,0.0518437031296235,0.033763442345701,0.0075400341519451,0.00947843946719974,0.0562868779806234,0.11173854138042,0.041682349703113,0.0950213553095947,0.0095825193706163,0.120946004114573,0.0594621296543577,0.0620032457279727,0.0922650563114681,0.106039695413924,0.121085144727146,0.113154828711304,0.104894660252878,0.0770224176573036,0.0967113426112469,0.0735472981549618,0.0577027380224156,0.0836633930269763,0.0462496785524951,0.0721584809591752,0.0995052405787908,0.0933135332767625,0.0120861515740346,0.0230193795662762,0.0868603223603298,0.0886309059946997,0.0336456007580635,0.0692572927061831,0.0520256823151429,0.108568420918548,0.0766791285780652,0.0837123763450817,0.153488272142118,0.0225346339787304,0.0443606241414694,0.0727981649324453,0.0710711483180966,0.0879373186314423,0.00505056861428771,0.00204399195481496,0.0465981836305615,0.0758038295617447,0.119717239164134,0.0741685609172342,0.0193094659762491,0.0775226760105593,0.0287607539631175,0.116154330998768,0.163642475509952,0.134524144325608,0.0607327528677964,0.108882356673967,0.105730038050069,0.0816246315787572,0.0786417323034242,0.080460004454834,0.00989383855156819,0.0803918275833725,0.0611530483422371,0.148711409130023,0.0811603468774461,0.0246096483941459,0.0938987884254976,0.0633503652022407,0.120029676639197,0.119985026477161,0.0351641655512978,0.00776959047733036,0.138706262519153,0.00864480836686475,0.0739462480884917,0.0381882871903292,0.0737047218906993,0.0744329514747337,0.121511014121771,0.0797713224812261,0.0770442553467247,0.0713246235288858,0.0670399229815184,0.0942346291898783,0.0686384451603425,0.079110044698026,0.0688464712134107,0.00260373678777151,0.00713467151854788,0.00338198863251895,0.0796272970843068,0.168528148904114,0.158365848285373,0.0819431792933678,1,0.0272561671008169,0.0468979222365596,0.0787614131437568,0.00320838232483937,0.0713360946501369,0.120922593458895,0.194951370698092,0.0820031748873785,0.126278239489871,0.0803305357771664,0.132861351934594,0.0576276842719376,0.0785617997687848,0.00752954086921077,0.0828791941733117,0.0622357988725687,0.0465358164209366,0.0210155125693316,0.0802092548492559,0.13730887201145,0.110991545379901,0.0604834907628288,0.127729449169349,0.0906094634407158,0.105371617369643,0.0708223200173756,0.0808794961296126,0.141053646089405,0.00161129660916702,0.112379863408562,0.0980067963897421,0.0688838197732028,0.0733698867886556,0.0892639584848896
"Pseudomonas",0.0361875882130366,0.0258921125878036,0.0261004263425415,0.032164236018248,0.0343942046603311,0.00581546693683809,0.000231601677035336,0.0305954837002237,0.0298128505028354,0.00979572684951184,0.0258238493099088,0.0221310104305771,0.0003184533648612,0.0185230387395889,0.0115156018589379,0.041958344176355,0.0276624138407878,0.0246934794245555,0.0016399409936123,0.0261649722564727,0.000503321413494771,0.0101335761324549,0.0278764391454765,0.0170458300857724,0.0246272199569821,0.0208793063832265,0.0229355037468344,0.0283120518327447,0.00264733683488845,0.0405271662498304,0.0182046627284587,0.00830268971036648,0.0299828629802454,0.0181725056403558,0.0236324240295582,0.0429027197857221,0.0190839249064206,0.0449184196224339,0.0454743137404101,0.0186295348839647,0.018356586744182,0.0616187935312991,0.0254852518981445,0.0393727996189259,0.00822446887811135,0.037613137629012,0.0388838310265385,0.0248490915169402,0.00352804177502337,0.0266105378151828,0.0268313312549409,0.0181960073784926,0.0358706300527754,0.0217794427954126,0.040726473735447,0.0042178747188273,0.0302174500657617,0.0169863877533514,0.0340764273334176,0.0218447638993774,0.000566651304062993,0.000211087624650682,0.00200703903400721,0.0328707369607382,0.0397631241445872,0.00898319622091348,0.0143718590640851,0.012100574559615,0.00105832439754901,0.0231402488945975,0.0293518054893638,0.0217825202037506,0.0069091918309871,0.0187593349437048,0.0217737135615603,0.017218931619553,0.014879196423022,0.0174890516726449,0.00161226851800843,0.0091559852445861,0.0284895443008961,0.0353420451898374,0.010185039719165,0.0168179105442655,0.0356928083381814,0.0197060159725442,0.0242140019124855,0.032222634834173,0.00189639875438564,0.0180571591279914,0.0307128150331046,0.000518381044884236,0.0157632079798667,0.021799176778484,0.0113271646328066,0.00849717256317213,0.0224725433418695,0.0181759797944346,0.0188068850750307,0.00571368710767371,0.00633651090657461,0.0112815518859178,0.0063745577438077,0.0200362541821311,0.0133367876619406,0.000227528768975848,0.000434242885773151,0.000221690873584463,0.0225725843263547,0.0369775524739129,0.0225109530486701,0.0415278262863999,0.0272561671008169,1,0.0253104195682599,0.0167150502891338,0.000506212374613842,0.037665172392177,0.0227818207266455,0.0332351529599327,0.012572310767433,0.0234687122919851,0.0102232668257444,0.0220957509345661,0.00272225739767249,0.0102130597090768,0.0078310547687672,0.0244634501279941,0.00409716588423593,0.00135839490394465,0.000862657384275747,0.0365749951107393,0.0281166000015675,0.0264487252337145,0.00499107853170191,0.0216323701377762,0.0394863023713668,0.0227793790545596,0.0301044729094228,0.0299314491287548,0.0253423174987725,0.000104808019302561,0.0304718734928208,0.0209004484512226,0.0135993859525598,0.0228703702456202,0.0359145960853405
"Rikenellaceae_RC9_gut_group",0.0578247520733474,0.0456953028746956,0.0209700410287293,0.0674937211700645,0.0267819900939602,0.00910409499721516,0.00067617649197854,0.0539490871108165,0.0577293530387045,0.0143500919925574,0.0545656535858656,0.0419539009495599,0.000779920213593192,0.0376319533414328,0.0212688904509899,0.0730203850749175,0.0542994794774633,0.0473887985397825,0.00556827249470227,0.0404398801388087,0.00150875484773503,0.0131767359668605,0.0532048298265647,0.0269660693475574,0.0282029671325429,0.0461449171267675,0.0185454730882165,0.0571089193646416,0.00418789831368476,0.10188671315533,0.0342868426146983,0.0149331454120051,0.0561462031762129,0.0274310342906685,0.0441097836427127,0.0967162742595564,0.0283394594559991,0.12707354818419,0.0848887409440859,0.0350237994711757,0.0519832699182701,0.0640513110532185,0.0534485984311427,0.0508769718020476,0.0114042111572499,0.0249880378091994,0.0964246043623025,0.0539042037235739,0.0102501733380807,0.0546134580844465,0.0332042123821691,0.0362875004565063,0.0323999143302379,0.0471183125786674,0.0824079787885241,0.0186539980707974,0.0536716231591603,0.0275769530608131,0.0726853393200934,0.0439721297440119,0.00116768610360962,0.000323508742667396,0.00493926068916006,0.0498465387531003,0.0661102804092839,0.0150548360922002,0.0271971290749058,0.0163654809077479,0.00294923448570585,0.0435972855910703,0.0555431444977851,0.0393419166577444,0.0132467176329842,0.0381439490896153,0.0359723570798159,0.026968743374269,0.0271976937700473,0.0233818429871535,0.00653026549819383,0.0209476817198087,0.071815420618181,0.0738731504371689,0.0174283566629331,0.0766617304588591,0.0459696544618868,0.0268039530239457,0.0445650196498614,0.0686358413302053,0.00518008228910836,0.0212627553292761,0.0585256068967465,0.00156844518040158,0.0174082203055046,0.018668997502321,0.0186818504688005,0.0141354671002927,0.037066259854149,0.0417198389787051,0.0389946300347908,0.00841043201630355,0.010256326477269,0.020947919528638,0.0104066793297472,0.055268678225814,0.0179045054200471,0.000288503995073387,0.000851633224612748,0.000590716129673036,0.051075306371274,0.0752745311684446,0.0385707128113378,0.0700125846463618,0.0468979222365596,0.0253104195682599,1,0.0248567066577962,0.00147097512368438,0.0500874271303527,0.0401717498860025,0.0685266500238481,0.0227064420104942,0.0398755544795654,0.0168347441181245,0.0422191906233313,0.00419283114856538,0.013910612744298,0.00864953837267535,0.0378292210937048,0.00614718266897703,0.00272323481678583,0.00227187727019441,0.0478543817259536,0.0574975057053498,0.052692958845254,0.00770462707437187,0.0467111976637344,0.0897489383908324,0.0460411453253578,0.0533057618812142,0.0686274371493482,0.0547771594321786,0.000214045934657095,0.0525394946757986,0.0377279546911404,0.0201082204949583,0.0598644729618693,0.0918752057749238
"Romboutsia",0.0533903487888659,0.139233746315033,0.0410626825081906,0.0234458691912919,0.00723991422654846,0.0833742799849069,0.00529170659865326,0.0158078567368569,0.0513662375862439,0.110070640597175,0.0166449998823599,0.0667427778413991,0.0106049486604003,0.0651777919149505,0.0805525829672553,0.0211457921822225,0.0563085116931951,0.00792398075708448,0.0363267982478365,0.0126997877984751,0.00865541514382682,0.00941946642421816,0.041481117297365,0.110917282846195,0.0394612151414919,0.0758124556618235,0.0191491522359746,0.113516834614071,0.0543325160554173,0.0200814903384898,0.0971979411000017,0.0700951530183619,0.139191886057671,0.12823132955847,0.115583438489342,0.032916434756557,0.0568087567334544,0.0328322783504948,0.0255196209404128,0.114656100017838,0.0279253749422488,0.0337675810779443,0.0943475803566018,0.0440549364321586,0.0177568187817965,0.0230616739115619,0.0418727469826698,0.0478914982892441,0.0212767205739848,0.0422101414299606,0.0216379235148995,0.0825107602351102,0.0511132078755032,0.056005640651421,0.128179426952144,0.0178904012034643,0.0150735219653924,0.104986683740982,0.0302437179320989,0.08284488284691,0.00347677854616115,0.00284931833758732,0.0607736733303291,0.0382918699076654,0.0979984415427688,0.104370291342263,0.0171986766253844,0.0867535439218688,0.0335305871204203,0.0822130655064315,0.119938710271957,0.116870730920572,0.0369902712200823,0.0446583845254894,0.117499551957327,0.0877750428591818,0.0847842881093403,0.0805393470179106,0.0050680959316344,0.0547739703142584,0.0198093666741271,0.116216125361415,0.0763083925065355,0.010942562998066,0.0467089429007781,0.071343684142524,0.0661980378399769,0.102758662979571,0.0407919327021325,0.0115598039767641,0.134647736724337,0.0119004920827037,0.0783248902462291,0.0452334245776477,0.123602788339592,0.0929058442763249,0.0963340413556226,0.0566248418924851,0.0639965919050706,0.084659647690304,0.0903143946746781,0.0735038851664587,0.0782283423194178,0.0284109739152846,0.110344134119047,0.00197674996043557,0.00533360407157983,0.00274227012143252,0.0440149713115869,0.0986744482506454,0.132170792338703,0.0432653290522192,0.0787614131437568,0.0167150502891338,0.0248567066577962,1,0.00269320069615358,0.0512256280152473,0.134810112428499,0.138593093727881,0.107062082214701,0.0861787492130299,0.122861265827469,0.116208536518061,0.0585377780355608,0.0856542262793724,0.0137414132808933,0.0662573217334981,0.0652118109269149,0.0425328847396344,0.0252314470326089,0.0345150114076657,0.0942929537034186,0.0536292296821851,0.0659304427991301,0.0939684127289151,0.0429382989208663,0.0726400201860413,0.031149661331842,0.0474715017407912,0.0734667947461236,0.00133920122682857,0.101824750196553,0.114406778424105,0.0860094081041187,0.0434288660503234,0.0427888443736744
"Rothia",0.00197572259306352,0.00617421973303055,0.00034222214768139,0.00184015333327598,0.000380985934843055,0.00262910018402902,0.074807662456941,0.000671498073656761,0.00276203022466006,0.00511267898508422,0.000680106914659335,0.00337340432243137,0.00907533197020234,0.0020860956820559,0.00348899581267288,0.00144985284003074,0.00224791999647941,0.00150065138396883,0.00993356312665811,0.000689259337819541,0.0285406818069657,0.000785572681319088,0.00108598028425624,0.00472496351064554,0.000592983895562707,0.0030000786299059,0.000259652847962551,0.00305008447261794,0.010569731954618,0.00206789003208123,0.00371857789898083,0.00287511092209718,0.00370836530427073,0.00433601637944617,0.00448754156539157,0.00182552791185035,0.00224893570648293,0.00302806124452755,0.00157260755697253,0.00399161700876675,0.000992958295581324,0.00166151927160245,0.00291719022017265,0.00173810253160513,0.00037095413844615,0.000311175417603723,0.00292897359165144,0.00216993940407839,0.000552597345545275,0.00162428622674209,0.000671628321146203,0.00406024000643525,0.0010292984043099,0.00272260824048101,0.00366168652556297,0.00170470012307401,0.00102500071096953,0.00289313047435676,0.00145556778513992,0.00375512909710112,0.0101162325613505,0.0524025042650542,0.00852010320898834,0.00148873849283749,0.00295250701870288,0.00627099171370965,0.00060372460764932,0.00281917675212804,0.0111343528783004,0.00311443415333837,0.00425774379572013,0.00419523644068152,0.0014697097023494,0.00202545130140944,0.00443136833263224,0.0031905305100561,0.00301719878805618,0.00298343967594217,0.00440547489338188,0.00348661626293692,0.00121934987529995,0.00390769409664733,0.00483070225614203,0.000531931037082842,0.0015659010871762,0.00109973735756113,0.00311931327040397,0.00290993534546444,0.000940193114160399,0.000466678864989141,0.00470235177282935,0.00478149490789644,0.00194668296108822,0.000468722250441631,0.00500299609689973,0.00790334147430831,0.00475406702690806,0.00282370937962137,0.00237774047011072,0.00535253537641643,0.0061898860059362,0.00380084336210202,0.00480489525214318,0.00140448662054151,0.00366648812464367,0.0171631602923079,0.00864649312468709,0.0254852898367591,0.00305314030184067,0.00376844468068029,0.00471083405972189,0.00200909062137003,0.00320838232483937,0.000506212374613842,0.00147097512368438,0.00269320069615358,1,0.00160431218550576,0.00464064905766354,0.00445673501371749,0.0034276319418708,0.00269612614210518,0.00809714771421813,0.00557065998074326,0.00776706860650928,0.00373762979635524,0.00638690430816193,0.00282529521457533,0.00965204584879528,0.00557290009228372,0.0170425843930146,0.00112769683058239,0.003242765653391,0.00236610571943804,0.00593897910822963,0.00417724302072397,0.00248745989030272,0.00338357667586961,0.00183443171419188,0.00187793967537427,0.00286889989400047,0.0493462482280609,0.00427360817485185,0.00493928441126774,0.00154573982701067,0.00170555029883918,0.00236071386003595
"Ruminococcus",0.116110338105336,0.0992158444309601,0.0254674937920187,0.0472353229734299,0.0307585294136909,0.0309318879007463,0.00139881985757317,0.0463287978953554,0.0687666956438763,0.034412696603324,0.0442479558284184,0.0412601331249496,0.00197156683006639,0.0384119435069903,0.0351909072198678,0.0700021541849259,0.0695761406166635,0.0447701225822733,0.011517103667751,0.0476281031283444,0.00256015463804633,0.0136566088734744,0.0413342224417248,0.0476614156535823,0.0292964384859239,0.0559082792856369,0.0144803264190913,0.0925269871413072,0.014576967840771,0.0578512976135357,0.062965115548454,0.0275997611975891,0.114634947412508,0.0509195501608315,0.0795057305961921,0.0752569539152031,0.0365190665982399,0.0789929821565312,0.0584672085999,0.0577474839345002,0.0502304284202531,0.0746289368444422,0.0945049880595425,0.100774320401067,0.0100912066045444,0.028317193928781,0.0852497281593093,0.051404854922132,0.0125997498524902,0.0592439115594109,0.0532744353392561,0.0604960265005604,0.0400901741223195,0.0523009179261533,0.139896993556144,0.0205702107031796,0.0513591714449475,0.0481205549585502,0.0603618339283548,0.0640453723413831,0.00141991669206938,0.00048991787500293,0.015399913324978,0.0758592700029561,0.121210454627573,0.0375381857835958,0.0166845707723867,0.031990400754211,0.00755251099794225,0.0600883352255372,0.101089080133506,0.0864480551525681,0.0292050050962681,0.0465831610195234,0.062110145247454,0.0561983991716654,0.0440883012758411,0.0419737222310725,0.00583199179017495,0.0293345229580338,0.051359408818328,0.101410220830419,0.0283819887817224,0.0320202244218243,0.0567103195370077,0.0490891027539309,0.0759872910017051,0.0954519313469883,0.0131717618995532,0.0131212661974524,0.106870288813976,0.00267188577969925,0.0302976305244678,0.0290674211446329,0.0449020399912238,0.0349333288218627,0.0830772635277824,0.0462912309200036,0.0450173508218187,0.0217384989718024,0.026087441882252,0.0380921943440206,0.0267121489712451,0.0480594084496484,0.0379646997926113,0.00051506788111482,0.00156357367531551,0.000657024467587433,0.0500433534852218,0.108338672044858,0.0829324050483957,0.0809153124210495,0.0713360946501369,0.037665172392177,0.0500874271303527,0.0512256280152473,0.00160431218550576,1,0.079609800023302,0.122672401146528,0.0463056400685841,0.0690909581425191,0.0414176271565876,0.0798225785233473,0.0133160809791409,0.0343967191080935,0.00572041445115687,0.0499126933926866,0.0142568592375945,0.00932719997721014,0.00580475921942063,0.0658451566171209,0.0902414823283101,0.0593866726125943,0.0208178104634638,0.080751148306533,0.0781774686237323,0.0628831702481263,0.0546763112044489,0.0650977543108478,0.0844586703245764,0.000241961539769457,0.0816584111753969,0.0703960440897311,0.0345842089398202,0.0471372447593323,0.0760539559805004
"Runella",0.0833614482500464,0.168330952755207,0.0441809687194717,0.0510801973308508,0.010147350230707,0.13940948682508,0.00916768442425207,0.023868527582921,0.0980556382794232,0.12449172942712,0.0280663735527017,0.133946088888,0.0171829872109479,0.114383397928375,0.117182069787497,0.0387570252928992,0.1163155798209,0.0134856929584303,0.0578267649568902,0.0211088562531363,0.0139373124032499,0.0104513787961068,0.0679930963526177,0.142694403386695,0.0547030312940298,0.117970106039843,0.0156701951414852,0.149164966156601,0.0921620513640066,0.0402217928736179,0.128830453303511,0.108771738917844,0.154701187934991,0.127840549377995,0.13570733371755,0.0622042426317745,0.116549949459642,0.0621962562765987,0.044547664116235,0.141026963430557,0.0446474418872586,0.0579317004168624,0.123560687242629,0.0887713665541569,0.0176119730925717,0.02545693586419,0.0836243478142836,0.0998372320384504,0.0374726961418684,0.0866703956743441,0.0397059757167588,0.122415528231215,0.0702308853123678,0.112372825270222,0.169567220530301,0.0253783265637179,0.0291567460718772,0.145770328603527,0.063312919626145,0.122032558127499,0.0051908968822205,0.00350236548177823,0.0825721983713576,0.0744872447395675,0.139680211673953,0.130982200179454,0.0187169914606729,0.112568376254249,0.0529007952343154,0.125457691594569,0.151041794067877,0.137864412340196,0.0662869862495376,0.0853448809559695,0.144809300843406,0.129471286206586,0.110821645130851,0.125166555487434,0.00905850283444946,0.104184990337314,0.0381195202614739,0.147798177786485,0.130633143739624,0.0161136596004201,0.0822186418345602,0.102244455003905,0.108311473048527,0.139101686399867,0.0671229538785823,0.00998116514455926,0.183938439291354,0.0154824653027377,0.125569174761975,0.0662093010522145,0.148326478918756,0.129206887948173,0.129445732742659,0.0973429187623482,0.12330725023707,0.1152673511575,0.119006541376244,0.125535059607002,0.127874390517597,0.0579207464997407,0.127468681832527,0.00339844304024765,0.00864260441211806,0.00463505332748853,0.0979604719112726,0.136626583861136,0.144751291292202,0.0798491861597116,0.120922593458895,0.0227818207266455,0.0401717498860025,0.134810112428499,0.00464064905766354,0.079609800023302,1,0.18239905065512,0.133936544533849,0.131116458428126,0.130965692956655,0.138376339464048,0.0948397901394671,0.128705885791413,0.0109225599955189,0.111573510480566,0.0994747908678494,0.0694593448722201,0.0334710981019183,0.0661381050747186,0.137691462925666,0.0991714869976126,0.115368555932473,0.145511033299436,0.0796321150269874,0.136509587473613,0.065922175162954,0.0928370622270725,0.124523120885651,0.0020670965153912,0.152210309359456,0.142196158855503,0.102092658448123,0.0812660662593392,0.0769972210693369
"Saccharofermentans",0.117040529431788,0.194556011532878,0.0485636474661168,0.0852547081286615,0.0166176971658344,0.1103473281747,0.00669290690381535,0.0405207604496433,0.127880150624994,0.124416425953387,0.0491313382445237,0.131036586491658,0.0131203899441347,0.15242923452778,0.108425081454798,0.0630849154501485,0.166018665275839,0.0246235121223746,0.0509673319793176,0.0354442905859837,0.0108861978817016,0.0129351922765658,0.103210752614163,0.151500210970736,0.0752692156677626,0.157005935431788,0.0164508265932047,0.207468172152846,0.0985244973713004,0.0720194871285302,0.164505337817823,0.149552477778566,0.200614714215978,0.149266786741051,0.178595751110964,0.103092295423181,0.136537130891849,0.104104451249645,0.0746731412499598,0.129338878026692,0.0714574303844688,0.0976910667091928,0.208828049391281,0.139767633979921,0.0201124393910343,0.0280247869238731,0.136183881769069,0.163870738758969,0.0586400674490089,0.115257001103175,0.0614908121041984,0.186665251753932,0.0943876021369462,0.136612617543844,0.234499696938703,0.0321064851099145,0.0503929678234946,0.133555206322362,0.102933992963004,0.163918461657778,0.00526848973681363,0.00262153181881512,0.080296339080668,0.119704138048674,0.19193689064101,0.13001235182343,0.0212534156023289,0.160227583885172,0.042445411811388,0.139206339280203,0.232309374278264,0.190673756208621,0.116334571013883,0.156245481269922,0.135351823882815,0.106035265675933,0.103754025668773,0.125219193739686,0.0121597103341672,0.152591380252846,0.0660066167913423,0.18752335974704,0.111373428486413,0.028505527693595,0.142777366523549,0.129183467883076,0.16310834461949,0.228630033415995,0.059525233322371,0.0117045231020288,0.197402087789582,0.0109174083098151,0.107953709376862,0.0743806606721168,0.127596162147178,0.131321293183589,0.202964718143434,0.128045683977676,0.137195756811546,0.106321180269557,0.108874337234141,0.141907539093386,0.115804620209768,0.106227292034745,0.121858791498288,0.00252698297047975,0.00818324549393013,0.00330366163530667,0.128081240453982,0.246523195908533,0.213642245178742,0.129995619916656,0.194951370698092,0.0332351529599327,0.0685266500238481,0.138593093727881,0.00445673501371749,0.122672401146528,0.18239905065512,1,0.13737253046073,0.249235996597121,0.12795343281847,0.188862692005843,0.0873135787481636,0.127649490925432,0.0122120848681681,0.138191968988881,0.0895118362345316,0.0607824096575356,0.0329435209146129,0.0969399993414341,0.259196250449062,0.155813428277641,0.0944626460717755,0.244770382539748,0.133145403403049,0.170794570399142,0.114313700642741,0.148196239499341,0.243694231437358,0.00148223726408309,0.148487568881293,0.149064247128397,0.0999428935518595,0.132221338781446,0.141932448707769
"Scardovia",0.0529323974979143,0.143203953573367,0.0314871710824089,0.0266901459011932,0.00534219211920843,0.0851769495534238,0.0067350161631136,0.013690342021016,0.0582891049300972,0.115200242201272,0.0146280886248469,0.0689080207137333,0.0127055543262774,0.0722451115944606,0.103806726126237,0.0190007561045694,0.055081513657808,0.00698745500919678,0.0536240020970683,0.0109619656916875,0.0111828903177463,0.00841540462861596,0.0391191116175143,0.11483847805361,0.0343291020331974,0.0761215282513615,0.0127360343998977,0.103037361250084,0.0648629747055684,0.0204245460482657,0.0916219105537661,0.0718801096107952,0.134617118350281,0.126769658757304,0.117973301689208,0.0334420510237708,0.0628844451727991,0.0343190243935148,0.023973869081066,0.106407492764672,0.0233374607454472,0.0316109357905664,0.0851484354066042,0.0417335423559204,0.0135924575595843,0.0171582790877607,0.0451834602294171,0.049656285309468,0.0225194227333454,0.0379339948816222,0.0200933449886534,0.0888328108980332,0.0404942465046046,0.0564261557671668,0.124617985361719,0.0182601561276025,0.0144226860784744,0.0946351447614877,0.0311811346981567,0.0945753133352571,0.00399438326867917,0.00368930118227765,0.0734761539592312,0.0348630000502736,0.0902073611481706,0.117400291336,0.0133965526372278,0.0827600034968965,0.0405265957939777,0.096600620620349,0.123691196262962,0.117230346765203,0.0374020609892935,0.0476675340802169,0.128277958178556,0.0994245984163681,0.0847495237701755,0.0763626911713689,0.00521624591982407,0.0597182331357298,0.0208147818082777,0.129055709526346,0.069726183023531,0.00961153524422927,0.0434036060327263,0.0783098996232666,0.0734666060488765,0.106106372543601,0.0540019373012984,0.00748564257350656,0.135935640518966,0.0143555905025054,0.0755582887246415,0.0410814261638853,0.114948529173206,0.104532063828764,0.104000046087263,0.0531799108578244,0.0656826952424285,0.0995526433624011,0.105594058667567,0.0835301234890821,0.0860831894966325,0.0320179911199643,0.109969944799569,0.00306452347196424,0.00619041186826571,0.00402528491095433,0.0502939489473662,0.0995912391754742,0.132998291123228,0.0396887837046628,0.0820031748873785,0.012572310767433,0.0227064420104942,0.107062082214701,0.0034276319418708,0.0463056400685841,0.133936544533849,0.13737253046073,1,0.0791752745191064,0.131676579428177,0.126279085836882,0.0700399025111984,0.0989680057004245,0.0110377420357384,0.0622482455383795,0.0784818679860738,0.0504835674646567,0.0301554177116315,0.0345879094108793,0.0940145367751098,0.0654701288049251,0.0704645205576675,0.0940493406214101,0.0422189842210165,0.0815527753198865,0.0299739041752484,0.0511153092083955,0.0741317817975425,0.00224853953815753,0.103358418650886,0.125399478438688,0.0992112827314836,0.0446024819928245,0.042109062156282
"Sebaldella",0.0671833121390257,0.16705529007624,0.0312062056536517,0.0490778136512407,0.0124999504204316,0.0635896540353304,0.00418356885142041,0.0296187316692997,0.0661540911473937,0.0861030448646291,0.0307234640042687,0.0691001054973249,0.00861088494666425,0.0828134785497509,0.0638637298884394,0.0411437151905129,0.096092645202055,0.0192559265699967,0.0313680623411766,0.0234089337912866,0.00606350846689864,0.00859742560147823,0.0595691107095716,0.110252659087112,0.0439782705212112,0.0834927130090217,0.012412869406957,0.134801968849796,0.0596995011534616,0.0473259623712519,0.0957344793076641,0.0828901443496907,0.150827828904201,0.110188553446575,0.128072789074993,0.0551775514120454,0.078481385775683,0.0584532931660118,0.0482241547308516,0.0848002827464259,0.0435197554422538,0.0650829462899672,0.137220835945065,0.0795998544994869,0.012867545465689,0.0200561410428888,0.07111469366572,0.0857503141897722,0.033189014963269,0.0650114079517656,0.040692812862708,0.111429173714867,0.06033019659058,0.0755738896569347,0.195400033024813,0.0187425263005539,0.033917642384052,0.0720154983960454,0.0575116030085948,0.0944442807571702,0.00370217809215663,0.00181496875885979,0.0481288622532028,0.0637019529247445,0.120083258661451,0.0803576590676594,0.0154009549256837,0.101721787658734,0.0248978804953171,0.0768432207675405,0.181375448019899,0.128295703057032,0.0708805582422272,0.08196532471309,0.0945667540778616,0.06010862206269,0.0647659647843415,0.0686559191961269,0.00772544531390311,0.0805081475718766,0.0385572549719271,0.142533287513255,0.0640465988321982,0.0182707859592104,0.0887104754211165,0.0707649052472563,0.0871582692850287,0.146944547380577,0.0383264542986511,0.00888868108257401,0.155416323322337,0.00665737142420495,0.0617396869507775,0.0427538058502903,0.0740964378565379,0.074613163216262,0.131735225494405,0.0744665772856672,0.0794477501762705,0.0716945707525065,0.0656326457739394,0.0762272464954591,0.0661053670970498,0.0560041190031447,0.0724404265999206,0.00182108392727512,0.00525847057762099,0.00227266220086371,0.0667848484834616,0.19245112205097,0.175160926575423,0.0779441892109367,0.126278239489871,0.0234687122919851,0.0398755544795654,0.0861787492130299,0.00269612614210518,0.0690909581425191,0.131116458428126,0.249235996597121,0.0791752745191064,1,0.0905292134923216,0.147569194749542,0.0528802269582437,0.0739540334306011,0.00813058773545292,0.0723055882922941,0.0563965780622221,0.038472098635659,0.0221473227085395,0.0560117695796852,0.179412129608426,0.0827956250987041,0.0513887828738887,0.161341150395485,0.0734512358433685,0.0956280893041793,0.0597391566548644,0.0772543783001533,0.141956908557973,0.00102984252482068,0.09718945482688,0.0994833722105467,0.0613767770164661,0.0750926400708717,0.0819909283757829
"Selenomonas",0.0444626120320424,0.160757051493136,0.0278274590205408,0.0216377986025332,0.00367366382074851,0.128530770826463,0.020550421126001,0.00950921578514447,0.0626988691448811,0.176776555041896,0.0111864750140789,0.0806977925219878,0.0370928825911743,0.0775922461356088,0.130797524122786,0.0145534457075481,0.0585536196879208,0.00387553592046155,0.0794319921042611,0.00786226970215205,0.0283604466046031,0.00606067982330706,0.0334057039474469,0.132690674970153,0.0365637379397473,0.0787277910660523,0.0101904975632696,0.0816966492703557,0.178316254726824,0.016242327515611,0.114197707643576,0.126733406778694,0.116081484573461,0.131613794794574,0.132233621582009,0.0266558512739228,0.0829710843711456,0.0266269370669264,0.0195874358411072,0.108144207002524,0.0202072940681221,0.0259432061199537,0.084867205315118,0.04028952870753,0.0131716898958451,0.0134299443217625,0.0386745552645415,0.0509739093132013,0.0307124698689073,0.0411136608522563,0.017445895284215,0.108148263206833,0.0393293830807437,0.0698837732595082,0.0970528452634491,0.0171609967434829,0.0106132299138472,0.116946272402872,0.0271248029738445,0.0934005300438528,0.0117833742861463,0.00995544193511726,0.134833767504939,0.0332966835537752,0.0694106811883399,0.190027979020868,0.0115931451208459,0.128225129600565,0.116285433897366,0.0809333096490622,0.119421702758357,0.120624951380543,0.0462427100711643,0.0609065677636175,0.113187080734219,0.10389728536355,0.105414406630719,0.112485606182916,0.0124090429301124,0.106539040096268,0.0154868260509976,0.0888394221409943,0.110533634348529,0.0061138162946222,0.0434017356659417,0.0693880024105751,0.0790825841953649,0.0741188961094819,0.0802494592332158,0.00548529096631587,0.124516058337321,0.0259553440304521,0.0993325029519687,0.0385627752066918,0.167615730696947,0.19316443876302,0.118455513783194,0.0764704680938644,0.0849427129939877,0.203597367496308,0.216699258931504,0.136050506192877,0.190649816318461,0.03007949012356,0.15687056691138,0.00925550098646121,0.0186558371244003,0.0123872959677438,0.0508379255003255,0.0905570518978711,0.137000220131026,0.0355480435050227,0.0803305357771664,0.0102232668257444,0.0168347441181245,0.122861265827469,0.00809714771421813,0.0414176271565876,0.130965692956655,0.12795343281847,0.131676579428177,0.0905292134923216,1,0.140004409021904,0.192118115292501,0.158292618753937,0.00877598800317136,0.0888431088554489,0.19218796321166,0.132038472819571,0.0607663641545932,0.0286935095347503,0.0876181171162778,0.0619820323860038,0.146077566172355,0.104483711811855,0.0365265612472692,0.0871275406458583,0.029646224281135,0.0442891341895144,0.0777478615798408,0.0065414556039639,0.0920350028155433,0.119843834682736,0.0832937320628954,0.0408941701060172,0.041349548123079
"Senegalimassilia",0.0892377406601201,0.185027278392993,0.0334679190310376,0.0553089485106938,0.00954954863010814,0.114660067427311,0.00938718591789059,0.02489914537613,0.124599954269778,0.139670530273543,0.0289951685505305,0.11639996716667,0.017916148418348,0.113123620360033,0.138418891043817,0.0379005464330765,0.0960803900366715,0.0142085918046251,0.0480340405210071,0.0212361710810085,0.0151308404926168,0.0102157861121148,0.0690395117355298,0.143550772593365,0.0529906660015632,0.133961041811947,0.0118551437737344,0.125708899534753,0.115401303306441,0.0441988680140152,0.175444520745737,0.145303075251202,0.144044118947296,0.147066906573338,0.164824662348257,0.0639990059291112,0.106044850769783,0.0665127245448495,0.046964264445782,0.137711455651055,0.0460051352290531,0.0601708463106887,0.145319321787065,0.0867667948507813,0.0175247192113269,0.0204524936261112,0.0860421944810253,0.113197304249154,0.0436843491167962,0.0873758707311144,0.0388592036196693,0.203925048791776,0.0657175569107562,0.122293460012997,0.148155280198548,0.0257150777362435,0.0295828493411362,0.130122848451629,0.065509245364878,0.185363238644304,0.00613290277776279,0.00439876754919948,0.0922537260093367,0.0725776475680398,0.112496286209308,0.148717971579433,0.0167788733984462,0.164262624011132,0.0590726657970347,0.102917915451762,0.15202365422858,0.145775032669648,0.073779762918205,0.12924958610573,0.140059481843753,0.112843706719158,0.115190838185026,0.141972008487622,0.0100160434350335,0.166232653172,0.0406767501018167,0.129298027533333,0.105764811157335,0.0175435183501142,0.0931695276973595,0.0874806066395482,0.135084462977701,0.134452971659507,0.0674098954056187,0.00855349225964418,0.152908038014483,0.0151638544869352,0.122986615357566,0.0503569222021182,0.127955823398325,0.149125374892498,0.188095665923156,0.131620758495531,0.109402892009532,0.129725178687334,0.134836552632453,0.149200747203156,0.125269256051131,0.0703215660342145,0.140668167646988,0.00418748422048309,0.00984082134968655,0.0049030066711327,0.101701768465266,0.145380727096672,0.164391625683347,0.082616883651135,0.132861351934594,0.0220957509345661,0.0422191906233313,0.116208536518061,0.00557065998074326,0.0798225785233473,0.138376339464048,0.188862692005843,0.126279085836882,0.147569194749542,0.140004409021904,1,0.105829029000185,0.139593882775082,0.0106791884380944,0.144752451030903,0.123130035062122,0.0831271407308669,0.0419377678580736,0.0589295688086093,0.152285772953434,0.114441200202926,0.114184095175255,0.173857505291536,0.0853221267443353,0.142265962778646,0.0717500801312209,0.0952220344757303,0.143762908959998,0.00244995873503261,0.124532760629812,0.165154967808461,0.095920884790889,0.087302168726991,0.0908935038464324
"Solobacterium",0.0162476383884148,0.121901428448371,0.00796363838884899,0.00711971288934852,0.00104775391749354,0.0506117924783853,0.0258261852907434,0.00271165405767892,0.0286048304784478,0.125843695708051,0.00341378067158358,0.0385097903952477,0.0455635953953799,0.0369336843991825,0.0663338939324605,0.00474804053020591,0.0269090401701966,0.00101948243861718,0.0680246170617726,0.00212094035457941,0.0231557077260655,0.00165456369781797,0.00881178790143346,0.102303127463482,0.0103267686512871,0.0450975494937249,0.00293690834100866,0.0531620422346002,0.130551377037305,0.00606852158867891,0.0743634045314106,0.0605897260379228,0.0785466006965869,0.10390714218354,0.0968038669636173,0.0104706854626405,0.0366005271619441,0.0121806220725149,0.00646694562021963,0.0734780771434965,0.00513147081521721,0.00891811174834279,0.0524964941499841,0.0161831789208702,0.00461586324721443,0.00370210430165742,0.01798053679118,0.0215362695962331,0.014389897800078,0.0146847176631562,0.00518656064208393,0.07732168554752,0.0116070550066947,0.0314972970508959,0.060716130449452,0.00564517113655636,0.00292706877383463,0.0647289390651099,0.00943092488926817,0.0603335953565927,0.0184958652688648,0.0111811715720356,0.0658451537838086,0.0100565125821303,0.0430029101028204,0.159774195836987,0.00377392256405053,0.0517478187604836,0.0867823355394605,0.0448700138925886,0.0836513751093909,0.08922245647533,0.0143472629623546,0.0266362610604805,0.0883069714402064,0.0464305958215204,0.046070413101636,0.0633985941309173,0.0159330374797262,0.0465787674014921,0.00442519359409426,0.0586829983398765,0.0489047116527491,0.00157990853269421,0.0159393849989188,0.0200588269201392,0.0425473588139002,0.0465708461468441,0.0429149185117042,0.00153350843582316,0.0856772817046774,0.0177830907703452,0.0434679145149478,0.0114945028310317,0.109917356528945,0.168607501780029,0.0875363161840092,0.0339630968751723,0.0393515261102356,0.135062041247665,0.16268329729432,0.0814924579874028,0.106898791657556,0.0087804378513206,0.0941943033353333,0.0140706938867861,0.0268830407674176,0.0189914487631403,0.018054852028793,0.0587166473055482,0.110436099509647,0.0136464252303276,0.0576276842719376,0.00272225739767249,0.00419283114856538,0.0585377780355608,0.00776706860650928,0.0133160809791409,0.0948397901394671,0.0873135787481636,0.0700399025111984,0.0528802269582437,0.192118115292501,0.105829029000185,1,0.0838022317750195,0.00278627608102198,0.0439788186695954,0.150917136471435,0.0839426942732272,0.0335712358502507,0.00914478126961337,0.0576068586386629,0.0289676644542479,0.0818099304643874,0.0758285780382726,0.0186480288060914,0.0508159895514231,0.00867995088252158,0.0172519458377279,0.0483532846573714,0.0111774746758148,0.0621920068538913,0.0884581740681953,0.0244350675020759,0.0134476633684101,0.0163365821070694
"Sphingomonas",0.0371970691500126,0.17195076563466,0.0281783233655456,0.0175408694440005,0.0037915076056108,0.0857584677242847,0.00697841278894797,0.00871495156057183,0.0522464781618043,0.137634634485733,0.00930536790773462,0.0619583970326827,0.0130513142515591,0.0532469864606197,0.0949187524587216,0.0128532413802884,0.0438177970178026,0.0039189488276451,0.0367741007811961,0.00804272616167332,0.0107763114799258,0.00558548204724801,0.0236159636449152,0.119493589247737,0.0365541769554178,0.0595969612660517,0.014354081605065,0.0786817951247425,0.0754310542845039,0.0131199658575052,0.0997523920835241,0.0700170914302596,0.113672002934402,0.124301040587663,0.131825675331106,0.0212590996667886,0.0644465206320209,0.0245746205293449,0.0161609810772857,0.100087978144794,0.0166993879630815,0.0212140958085715,0.0791153359977338,0.0322097554444135,0.0141377989483452,0.0152256705369974,0.03301814293707,0.0349491564845861,0.0269373821845613,0.0290847786383534,0.015144425229159,0.0992642336299977,0.0313797122873687,0.0538435300921761,0.0953218698371441,0.0119228448009215,0.00899624028028736,0.0945681928064104,0.0196438230582262,0.0873271467210952,0.00371790971155983,0.00353337192318524,0.0748408988337378,0.0258098755797703,0.0733422328760817,0.144496142639694,0.00859909372140813,0.099239202001547,0.0456880941100118,0.0709730409863168,0.132677297317874,0.130624494550898,0.0441550279041685,0.048809037806076,0.107981177131696,0.081370445052029,0.0811816860346143,0.0899940738974853,0.004407336967898,0.061034272289164,0.0133888391309411,0.0874468687121882,0.0652124316723444,0.00607823101488545,0.0324133114378156,0.0563838769905581,0.0711147000086336,0.0740432793254619,0.0568807880549426,0.00791160479220845,0.122399095963598,0.0117634286376126,0.0723715783676434,0.0368196881546448,0.113761946780563,0.129671413922232,0.134426886499251,0.0579766990060473,0.0604004396403616,0.115079093210248,0.134275009904001,0.108540791313026,0.10019678832365,0.0253823448131674,0.135294769681161,0.00298273339210178,0.0064230346160278,0.00374205334805782,0.0373006704976217,0.100738632357795,0.132083275802712,0.0275480856735282,0.0785617997687848,0.0102130597090768,0.013910612744298,0.0856542262793724,0.00373762979635524,0.0343967191080935,0.128705885791413,0.127649490925432,0.0989680057004245,0.0739540334306011,0.158292618753937,0.139593882775082,0.0838022317750195,1,0.00820411215459056,0.0748385479801762,0.086784892399656,0.0578095072809499,0.032996393490241,0.024129995816197,0.0894230079280712,0.0513751153624377,0.0661927839904015,0.0999515181770197,0.0337922765382531,0.0725476394333321,0.0226004261649374,0.0304524021561558,0.0786338879723989,0.00197503406215544,0.0975953126770792,0.118301152316762,0.0600307204341099,0.0266529871151334,0.0322202430132681
"Staphylococcus",0.00649589501691252,0.0116538702334121,0.00794047358394345,0.00448242228148465,0.00435586060760329,0.00402720767331512,0.00287593828521005,0.00426450742524471,0.00618026308139847,0.00846914046402557,0.00302123218307125,0.00922442774357943,0.000810358341829827,0.00641312297125401,0.00693166642902919,0.00553703715266086,0.00587209681632077,0.00455372234989032,0.00156938092239759,0.00396139854210274,0.00402688499716302,0.00698215055620516,0.00529462009876957,0.00908347793362822,0.00639051797628687,0.00875333986179035,0.0139962858602333,0.0105295031191398,0.00266780571444922,0.00564096799100012,0.0091725836668856,0.00409478678392571,0.011089703946791,0.0111825014535031,0.00968824243987357,0.00670833451224523,0.00507919963468334,0.00775101701982924,0.00625816069199006,0.00998394765896301,0.00520003712629199,0.00620057504397451,0.0082026233087784,0.00535277617596113,0.0147279699724076,0.00619950789648458,0.00659501015413443,0.00749918918420029,0.0069204730888209,0.00536387610279488,0.00292626931135501,0.00796231451675626,0.00906820038392776,0.0080015880402762,0.0109568199905825,0.00238454937284113,0.00363708316274741,0.00896305694574611,0.00528174797531482,0.00964274791854277,0.000441255817222555,0.0137423311768831,0.00298620062062115,0.00533328280681934,0.0091802908707039,0.00724993529330451,0.00251677704847372,0.00874925713175145,0.00174077535962477,0.00795834885854452,0.0110016896039078,0.010189439681557,0.0104739594771738,0.00531911132944594,0.00972664006859336,0.00833655051493977,0.00718132860312276,0.00727413374446945,0.000441648529104532,0.00420664341804253,0.00501364635370616,0.0109407829517742,0.00495549426840063,0.00681996328380294,0.00695288994353906,0.00642377782265373,0.00722011862746654,0.0099476089393251,0.00159902841487347,0.0138499054423315,0.0106825072378828,0.000928869027778441,0.00617156112383196,0.00607652534287417,0.00894807000394842,0.00682537334562842,0.00911922634193563,0.0067067078011517,0.00577026250215288,0.00538671547517459,0.00611791318981284,0.00659411927438153,0.00415727063114794,0.00532965416628846,0.00967787361053809,0.000796367020985191,0.000437483300101968,0.00100644357867892,0.00445234863504071,0.0108806658372013,0.0107371679314917,0.00725852971762043,0.00752954086921077,0.0078310547687672,0.00864953837267535,0.0137414132808933,0.00638690430816193,0.00572041445115687,0.0109225599955189,0.0122120848681681,0.0110377420357384,0.00813058773545292,0.00877598800317136,0.0106791884380944,0.00278627608102198,0.00820411215459056,1,0.0071590327408584,0.00429335890032478,0.00128956982077477,0.00698014628163502,0.00435415764149762,0.00992856691362356,0.00736590131663256,0.00372190611950981,0.00882431529229709,0.00670299087089011,0.00633893659707304,0.0082831228737984,0.00602323635929952,0.00804036932349865,0.00413412032146711,0.00908698635521729,0.00989212436008206,0.00929981441924734,0.00592403480842568,0.00663341669334488
"Stenotrophomonas",0.0569826597080582,0.14898448143091,0.0312156557410699,0.0423349711086859,0.0111834984571692,0.0617614473742342,0.00378800294885046,0.0263687128117196,0.0891189025041143,0.0724609127446219,0.0282999669447052,0.0890483099655782,0.00748749596977483,0.0723581595417295,0.0774231376095781,0.0314386812027143,0.057033700307465,0.0148586140877687,0.0244620614793244,0.0207583901173739,0.00683936088240356,0.0084881113185461,0.0474432625485771,0.0957343080700951,0.0546613772500365,0.0748599312506239,0.0154206990137041,0.0803836442834178,0.0420164832119503,0.0379405495521898,0.115591871489564,0.0664146808804526,0.132901917584711,0.103557267410769,0.159511651808358,0.0525209927332635,0.0733574659466461,0.056985780903261,0.042484956630497,0.10049288755217,0.0345296580850287,0.0461191165258115,0.0959705541060828,0.0529538776530655,0.0151139365331758,0.0268079799689913,0.0658683425262533,0.0594970941807267,0.0249888833469569,0.0546659529641572,0.0319193349055914,0.107018674700666,0.045818462613642,0.0848226716789216,0.121672474339298,0.0176745000856465,0.0246137461564481,0.0925242762300076,0.0425629744247964,0.109032378865309,0.00297164814991909,0.00154843211059329,0.0404589839296821,0.0458700252331401,0.084664768221708,0.0825271915293491,0.0168498041320413,0.0754976575841404,0.0315759895662623,0.0669984768030507,0.133264491206571,0.114136069472647,0.0369064507196355,0.0743191362242603,0.103292438455935,0.0676335522767326,0.0715858914285955,0.100463411244264,0.00680504437465805,0.0799462054571278,0.0320922981560947,0.0998017590623713,0.0697707897474871,0.0173288154635814,0.0561300296007626,0.0526578312428295,0.0759001878331685,0.0874919160592469,0.0329366016596991,0.0106579779297459,0.126170655269593,0.00728498815227433,0.0876889307858583,0.0416760590361696,0.0709992514846922,0.0776665909798181,0.122524864906558,0.0953209668308494,0.0786193491337871,0.0558617640928474,0.062354854462152,0.077921829802659,0.0644901657123865,0.0441012205291995,0.093348765160211,0.00163992802649037,0.0044034319155896,0.00276839509588787,0.0660030457075622,0.127159761447263,0.112487929404168,0.0585534338386402,0.0828791941733117,0.0244634501279941,0.0378292210937048,0.0662573217334981,0.00282529521457533,0.0499126933926866,0.111573510480566,0.138191968988881,0.0622482455383795,0.0723055882922941,0.0888431088554489,0.144752451030903,0.0439788186695954,0.0748385479801762,0.0071590327408584,1,0.0519118438392125,0.033602799659453,0.016439437254466,0.0386450284486453,0.105647226698847,0.0639487595550282,0.055660489868821,0.105729405560798,0.0685720027061877,0.0849424712882406,0.0434173745888977,0.0573531167782336,0.0864863549989549,0.000916717801218351,0.117918763982889,0.112345641863495,0.0586346079130468,0.0491060093195747,0.0610976832396594
"Stomatobaculum",0.0200334923115427,0.125691225336882,0.010305146449499,0.00886627759873635,0.00140715515662661,0.0585437587649628,0.0269759271392857,0.00387403443048904,0.0355207645595233,0.13297759367583,0.00445719872542672,0.0465371976978407,0.0435421573825654,0.0422946942775366,0.0816831731470887,0.00559893552676833,0.0279417773950557,0.00151776399273782,0.0748075667891021,0.00293196705410315,0.0250809302027664,0.00248855761678437,0.0131762034644228,0.121587293435834,0.0131221964195582,0.0541999167173282,0.00372112991069249,0.0556554110686125,0.155367364924466,0.00704825666195813,0.086303895073537,0.064602570077949,0.0827405588811984,0.124236565094086,0.102197814305383,0.0120963496840269,0.0391943216207708,0.01469127874035,0.00799555627741737,0.0874459764297098,0.00760662850095007,0.0107474169618213,0.05493306845276,0.0175014652013009,0.0062449215906031,0.0051709980756927,0.0209763921901031,0.0254932622692856,0.0172828580795736,0.0169571708144277,0.00711543034281688,0.0867467664603764,0.0175865629688106,0.0379810247491912,0.0629182616488807,0.00756282838720674,0.00411328201854739,0.0705412573226119,0.0108613993378238,0.0755376914095237,0.0164910311641946,0.012986590150152,0.0783466098857226,0.0122990428655413,0.0444937363311606,0.152151851003225,0.00542481752499593,0.0576751498255519,0.0973348890134379,0.0523255783550943,0.0856077763993936,0.0908687516929828,0.0172200214894144,0.028328622232159,0.106491283388711,0.0564852068888624,0.056548700120809,0.0728206033849349,0.0168964055127019,0.0526938899833425,0.00615456331933905,0.0696131356002945,0.063864740663849,0.00223803798042911,0.0191883142564003,0.0261298228006263,0.0486040103003234,0.0503452662980879,0.0476205575412795,0.00206526664821305,0.0925662551570581,0.018702235563158,0.0517421827121174,0.0148422192602145,0.110657474630821,0.167419831225028,0.0920003135975724,0.0406999243210508,0.0427068495581054,0.130326896545619,0.153640562856583,0.0795923892627606,0.0975619596630176,0.0116571292563748,0.103090612133949,0.0128227424900295,0.0237508193181307,0.0176606483874044,0.0222362707061378,0.0592977708391636,0.116255039727283,0.0163833251078276,0.0622357988725687,0.00409716588423593,0.00614718266897703,0.0652118109269149,0.00965204584879528,0.0142568592375945,0.0994747908678494,0.0895118362345316,0.0784818679860738,0.0563965780622221,0.19218796321166,0.123130035062122,0.150917136471435,0.086784892399656,0.00429335890032478,0.0519118438392125,1,0.0925504967542996,0.0428298221952537,0.0113750645576066,0.0588893882546298,0.0347393191315797,0.109648562954773,0.0783314346258776,0.0207577437220058,0.0596670067105037,0.0114064627794775,0.0203746313957777,0.0463574107686023,0.0110213020304276,0.0730364114614037,0.107101884846468,0.0374506932510029,0.0166581469393286,0.0189025068205622
"Streptobacillus",0.0125381234140067,0.0876787530197934,0.00350033719125203,0.0054790491063141,0.000632685817282882,0.038033569763592,0.0147476488988578,0.00156198406823364,0.0232904785689059,0.103512664558583,0.00167516479128561,0.0295087160849231,0.057149439242402,0.0305983031308335,0.0510433172939388,0.0038086138757873,0.0194050860826871,0.000624805815716993,0.0198939893903978,0.00105441011907328,0.0167094240073509,0.000965619609557233,0.00577455768646642,0.0817942125369462,0.00501278930627125,0.0339541005547082,0.0010556514460111,0.0373551100417226,0.0830744610846066,0.00495758335674549,0.0586292350790814,0.0593686560945761,0.0560311835229858,0.0825346994877002,0.0702494365030136,0.00820048514806779,0.0264619256224754,0.0095259068645492,0.00500102610857357,0.0582823794111324,0.0028055583005535,0.00688827658214207,0.037251048857722,0.0123099951040715,0.00186473139021235,0.00162511939055074,0.0136978485963451,0.015685782877581,0.00556674117408542,0.0115659868255088,0.00270412392874505,0.0625069591295282,0.00666683657178407,0.0247032179206767,0.0415544438796026,0.00410625076073116,0.00186699338317205,0.0460662098565538,0.00746090963511153,0.0470612716367887,0.035493668664043,0.010877205367646,0.0377290564976308,0.00755722057925156,0.0301116160984096,0.12889980687582,0.00341527015172064,0.0374283826471371,0.0393748594583729,0.035450912002511,0.0576639349240868,0.0641958706642521,0.00658357355110076,0.020131527266413,0.0725949031707119,0.03620436013583,0.035949187215452,0.0487960888000785,0.0134695936834502,0.0396846494247824,0.00356310629114628,0.0461372005954613,0.0347673491612868,0.000770796779083747,0.0117013197704909,0.0133708720968,0.032828785310071,0.0327432909043086,0.0180790630525409,0.000586424526608688,0.0618856609902158,0.0330571355879594,0.0330459524735778,0.00563292173544245,0.0847133650076174,0.118150115832426,0.0614781156139089,0.0274107506423135,0.0288031970970317,0.124150901817975,0.134194271373073,0.0587895743776613,0.0990113989900782,0.00685667948742541,0.0679899529890013,0.0317005695460015,0.0424193262394299,0.0234889040327218,0.0135814412474433,0.0396647952034668,0.081618487041035,0.0102374483328729,0.0465358164209366,0.00135839490394465,0.00272323481678583,0.0425328847396344,0.00557290009228372,0.00932719997721014,0.0694593448722201,0.0607824096575356,0.0504835674646567,0.038472098635659,0.132038472819571,0.0831271407308669,0.0839426942732272,0.0578095072809499,0.00128956982077477,0.033602799659453,0.0925504967542996,1,0.0202401045707738,0.0071752397900549,0.0397085615719156,0.021926970904287,0.0587291037733509,0.0513903689521519,0.0143243081540278,0.0429192481206023,0.00611877587200297,0.0124061444235915,0.0333470219103324,0.0125559563621581,0.0485092491848749,0.067839737968361,0.0186648240766646,0.0102331222001648,0.0124802411876986
"Streptococcus",0.00775101791611666,0.0437305145484256,0.00224990512709497,0.00349209577254816,0.00111447942472914,0.0191176169762578,0.0195145987226722,0.00123118622170643,0.011596650452357,0.05469282117498,0.00115972217580778,0.0157220481103776,0.00863098936383322,0.0138180022390474,0.0291873550253891,0.0032786733090855,0.010489541739348,0.00164576996970548,0.00891851785749846,0.00101689837732874,0.0122450298839022,0.00119199568824641,0.00419281595908386,0.038410667407951,0.00314124017532455,0.0187714266585027,0.00101933854375423,0.0214063382157405,0.0358515256807968,0.00366055032559464,0.0289807921031231,0.0202187994851082,0.0278492680304703,0.0402620868704032,0.0350222782025112,0.004903187130045,0.0132721382018083,0.0061592467678328,0.00341953922245613,0.0281703808861645,0.00215846687329218,0.00433038320755313,0.0211328864595367,0.00657286813735479,0.00139903368613626,0.0010210038821145,0.00740866628551524,0.00965531860082085,0.00324509957182106,0.00721609111261234,0.00177327800607286,0.0315910915770319,0.00415020959113305,0.0133322859000841,0.0224435778445299,0.00266961717717271,0.00188381296777964,0.0247585146316412,0.00461272725991256,0.0256468190041379,0.00491425032436411,0.0411345211476194,0.018404638564562,0.00489305777194636,0.016256583625544,0.0563278024937482,0.00180986377855421,0.0243859765687124,0.0168379376389473,0.0170043538659862,0.030895641756207,0.0321422252112445,0.00679529326621,0.0107206893982406,0.0311956551494924,0.0195548940891415,0.0210665613319234,0.0214505761391382,0.00287751850391857,0.0201036000242589,0.00277102214224491,0.0222562858896931,0.015693750552745,0.000889025504593531,0.00759360085989171,0.00774987065666749,0.0159553153871693,0.0181341286610841,0.00572687912350564,0.000495513472425278,0.0310557183979004,0.0105488220654182,0.0143699741485821,0.00309974421671238,0.0383247089380111,0.0548043541960516,0.0330709995276442,0.0152177222263846,0.0153217472262743,0.0543980164807062,0.0571439230879559,0.032954843720381,0.0349575987984193,0.00498340189256022,0.0377022941749017,0.00786647090848402,0.00474753979605039,0.00674526600645055,0.007476845212094,0.0225501158959026,0.0410440349074,0.00675127996988709,0.0210155125693316,0.000862657384275747,0.00227187727019441,0.0252314470326089,0.0170425843930146,0.00580475921942063,0.0334710981019183,0.0329435209146129,0.0301554177116315,0.0221473227085395,0.0607663641545932,0.0419377678580736,0.0335712358502507,0.032996393490241,0.00698014628163502,0.016439437254466,0.0428298221952537,0.0202401045707738,1,0.00412752900794203,0.022643588353037,0.013250023072268,0.0204806440052757,0.0281252106626779,0.00818063083895255,0.0190381306263632,0.00512414709866689,0.00718229580480494,0.0182269736704987,0.020200780695201,0.0220384063192483,0.0337558427203177,0.0105995629872364,0.00691375297834997,0.00733185630557321
"Subdoligranulum",0.0752446847547127,0.0717089838945531,0.0262165702647654,0.0658829595226728,0.0355366278570202,0.0173842035474863,0.00111548405599475,0.05096513838829,0.0616568505614897,0.0244468378646493,0.0557706523041927,0.0399938481217301,0.00178859316926445,0.0425852605960977,0.0301472494006791,0.0971347920511685,0.0734438420338903,0.0556089641239973,0.0126758968893206,0.05488888539283,0.00176386634302194,0.0133724631322694,0.0365019547909893,0.0457820531355011,0.0246422877975872,0.0543070011633308,0.0169978108180494,0.0865227058551172,0.00934053486957704,0.0814251347057606,0.0441904542623896,0.0239262632311539,0.0809406317060925,0.0432560328432691,0.055725236708807,0.0839205864117099,0.0358552906321025,0.0923481567530522,0.0588013110465691,0.0474501080558446,0.043974717322742,0.0656097301112074,0.0667826768323281,0.0820387956395747,0.0119515772054167,0.0355313820313761,0.0807511532589466,0.0525901392284332,0.0161039732324534,0.0730605960494912,0.058383850912835,0.0505535827125843,0.0381978776024965,0.0428118192513706,0.112972847208711,0.019688654998524,0.0644775102533687,0.0387237971312162,0.0791167271704097,0.0525071502286354,0.00152789553999564,0.000332471986520115,0.00970813546124354,0.0606615465522689,0.102948573476017,0.0253867863560126,0.0228398949354864,0.020781510273542,0.00543967345750538,0.0657918599483787,0.0783289821047307,0.0591673444560503,0.0188199985193727,0.0460110724623721,0.0566080555870122,0.0445494740063873,0.0353505233986582,0.0314982310661981,0.00666733259066248,0.0245396808342606,0.0847452787946701,0.0960211680317501,0.0215578565495837,0.0418692909130662,0.0566017877934239,0.0366638531079367,0.0528868114135342,0.0787961582299528,0.00980725637952625,0.0132282676993207,0.0895068717882055,0.00232370114271141,0.0249257543273012,0.0313903599681749,0.0321087898298867,0.0236828932024651,0.0535304470983169,0.0366368368519665,0.0398710949841083,0.0170148369406038,0.0190686285266377,0.0326396930697777,0.0195839638978178,0.0580560623401353,0.0267925664296488,0.000504305763423202,0.00140033009151142,0.000646990326868534,0.055721055660725,0.0914461405825911,0.0658153413788687,0.0710491625259183,0.0802092548492559,0.0365749951107393,0.0478543817259536,0.0345150114076657,0.00112769683058239,0.0658451566171209,0.0661381050747186,0.0969399993414341,0.0345879094108793,0.0560117695796852,0.0286935095347503,0.0589295688086093,0.00914478126961337,0.024129995816197,0.00435415764149762,0.0386450284486453,0.0113750645576066,0.0071752397900549,0.00412752900794203,1,0.0746908466145836,0.0575647760636038,0.013884921379505,0.0608374933535031,0.0996249909766048,0.0581618237592424,0.0506614503086066,0.0630074015711671,0.0750648955292935,0.000226272838651828,0.0748448066473517,0.0570738913459299,0.0235280877861261,0.0442788343583082,0.0581390914087115
"Succinivibrio",0.0888897044438986,0.170027031635309,0.0342845218782021,0.0713212571815579,0.0154293391946788,0.0773225085567327,0.00443651261350194,0.0356953364550614,0.0994881696927671,0.0843097076514605,0.0419003867660834,0.0990100410365406,0.00838148013539589,0.114390376345538,0.074946702326921,0.0579965353228248,0.113706451310483,0.0256271612762802,0.0342489363405779,0.0317787781181432,0.00799005291786222,0.0108497329393599,0.0792294585127151,0.10501622450646,0.0581433441007328,0.118621645606992,0.0127908545771233,0.145879721244478,0.0645489960188179,0.0625774246038866,0.11525385292561,0.101651377403403,0.157013009537672,0.10121661297434,0.142046700143477,0.0837666009070747,0.103260577632231,0.0854027524834547,0.0620497680474159,0.0902742003956848,0.0621648599311971,0.0795180481781832,0.148154084932744,0.105701233654872,0.0171510089894778,0.023444459953906,0.107370288351705,0.132861436014979,0.0505796562780502,0.0977091272035775,0.0530565361619635,0.130704194222258,0.0724543834998248,0.106342513701527,0.205688115525483,0.0261774532696655,0.0460797052947659,0.0906246249891322,0.0885899361615455,0.12327995202277,0.00361967692554124,0.00185436608182177,0.0568182389593793,0.0879959696110471,0.132912215507678,0.0886702283939807,0.0175956557830665,0.111191098235952,0.0302402519537566,0.0976851918626292,0.194881392614182,0.131104530986445,0.0860515096822488,0.123440949891911,0.0921013981537612,0.0759291564882102,0.0731407085722514,0.0857967768546566,0.00946158795311931,0.117084202010924,0.0590061384919212,0.14850343193418,0.077207802768076,0.0256815642767446,0.116053054037699,0.0907045234372794,0.112874191457264,0.162447264686351,0.0431713362623763,0.00967145243194099,0.161225646203564,0.00758633744532036,0.0724643822905646,0.0530738659645564,0.0872495654364352,0.0889672515305554,0.142806186271186,0.0991924170838881,0.104027979304176,0.0715091667239115,0.0737997394631056,0.0965547201078953,0.0811422902810029,0.0950083374620831,0.0833820294556496,0.00170405970651293,0.0052030305499892,0.0022482258474274,0.0925192655726825,0.219521423611448,0.161065847646848,0.104988886708721,0.13730887201145,0.0281166000015675,0.0574975057053498,0.0942929537034186,0.003242765653391,0.0902414823283101,0.137691462925666,0.259196250449062,0.0940145367751098,0.179412129608426,0.0876181171162778,0.152285772953434,0.0576068586386629,0.0894230079280712,0.00992856691362356,0.105647226698847,0.0588893882546298,0.0397085615719156,0.022643588353037,0.0746908466145836,1,0.121889124582968,0.0636161676853503,0.175151328918664,0.10753216531646,0.118198610487711,0.101671912493512,0.116068895461751,0.175835425810268,0.000999503853733066,0.10333058548578,0.101061897846393,0.0741022165781578,0.105107053534871,0.1033814623364
"TM7a",0.0729984310489618,0.131394316138072,0.0190938751034353,0.0555257389763337,0.0157150922770139,0.0375152200446369,0.00280797861942459,0.0395350511660708,0.0727799063477318,0.0515002658231125,0.0399334438887446,0.0699542629069885,0.00505542768096893,0.0829819461064842,0.0567884287183451,0.0532148376568708,0.0657172334759199,0.0305273566528987,0.0302910767031,0.032082210377003,0.00496872351555161,0.0100892574884467,0.0503109179242098,0.0822822359009047,0.0338477433307448,0.0811998796845662,0.00911580635695666,0.107021726963234,0.0310075654988356,0.0532360053192315,0.077852773813688,0.0570404520779506,0.101674383806169,0.0831587315978415,0.0947038566893931,0.0743382534740745,0.0677276413502679,0.0751315293722855,0.0513666498668242,0.0727331078072411,0.0501688563555743,0.0707973404844717,0.0804971063453663,0.0613638629268668,0.0108401433230482,0.0197007722739875,0.0862209069307098,0.0687577793455412,0.0261747693968147,0.0581583297509354,0.0372195030336475,0.086549830773424,0.0593324356751511,0.0678738150551894,0.131841099691895,0.0231406266976575,0.0365950293624414,0.0523497536356431,0.0646815345304922,0.0950822514771087,0.00266698550193387,0.00119821506378468,0.0319644906989248,0.0580923257033085,0.109225685740206,0.0574942987102366,0.0184994765191203,0.0488960385598343,0.0167069022399713,0.0907943271573955,0.13456389038197,0.103508205076968,0.0384845214218596,0.0717979276473081,0.0901333580432854,0.0696714613089413,0.0630837061920575,0.0522071646702784,0.00704114021233863,0.0577405847318776,0.0638671155800268,0.142377444067451,0.0520669447927812,0.0286196091400286,0.0854433244035733,0.0510981256605585,0.0921881207195222,0.111475261102376,0.0243205415310545,0.00810574938117915,0.117868378362116,0.00675589929662719,0.0437103934786447,0.0263955200154504,0.0548023322816074,0.0537728918839923,0.101281293195621,0.0602153429694823,0.0599981456184829,0.0381758780001945,0.0433776195767956,0.0577311781933968,0.038207714662331,0.0873613129244375,0.0501355925590995,0.00124279353249333,0.00313628736269495,0.00165835602377342,0.0633906142097814,0.151616157532844,0.113327080851864,0.082150047432145,0.110991545379901,0.0264487252337145,0.052692958845254,0.0536292296821851,0.00236610571943804,0.0593866726125943,0.0991714869976126,0.155813428277641,0.0654701288049251,0.0827956250987041,0.0619820323860038,0.114441200202926,0.0289676644542479,0.0513751153624377,0.00736590131663256,0.0639487595550282,0.0347393191315797,0.021926970904287,0.013250023072268,0.0575647760636038,0.121889124582968,1,0.0368289081654967,0.100884997698405,0.0797054812371016,0.0903475585386565,0.0652293215592324,0.082117587160779,0.104117766891405,0.000746471344206317,0.0972951682417784,0.0887936067394823,0.0559086495072778,0.0656395978940737,0.0706952500048057
"TM7x",0.0275872080776558,0.121829002517233,0.0101556459089396,0.0121034915613107,0.00183390428553862,0.0504713097701492,0.0189609026417616,0.00473760129400113,0.0445734806090209,0.0903027553259381,0.00555534983489371,0.0567640978442672,0.0348599094673262,0.0435093639482898,0.0669711848142762,0.00826640539226021,0.0351373860533516,0.00219694681527609,0.044858344758075,0.00383390142240051,0.0253707122018002,0.00260902540316944,0.0152270599782511,0.101616871762753,0.0122965886684617,0.0683811549332996,0.00335518503869459,0.0715436086765193,0.0803833341603747,0.0103548205453822,0.0865674225513562,0.0547105577786039,0.0976618382462016,0.0999392926651296,0.0987838457676268,0.0178012980720749,0.0407692239644388,0.0225577434145215,0.0121213870050113,0.103640732955355,0.00885440792806447,0.0150488222346349,0.0600949532977319,0.0254734736036587,0.00486063791014607,0.00579550137462218,0.0305252984147688,0.0353633952789937,0.010857778129406,0.0241266934959877,0.00807368690021445,0.0815759702610073,0.0170922231107499,0.0455989173989864,0.0821870845957115,0.00724660169786984,0.00514204651516127,0.076808752521036,0.0147994400799719,0.0806222925326438,0.0108405036131957,0.00831306966941991,0.0441081895077969,0.0177931362151224,0.060230867115811,0.114658507061968,0.00491465527000125,0.0448365461350488,0.0660325682006336,0.0592627709962732,0.0849407431876601,0.0887207759443156,0.0137373507110704,0.0324649004964679,0.115575446310137,0.0634703215374514,0.054941489718864,0.0784877826672003,0.0116346714954129,0.0503833549449257,0.00725069845841756,0.0889654998536916,0.0599647048871428,0.00300667723401655,0.0233177825952558,0.0253241631963738,0.0552360109711339,0.0625028129580069,0.0311410920462354,0.00224113926822447,0.109417058483672,0.017388274123659,0.0603397129780241,0.0151626264420352,0.108810566821657,0.11936725488546,0.0861682784096903,0.0446683847444939,0.0466731992685872,0.0846601753676105,0.104102944471307,0.0653177967227285,0.0767915467003378,0.0120634506709607,0.0804996948842084,0.00873774517715544,0.0157225943860524,0.0114762562665816,0.0307891799030679,0.0658130811491721,0.10256347004431,0.0234556262186777,0.0604834907628288,0.00499107853170191,0.00770462707437187,0.0659304427991301,0.00593897910822963,0.0208178104634638,0.115368555932473,0.0944626460717755,0.0704645205576675,0.0513887828738887,0.146077566172355,0.114184095175255,0.0818099304643874,0.0661927839904015,0.00372190611950981,0.055660489868821,0.109648562954773,0.0587291037733509,0.0204806440052757,0.013884921379505,0.0636161676853503,0.0368289081654967,1,0.0800484796172899,0.0297360618714449,0.0659473424059464,0.0158348345811416,0.0287786198097597,0.0496744029118585,0.00744425654128611,0.0930001444263089,0.110854972731076,0.036313512629425,0.0248254067363145,0.0234498030948044
"Thauera",0.0766494702444507,0.188228089981476,0.0302811927303896,0.0552313093892741,0.0112866552423076,0.0850964866034313,0.00644242533341799,0.0267703157271722,0.0933152605577684,0.0962926891735691,0.0330410511105465,0.0955460825569008,0.0112621214041817,0.0997127421795126,0.0854329994940857,0.04245011185061,0.109173034177807,0.0171128452866331,0.0372996514855832,0.0241459171238937,0.0103834606859931,0.00898799998248108,0.0664050790884842,0.113280346598579,0.0495252115270835,0.108649091663075,0.0103342103434949,0.133938839453938,0.0839923708215223,0.0492112636207119,0.134357558416117,0.105018297950007,0.154203115902774,0.104894693587275,0.146817011732949,0.0683392281292899,0.0984482259248293,0.0709293124819754,0.0506007565377089,0.0993264942354472,0.0493696851035711,0.0609823943690477,0.13808714489409,0.0885137394415116,0.0138488934578457,0.0177479724595031,0.0912395002913554,0.106908388217072,0.0409384242106052,0.0797726732236745,0.038417335153276,0.144064669124284,0.0596277267486497,0.105856714720204,0.192519123374639,0.0208950561280681,0.0343617720362702,0.0990807174069263,0.0692651683929442,0.123976836902593,0.00432518769304879,0.00273841215600985,0.063271052661227,0.0809055362066065,0.122707827713431,0.104806385699051,0.0140281574114706,0.121746084348445,0.0391955944657686,0.0907855656430332,0.186425392950831,0.139271516332524,0.0812720292556418,0.105784723638207,0.100475371650282,0.0797460874226895,0.0808049679404437,0.0971199089335085,0.00985061622399076,0.123985975213978,0.0447266357119955,0.143358629910925,0.084442912066935,0.0193412170243575,0.0929677545280498,0.0826813587355028,0.116106262527927,0.145148951928023,0.0481233709629386,0.00772146454438261,0.170899351925176,0.00889130613554934,0.0814147146400323,0.0474151251014643,0.0988102854448738,0.106553445772094,0.154003322670456,0.103334772294563,0.100338326772173,0.0855699087173828,0.0902581356521262,0.109498866971544,0.0926848687267521,0.0732205489124893,0.0951620195945261,0.00242190080236047,0.00674730923551473,0.00329641776820826,0.0947838550087543,0.191364392346252,0.164909175155217,0.08224422876022,0.127729449169349,0.0216323701377762,0.0467111976637344,0.0939684127289151,0.00417724302072397,0.080751148306533,0.145511033299436,0.244770382539748,0.0940493406214101,0.161341150395485,0.104483711811855,0.173857505291536,0.0758285780382726,0.0999515181770197,0.00882431529229709,0.105729405560798,0.0783314346258776,0.0513903689521519,0.0281252106626779,0.0608374933535031,0.175151328918664,0.100884997698405,0.0800484796172899,1,0.0854044146478794,0.124803198630656,0.0797913897949511,0.0965761365574224,0.167433140007543,0.00159809437544571,0.110417244693843,0.11502965584202,0.0685519033827737,0.0939779664440056,0.0960876414713882
"Tolumonas",0.0830996164832744,0.0944252992996228,0.0226502772048269,0.129317725078923,0.0376749988458337,0.0345299539271968,0.00214465630394175,0.0888552800649323,0.0921978707321026,0.0292264941922805,0.0955473489570976,0.0687821446079491,0.00376518921975035,0.0659842104965035,0.0420138769093018,0.105512774744324,0.106509885493092,0.0780061206730973,0.0211095288609531,0.070088418605401,0.00374355550770239,0.0150704190392258,0.0785882368978679,0.05316886925844,0.0393047438097611,0.0823730189453294,0.0125501480888733,0.0991452190966714,0.0200519483268012,0.136658078675261,0.0582163048809811,0.0464039217845324,0.105286280649399,0.0506424707608902,0.0860479152142325,0.114108998034076,0.061175299457394,0.13901255597442,0.102175180073445,0.0615556546028861,0.0748103698155155,0.10384432459276,0.089971609001506,0.103870379660178,0.0131089195506795,0.0336216495764349,0.119028305573977,0.104222552086795,0.0250588115578005,0.111196774098806,0.0825950411707416,0.0710461436236577,0.0574414090259251,0.0784462526431678,0.145134669046368,0.0311128186842328,0.0907477919261852,0.0507527965667412,0.106421885763342,0.0799800494061519,0.00316689932142154,0.000612803167204688,0.0202464686483514,0.100670963653934,0.109870336536492,0.033598789326141,0.0298828720971333,0.0398843950450749,0.0131175153454891,0.0717496191932904,0.107785902111621,0.0744185217197778,0.0349616723999853,0.100361296065243,0.0615286278286035,0.0473916331782713,0.0458457671010652,0.0448456932101991,0.0139239771023824,0.06282447871929,0.109061009006261,0.112153447665117,0.0462268094354877,0.0613057809351943,0.0902477873363609,0.0516289808364132,0.0673191519691771,0.096573210818539,0.0182580704657007,0.0127684840784394,0.112776775635382,0.00406648404777921,0.0416487577995695,0.0323218123372245,0.0366172555083087,0.0316649212767062,0.0759328597390985,0.0768269836806541,0.0643885190860082,0.0238739933478332,0.0251354000040439,0.0485330228221619,0.0320341759341225,0.0944257224378692,0.0341043384741673,0.000974656830688998,0.00286078223697625,0.00155905686364623,0.09947963916887,0.135394919524819,0.0815609124559207,0.117760052105434,0.0906094634407158,0.0394863023713668,0.0897489383908324,0.0429382989208663,0.00248745989030272,0.0781774686237323,0.0796321150269874,0.133145403403049,0.0422189842210165,0.0734512358433685,0.0365265612472692,0.0853221267443353,0.0186480288060914,0.0337922765382531,0.00670299087089011,0.0685720027061877,0.0207577437220058,0.0143243081540278,0.00818063083895255,0.0996249909766048,0.10753216531646,0.0797054812371016,0.0297360618714449,0.0854044146478794,1,0.0733690119091715,0.103106829880173,0.0969061993835504,0.0956873743428894,0.000464861481260648,0.094555112158042,0.0735900897062202,0.0452576338003701,0.0921731530064119,0.0910958031541375
"Treponema",0.0720021880153932,0.153093455534913,0.0295286559569771,0.0560199701209175,0.0120370822126213,0.0744515595169487,0.00478339352285016,0.0302566676081563,0.0907773852432736,0.0723207238398647,0.033803197390014,0.0869097335369881,0.0097381604993151,0.0936338422108137,0.0930265266673735,0.0411513094527775,0.0890399468980945,0.0203715847602975,0.0361944568097035,0.0257193758534415,0.00830548830339028,0.00919042790103041,0.0636505747804531,0.110873314526086,0.0421739006237399,0.0870972783800206,0.0114459151335634,0.117224764409662,0.053933332394938,0.0503571255401936,0.0954081934924649,0.0813405948570158,0.131682862855599,0.100026016155793,0.122959768511056,0.064997803833758,0.0844215504931186,0.0687901438049736,0.0486024184328826,0.0997280770946261,0.0419789620230405,0.060648607258553,0.100643558972177,0.0713545567974576,0.0111498571091147,0.0203446982653103,0.0826157752644304,0.0759644404190071,0.0248778034742648,0.0689374722059765,0.0371454353682299,0.106751048650049,0.0515646179494181,0.0777226865534494,0.161341508518809,0.0206473542970188,0.0332871240287456,0.0877210484223402,0.0618266922620654,0.101799238735094,0.00397867593537128,0.00183480363712354,0.0473486194413185,0.0623500119899163,0.116245123799123,0.080595602514715,0.0155239138402246,0.0754119784829782,0.031273774086971,0.0924603180509655,0.130391149300916,0.106914920010683,0.0453441856492217,0.0703451805513395,0.121242076797673,0.083381828050151,0.0790086051169902,0.0929529525521119,0.00838496444857736,0.0831169066287255,0.044846788987927,0.159678076506248,0.0767373092539281,0.0210904275454786,0.0662374941971509,0.0688560463834634,0.0943700470148561,0.122449328670938,0.0427135073882079,0.00826580507553877,0.173367331320223,0.0099336127683257,0.0850723373241113,0.0435584574743894,0.0771338413176359,0.0743183980108238,0.110447076051682,0.0731345836499421,0.0972136782221583,0.0635243351303415,0.0661388637772664,0.0769517118057927,0.0718640841348382,0.0577117418799014,0.0800092728318177,0.00255316379627151,0.00578310125838926,0.0030001489345137,0.0948268961276414,0.130401387597849,0.132808813733767,0.073082986673932,0.105371617369643,0.0227793790545596,0.0460411453253578,0.0726400201860413,0.00338357667586961,0.0628831702481263,0.136509587473613,0.170794570399142,0.0815527753198865,0.0956280893041793,0.0871275406458583,0.142265962778646,0.0508159895514231,0.0725476394333321,0.00633893659707304,0.0849424712882406,0.0596670067105037,0.0429192481206023,0.0190381306263632,0.0581618237592424,0.118198610487711,0.0903475585386565,0.0659473424059464,0.124803198630656,0.0733690119091715,1,0.0529137415095474,0.0876519263763765,0.096815135734314,0.00117931897624989,0.131573740881833,0.131719260424985,0.069153135312176,0.0711504508081186,0.080418244696323
"Trichococcus",0.0570274813927736,0.0765846794434555,0.0123891567734398,0.0658577899584649,0.0241986842578929,0.0143949471458511,0.00139238033675304,0.0435192793522091,0.0580319500637416,0.0221200947273622,0.0479199176180986,0.0505726479415224,0.00170845780533826,0.0420635769454751,0.0253281762203435,0.0708898123994242,0.0640697873464774,0.0482820448381475,0.00914159210014684,0.0428647806504128,0.00291489819333771,0.00978706196522205,0.0402310708814086,0.0425129393079293,0.0192577558631047,0.0822061368683305,0.00788033697531013,0.0919197242748532,0.00983708093800973,0.0793424834216145,0.0538263560486058,0.0233204640822328,0.0758218505115269,0.0403703237249724,0.0629000327879889,0.0778554137367003,0.0395843222839984,0.113021278501518,0.0652097175896123,0.0513233050857253,0.0533265804658188,0.0628649138902668,0.0682138623128193,0.066918451364815,0.0088100951856982,0.0179080658493699,0.0889154441156017,0.103358935508984,0.0175924796269584,0.0684210505614257,0.0418536484305962,0.0609122269871492,0.0390228918537792,0.0592030715829622,0.110463421119423,0.017183280130301,0.0519377010468738,0.0333349791796408,0.0729746573358937,0.0692008077434899,0.00118430419420728,0.0007154674747308,0.00996415050048377,0.0708926963339237,0.085500909854601,0.026041391670373,0.014821701815491,0.0218701050695008,0.00567783327586885,0.0528874946195349,0.0888681960142827,0.0628970785028305,0.0193910072312651,0.0658670921391756,0.0489494327619679,0.035038490886542,0.032076822490279,0.0293300303861427,0.00684763278240779,0.0399952214753216,0.0639747254743883,0.0956413837584226,0.0218243090479458,0.03606654468843,0.0648748396800419,0.0259680794887332,0.0608825325269997,0.0814436863964584,0.00867739478371893,0.00893379404729511,0.0808604292841632,0.00195466014628044,0.0211325886302225,0.0163580310369329,0.0294207786678037,0.0248274266492063,0.0655763821743162,0.0537969072433052,0.0403064996650822,0.0145220264124343,0.0177022636807348,0.0332512544292511,0.0165080292830301,0.0750401156063859,0.0221311530800301,0.000410767577785234,0.00105152523543757,0.000615589253858654,0.0530404872090558,0.118948497705971,0.066823942019071,0.0729271918541938,0.0708223200173756,0.0301044729094228,0.0533057618812142,0.031149661331842,0.00183443171419188,0.0546763112044489,0.065922175162954,0.114313700642741,0.0299739041752484,0.0597391566548644,0.029646224281135,0.0717500801312209,0.00867995088252158,0.0226004261649374,0.0082831228737984,0.0434173745888977,0.0114064627794775,0.00611877587200297,0.00512414709866689,0.0506614503086066,0.101671912493512,0.0652293215592324,0.0158348345811416,0.0797913897949511,0.103106829880173,0.0529137415095474,1,0.068581055493517,0.0812393542722707,0.000367485866531614,0.0657736711998981,0.0520149809976125,0.0244959499235413,0.0699474964093121,0.0622889076906372
"UCG.005",0.07336052831211,0.0964520951819374,0.0250758160823515,0.0630588801007596,0.0190102804773885,0.0315651109173187,0.00199532326438877,0.0476104832457025,0.0831012813968009,0.0338574272762179,0.0601712798765929,0.0555303277377964,0.00331242759884747,0.0595121358800272,0.0415308180894016,0.0603606941311316,0.0671334550978854,0.0350157469235083,0.0198640712647038,0.0383861529041483,0.00404152591922363,0.0111896497314867,0.0615832748417662,0.0615481690019287,0.031424592792587,0.0857422952940078,0.011521314497628,0.111894370466418,0.019087473843303,0.062350455491059,0.0662984778097734,0.0388535666270441,0.119095621730662,0.0593740678574335,0.0920770463097351,0.0872812512758022,0.0433381872977241,0.0951463474590812,0.0577820704373428,0.0648409443661223,0.0547297902978493,0.0755566328080503,0.08886132829345,0.0647650236202296,0.0119266768580733,0.0213825019824025,0.104912094866684,0.0733440316905842,0.0225873288724154,0.0717704923279633,0.0408902521165299,0.0721837921463613,0.0459285251566553,0.0582423959131713,0.162148034878386,0.021776583990498,0.0446259614451735,0.0521332851387167,0.0829833195717637,0.0887818397575135,0.00256644693382644,0.000716774593568667,0.0195637276674207,0.0646118938446831,0.117291582419789,0.039259194432948,0.0182272400153062,0.0354281075710731,0.0128117806074024,0.072587379694095,0.106763638696093,0.0729687312280155,0.0261936409701508,0.0548749418496793,0.0773997941584019,0.0490030183723016,0.0388826272454971,0.0468448590230149,0.00824883422565114,0.0495985652079077,0.0634760826690867,0.142095424980741,0.0363908256773752,0.0350074906619077,0.0767274594042512,0.062781382825891,0.0661335682473852,0.123262570178457,0.0181286404519267,0.0103293217841561,0.129225626631748,0.00426363108640694,0.0387963315472867,0.0324268303568308,0.0457682244842232,0.0367729881368328,0.0748798859744143,0.0469827974986351,0.0554583187577127,0.0224320767165808,0.0270959010082873,0.0361059521496152,0.0273582563597228,0.0621500288802986,0.039572251389085,0.000890219169463504,0.00254354933175226,0.00136519306523093,0.07311660730457,0.130613223666176,0.0906641963604805,0.0889814330912968,0.0808794961296126,0.0299314491287548,0.0686274371493482,0.0474715017407912,0.00187793967537427,0.0650977543108478,0.0928370622270725,0.148196239499341,0.0511153092083955,0.0772543783001533,0.0442891341895144,0.0952220344757303,0.0172519458377279,0.0304524021561558,0.00602323635929952,0.0573531167782336,0.0203746313957777,0.0124061444235915,0.00718229580480494,0.0630074015711671,0.116068895461751,0.082117587160779,0.0287786198097597,0.0965761365574224,0.0969061993835504,0.0876519263763765,0.068581055493517,1,0.085181987621423,0.000503459711190518,0.0939575640741603,0.0860089068463086,0.0442067548658764,0.0769251381248518,0.068371418826769
"Uruburuella",0.0760546068449491,0.180673780442454,0.0268907001800523,0.0670387241311127,0.0176252686822197,0.0559228636722749,0.00358118500781451,0.0380958818632349,0.0798000365525204,0.0668613452290061,0.0437474059555676,0.0832679872034507,0.0069516898179474,0.0991172436807278,0.0585306957712878,0.0576484068178039,0.112830401155476,0.0280827493006443,0.0332861063557364,0.0349692716239632,0.00596367074615306,0.00929939740751722,0.0603792641420281,0.0909247078273687,0.0487977816665335,0.0871628506899358,0.0108361098258072,0.128129816315199,0.0518463186302899,0.0643808421826955,0.0997759716167176,0.0897065959455413,0.141716390393186,0.0908225677557872,0.123870035623318,0.0835488998105647,0.0893161394375945,0.0807636909900732,0.0595928695647699,0.0736047320280228,0.0523961534525651,0.0689129119678993,0.119700353901283,0.0982009928353447,0.0129097562748355,0.0210273395884788,0.0974321389754312,0.0953310947434677,0.038577554523442,0.0718270651445982,0.0466858537127316,0.114993668072878,0.0631191593331397,0.0934275248291575,0.186753603796963,0.0214942615173807,0.0456167422548252,0.0706996929983776,0.0750926101010025,0.0914454506936838,0.00321056212261638,0.00136970460194141,0.0429043032740625,0.0870706030679465,0.128654679763409,0.0723938026944578,0.0165598047477686,0.0887734890721839,0.0221012127507522,0.0953614273215249,0.203390188930457,0.150049713532752,0.0837809418677389,0.113277080928194,0.0823137592145896,0.0649785083741927,0.0657223235669438,0.0696886742017673,0.00934464960919389,0.0853549084000089,0.0638835359826488,0.139285118226102,0.0678264873326033,0.0277099243238856,0.0927409333286519,0.0711173250270056,0.116173961738041,0.140868146009453,0.0310155814594081,0.00853484049058994,0.147257205350186,0.00581551366930613,0.0563815379872079,0.0406584823356519,0.0676650670282819,0.0731969040220908,0.146690862546858,0.0881028683117392,0.0768699420598286,0.0593461129681099,0.0612883738143477,0.0981060096981933,0.0645387071361689,0.0889099526567037,0.064930150160392,0.00137184613713443,0.0047185422330297,0.00191361868213023,0.0800078606932419,0.213373835830134,0.15671799708912,0.0852792844891014,0.141053646089405,0.0253423174987725,0.0547771594321786,0.0734667947461236,0.00286889989400047,0.0844586703245764,0.124523120885651,0.243694231437358,0.0741317817975425,0.141956908557973,0.0777478615798408,0.143762908959998,0.0483532846573714,0.0786338879723989,0.00804036932349865,0.0864863549989549,0.0463574107686023,0.0333470219103324,0.0182269736704987,0.0750648955292935,0.175835425810268,0.104117766891405,0.0496744029118585,0.167433140007543,0.0956873743428894,0.096815135734314,0.0812393542722707,0.085181987621423,1,0.000816110538587777,0.103765915966371,0.0888933464417472,0.0552722764397592,0.0809769506595689,0.103150412168622
"Veillonella",0.000376009648398752,0.00248994920325836,0.000120467942692498,0.000425060804324515,0.000153841643001926,0.00202441623900714,0.0750064572298355,0.000159058082878377,0.000666448299927452,0.00370192374672683,0.00020512384715678,0.00137175582547879,0.0298916699347237,0.0011463653687003,0.00183850228146149,0.000232478162249388,0.000515227094667968,0.00033667326975242,0.0206668370060616,0.00016805768130166,0.0383705258544548,0.00180915899646267,0.000359925834574405,0.0030109662123583,0.000157557987175825,0.00129062376484067,0.000111352096060183,0.000988329579082116,0.011827894658516,0.00033130507023284,0.00159313173111637,0.00268861938281133,0.00135888120286847,0.00283809047024684,0.00188952620751482,0.000368885575263832,0.000801800737111497,0.000373664228770828,0.000275208497469536,0.00174390582966013,0.000173253229070339,0.000249162592871115,0.000862487006511041,0.000378045769440257,0.00032305975811944,9.03711929041359e-05,0.000586202934022277,0.000640892438846256,0.000724835965893121,0.000389373617134996,0.000177982085376987,0.0019155622763085,0.000271793999751293,0.000774760969966435,0.000924713583511246,0.0016968665911706,0.000308769512292593,0.00121640887488298,0.000290512257690356,0.00143317484131276,0.0264886890735169,0.0753360045810727,0.00805023969766281,0.000270291372413367,0.00070591019933559,0.00494203426743406,0.000480703705980944,0.00125743389108652,0.0188462771609607,0.00205082310134353,0.00148887581344487,0.0017262851138971,0.000787896497053909,0.00069250443034559,0.00253085322209165,0.00147829889240205,0.00119271336331535,0.00161159647436684,0.0161447074523355,0.00193851831581191,0.000199993701814633,0.00141224125057319,0.0036267358093256,0.000150090154360151,0.000419498410209141,0.000396159086824655,0.000924463445814068,0.000900422376651917,0.00159492857203041,0.000146143152516269,0.00161368623633819,0.0127504539769253,0.00108453764312346,0.000171825501183153,0.00355739912334374,0.00624363358457186,0.00166867767502612,0.00078001064118727,0.000767555455200369,0.00552744897853889,0.00558851782930315,0.00193093743392447,0.00432060511761579,0.000322882615176099,0.00203909501527146,0.0531580109926745,0.0296719340143755,0.0701739581757861,0.000751888884514617,0.00094662653255977,0.00244302824486257,0.000357406007490859,0.00161129660916702,0.000104808019302561,0.000214045934657095,0.00133920122682857,0.0493462482280609,0.000241961539769457,0.0020670965153912,0.00148223726408309,0.00224853953815753,0.00102984252482068,0.0065414556039639,0.00244995873503261,0.0111774746758148,0.00197503406215544,0.00413412032146711,0.000916717801218351,0.0110213020304276,0.0125559563621581,0.020200780695201,0.000226272838651828,0.000999503853733066,0.000746471344206317,0.00744425654128611,0.00159809437544571,0.000464861481260648,0.00117931897624989,0.000367485866531614,0.000503459711190518,0.000816110538587777,1,0.00148931387292873,0.00231315039944783,0.000851908333833003,0.000555916948656761,0.000440594743621313
"Zoogloea",0.0906769118486861,0.150811635198152,0.037185655443107,0.0688285677502,0.0158417705442892,0.102797115402937,0.00684462609476539,0.0371215500778994,0.112487263297725,0.0882568407726868,0.0406512106882168,0.138673299523205,0.0126710591946304,0.103636789859851,0.107522809473787,0.0512928826490825,0.118943194831277,0.0243750688776341,0.0533505416198415,0.0315404098674668,0.0101670100539075,0.0119936751554665,0.0697323140394901,0.120901290439449,0.0514544177100805,0.103145827389814,0.0140068951665681,0.119775276258642,0.0599920354946326,0.0584830534727895,0.10921006123844,0.0873450536113692,0.141165762259491,0.105553677082567,0.124047940259293,0.0798383455781219,0.103530187858842,0.0824267630113759,0.0598863535124176,0.123458161294055,0.047953977086462,0.073031097683081,0.101697516100627,0.0962820447049441,0.0149165713064502,0.0286667278574402,0.101681626832197,0.0893199451368806,0.0281347942991488,0.0861552622798101,0.047480709099109,0.102925131468893,0.0718083193638451,0.115541847110046,0.156238619374499,0.0272036939982042,0.0394927060330206,0.12444086830673,0.0688031290284323,0.109815340944925,0.00441651928925346,0.00212974651894124,0.0564905890359243,0.0848311570749194,0.133092536155522,0.0916979289993459,0.0225591301141314,0.0827273183953094,0.0400802694948714,0.124917117649863,0.13409637864891,0.114925365328818,0.0504858785769654,0.0832450490548863,0.12847514224434,0.119977649099767,0.103358842182602,0.119860225628375,0.0101630750794186,0.0859852190390213,0.051839846321844,0.142798763468287,0.128321326120678,0.0245561695205497,0.0827236577538284,0.0868494649019276,0.102875977533622,0.110875021371565,0.048209961116536,0.0105516678497132,0.175187588504393,0.0115794334306051,0.121235101165859,0.0550279049774034,0.108424274794625,0.0914236881283288,0.105737821998345,0.09739661510072,0.109238041190998,0.0767383627210217,0.079264097978228,0.102103781932897,0.0909397022066865,0.0601257360225212,0.102505629446239,0.00251532258152126,0.00695798199681415,0.00401241477096693,0.11368550836615,0.122247913962362,0.119277833829032,0.0943881505517407,0.112379863408562,0.0304718734928208,0.0525394946757986,0.101824750196553,0.00427360817485185,0.0816584111753969,0.152210309359456,0.148487568881293,0.103358418650886,0.09718945482688,0.0920350028155433,0.124532760629812,0.0621920068538913,0.0975953126770792,0.00908698635521729,0.117918763982889,0.0730364114614037,0.0485092491848749,0.0220384063192483,0.0748448066473517,0.10333058548578,0.0972951682417784,0.0930001444263089,0.110417244693843,0.094555112158042,0.131573740881833,0.0657736711998981,0.0939575640741603,0.103765915966371,0.00148931387292873,1,0.132034186875538,0.0909763234422553,0.0763496027776962,0.0852480822217759
"X.Eubacterium._hallii_group",0.0819041734548839,0.160715225056189,0.0360225615841863,0.0490170205520097,0.00945476065170608,0.122196044136612,0.00948611715185322,0.0237916959857047,0.111309553699673,0.120985294270593,0.0273799510464929,0.107278370555365,0.0169200349557803,0.0909779742248761,0.139923542640129,0.0345775874563774,0.0938774481349641,0.0139136349079113,0.0497446258355482,0.0199046709631455,0.0143109162818565,0.010337064735313,0.0637172667615943,0.125179813933849,0.04401571146779,0.115272385034002,0.0128969799324442,0.113775731975793,0.0924951843798515,0.0387458537505167,0.122093819137481,0.107826477857783,0.144351649419198,0.123946408769633,0.138896135640129,0.0572558207376692,0.0850449072064413,0.0595001787549372,0.0412822561996527,0.129737577406208,0.0364200027700485,0.0537211647455422,0.110441216452051,0.0764210724354163,0.0155630442140406,0.0213722405433892,0.0768162488310722,0.0855066989376476,0.028949986473388,0.078517188097326,0.0352600554283951,0.133180005012158,0.0576621446528143,0.0938237406722075,0.149413620086602,0.0243496581348269,0.0263570208527661,0.138787511882632,0.0561095354813604,0.142405165493477,0.00545443487358116,0.00387046287941602,0.0810756604958227,0.0646741112671959,0.11261995191773,0.122801542258124,0.0166033669266841,0.118565503049417,0.0560705111007108,0.100793557625172,0.120176236996003,0.108723108780933,0.0473373690097649,0.081263843163273,0.134069794425883,0.115397519364607,0.103855775133239,0.132003021002287,0.00912771833797503,0.11021278882998,0.0354592014767209,0.13591236621961,0.105069442745746,0.0163121258086697,0.0698568258715394,0.0871400706903817,0.0999840654251836,0.107358849923936,0.0633790324012829,0.00875183355690415,0.177521149777428,0.0149379171112951,0.13166774270152,0.052223584593764,0.125853047904284,0.120474892656819,0.123166480403986,0.0893521244336178,0.100293297889775,0.111832123096146,0.114307959269101,0.113304821579668,0.113570232141668,0.0469742479185096,0.137083332873436,0.0037685114215926,0.00881942705826146,0.00488910403649713,0.0977017792178283,0.107647331862873,0.136672693752383,0.0739605382672816,0.0980067963897421,0.0209004484512226,0.0377279546911404,0.114406778424105,0.00493928441126774,0.0703960440897311,0.142196158855503,0.149064247128397,0.125399478438688,0.0994833722105467,0.119843834682736,0.165154967808461,0.0884581740681953,0.118301152316762,0.00989212436008206,0.112345641863495,0.107101884846468,0.067839737968361,0.0337558427203177,0.0570738913459299,0.101061897846393,0.0887936067394823,0.110854972731076,0.11502965584202,0.0735900897062202,0.131719260424985,0.0520149809976125,0.0860089068463086,0.0888933464417472,0.00231315039944783,0.132034186875538,1,0.0970389244596852,0.0694332599407248,0.0686444171592916
"X.Ruminococcus._gnavus_group",0.0454344820822039,0.104716963161338,0.0268326932155112,0.0241973685153706,0.00692883342012876,0.0376120931152198,0.00256056795756354,0.0143381322289966,0.0618384318641726,0.0763494179739848,0.0123904356424121,0.0648427692444589,0.00529007286627657,0.0626462307095954,0.0723308119443764,0.0191804125961046,0.041309202017726,0.00792956488058899,0.0239834388254187,0.0115106414310513,0.00606494533929215,0.0086979299140611,0.0316544977599586,0.0932397158831164,0.0307235963471543,0.0796040862700658,0.015224055971546,0.080966507820842,0.0222288546238211,0.0240213404921232,0.0759549666690505,0.041392140749178,0.102503979915901,0.101451085902452,0.0902610254372648,0.0331041305465462,0.0500052569927656,0.0408039215912258,0.0297304093343905,0.105325754010525,0.0180430134307612,0.0326351108232116,0.0691694717395786,0.0376233446718484,0.0115538814060743,0.0240364928437379,0.0484760342682463,0.0489119533347276,0.0137012609822646,0.0329763854070256,0.0204422979727371,0.0690280982179821,0.0372643831818189,0.0570270347696313,0.0931989725702196,0.0131955954971295,0.0135515062704775,0.0720633544155808,0.0249649796367674,0.0810851646786133,0.00162125467989372,0.00131714643079243,0.0254393810413073,0.0240887091449982,0.0690255390211591,0.069581088762119,0.0104470615745467,0.0462340852706983,0.0174784532242399,0.0895376134704222,0.0893769330857584,0.0871454908184343,0.0170413525316867,0.0425591774926203,0.116856692954487,0.0803833135285489,0.0741859384376164,0.0714377986298937,0.00341727696496523,0.0389976295867002,0.0155315798486582,0.115263278091464,0.0429098276396111,0.0114743506366682,0.035951879350026,0.0457361814447125,0.0706098948688352,0.083093399415758,0.0237412015470243,0.0110082882268466,0.0996184943696397,0.00643013530541367,0.0574655212454777,0.0291347019250368,0.0814744242095272,0.0622689426785358,0.0744427300129284,0.0552645375112702,0.060276528269204,0.0522825246039935,0.0588951468898271,0.0540266370099242,0.0437682646968558,0.0212232849707998,0.0748478318176822,0.00111518323626045,0.00239580537088256,0.00156342771976596,0.0381390301265395,0.080489359614693,0.0960531873371231,0.0389167588100307,0.0688838197732028,0.0135993859525598,0.0201082204949583,0.0860094081041187,0.00154573982701067,0.0345842089398202,0.102092658448123,0.0999428935518595,0.0992112827314836,0.0613767770164661,0.0832937320628954,0.095920884790889,0.0244350675020759,0.0600307204341099,0.00929981441924734,0.0586346079130468,0.0374506932510029,0.0186648240766646,0.0105995629872364,0.0235280877861261,0.0741022165781578,0.0559086495072778,0.036313512629425,0.0685519033827737,0.0452576338003701,0.069153135312176,0.0244959499235413,0.0442067548658764,0.0552722764397592,0.000851908333833003,0.0909763234422553,0.0970389244596852,1,0.04199822720258,0.0387748593219888
"X.Ruminococcus._torques_group",0.0565888026728492,0.0872735932445888,0.0163812128948978,0.0557893205107431,0.0207625589221581,0.0238285503738024,0.00157301550084165,0.0425838483456305,0.066566979915733,0.03301038350962,0.0416011575009139,0.0529276156778457,0.00285728915995766,0.0543352330231077,0.0372535205457863,0.0555918251348861,0.0642953800346496,0.0381594336197249,0.0141620428869769,0.0341452335507751,0.00401076393372045,0.0132072754048221,0.0722688976097428,0.0561976784365134,0.0264852211796085,0.0980681262292169,0.00876717530301705,0.101327367372508,0.0152848097939713,0.0760200028222417,0.0630942027251291,0.0309594078605629,0.0944118464105359,0.0549398889839605,0.0772413777231497,0.0687230992504133,0.0430644168113622,0.104278157979679,0.0682998138262198,0.0749022601143195,0.055391667976918,0.0547533066193686,0.0869081220443806,0.0565816475383351,0.00922460431498574,0.0175418178336741,0.0939368854989444,0.082278658081917,0.0173523376815182,0.0619438173691838,0.0412273822731963,0.0669660182139254,0.0371832798038314,0.0697677675436226,0.128855727307454,0.0188170111840059,0.0573774516497438,0.0463252588443709,0.0580201619673004,0.0819852292618674,0.00197911284410894,0.00068610593650328,0.0145975159454167,0.0560103392811492,0.0857699710250368,0.0354475326532526,0.0172612180871952,0.0305789516372681,0.00921304265692147,0.0647633311860226,0.0952190147351212,0.0698505184135317,0.0231860566257388,0.0540033665139775,0.071719488527464,0.0410320001179104,0.0422860165950646,0.0373587788539746,0.0123219221666313,0.0492269068325376,0.052239570341969,0.127346782977117,0.0317542448383908,0.0317025194851187,0.0618247977180717,0.0338029483330492,0.0659923269641272,0.108014234746401,0.0149931407745016,0.00898802439614464,0.100742751057161,0.00316998005959506,0.0274464711274589,0.0217264190369531,0.0391346862750126,0.033090469838401,0.0678308921655326,0.0647032389756083,0.0595985969793205,0.0204101766535334,0.0243657310313182,0.0359566531341519,0.0216643201822139,0.0548140036754972,0.0314892188480383,0.000697507086585189,0.00207518160483952,0.00118115572929354,0.0599048175385999,0.118218009941435,0.0826581352352534,0.0693100659210487,0.0733698867886556,0.0228703702456202,0.0598644729618693,0.0434288660503234,0.00170555029883918,0.0471372447593323,0.0812660662593392,0.132221338781446,0.0446024819928245,0.0750926400708717,0.0408941701060172,0.087302168726991,0.0134476633684101,0.0266529871151334,0.00592403480842568,0.0491060093195747,0.0166581469393286,0.0102331222001648,0.00691375297834997,0.0442788343583082,0.105107053534871,0.0656395978940737,0.0248254067363145,0.0939779664440056,0.0921731530064119,0.0711504508081186,0.0699474964093121,0.0769251381248518,0.0809769506595689,0.000555916948656761,0.0763496027776962,0.0694332599407248,0.04199822720258,1,0.0720259255463951
"dgA.11_gut_group",0.0744205245380548,0.103082190860286,0.0241503912722997,0.0707772941954738,0.0283100803465368,0.0272916549971465,0.00168543041180749,0.0591680097825711,0.071912801188559,0.0349011757495131,0.0547299840145029,0.0558618944884611,0.00282874665941591,0.0581643944809898,0.0378689188850017,0.0691758812543382,0.071411775594001,0.0486032758195014,0.0167493132471534,0.0482256699495347,0.00328945550694569,0.0151312301160445,0.0775803863830385,0.0587652111587526,0.0401114340758795,0.0611335270382434,0.0139026450526476,0.0862130057147396,0.0180157788860668,0.088757301548226,0.0660886792732282,0.041924984961166,0.0999804962083349,0.0610642676967357,0.0816300211232098,0.0881641308519125,0.0467643950898518,0.113073403635155,0.0859365022355116,0.0580334652728076,0.0582797190386762,0.0730064084843035,0.0916121457642823,0.0723696176445633,0.00995625865676481,0.026319977864092,0.106667493318751,0.0600092301142515,0.0167512239573491,0.0562527812020778,0.0496488152487899,0.0734721322155539,0.0508005725702842,0.0633548484550026,0.135428494753434,0.0254657149610986,0.0696197472872173,0.0451013859885084,0.0747529892168973,0.068385263951324,0.0022472876127763,0.00059440230509804,0.0173236501327197,0.0670408898378211,0.0978142569594808,0.0375323931218016,0.0235283787183909,0.0415552069597056,0.00953216148430417,0.0692920260172957,0.115135767688102,0.0867793138574709,0.0377414206680851,0.0563513074328431,0.0653979702740452,0.0432056430086748,0.0427664614143941,0.0457151550691118,0.0112233800401775,0.0412457388515977,0.0687797100953383,0.117883257623268,0.0415757900772669,0.0455653973237706,0.0611005666892078,0.042901172622344,0.0828487895416379,0.111383047306075,0.0148132116510615,0.0140021965258345,0.103367656487592,0.00338043568090858,0.0344872908540905,0.0285278250108823,0.0364953834947745,0.0355712446531786,0.0829133007064953,0.0574129207702526,0.0533769843133632,0.022288579208434,0.0264841658830189,0.0417964135758423,0.0257969716944649,0.0701644527641921,0.038092371291242,0.000709772899770367,0.00268839996020669,0.00126644003260444,0.0657764906531931,0.12986145750467,0.0896788059127458,0.0744111723501242,0.0892639584848896,0.0359145960853405,0.0918752057749238,0.0427888443736744,0.00236071386003595,0.0760539559805004,0.0769972210693369,0.141932448707769,0.042109062156282,0.0819909283757829,0.041349548123079,0.0908935038464324,0.0163365821070694,0.0322202430132681,0.00663341669334488,0.0610976832396594,0.0189025068205622,0.0124802411876986,0.00733185630557321,0.0581390914087115,0.1033814623364,0.0706952500048057,0.0234498030948044,0.0960876414713882,0.0910958031541375,0.080418244696323,0.0622889076906372,0.068371418826769,0.103150412168622,0.000440594743621313,0.0852480822217759,0.0686444171592916,0.0387748593219888,0.0720259255463951,1
